ISO-10303-21;
HEADER;
FILE_DESCRIPTION(('KiCad electronic assembly'),'2;1');
FILE_NAME('moTi.step','2026-06-02T04:57:31',('Pcbnew'),('Kicad'),
  'Open CASCADE STEP processor 7.9','KiCad to STEP converter','Unknown'
  );
FILE_SCHEMA(('AUTOMOTIVE_DESIGN { 1 0 10303 214 1 1 1 1 }'));
ENDSEC;
DATA;
#1 = APPLICATION_PROTOCOL_DEFINITION('international standard',
  'automotive_design',2000,#2);
#2 = APPLICATION_CONTEXT(
  'core data for automotive mechanical design processes');
#3 = SHAPE_DEFINITION_REPRESENTATION(#4,#10);
#4 = PRODUCT_DEFINITION_SHAPE('','',#5);
#5 = PRODUCT_DEFINITION('design','',#6,#9);
#6 = PRODUCT_DEFINITION_FORMATION('','',#7);
#7 = PRODUCT('moTi 1','moTi 1','',(#8));
#8 = PRODUCT_CONTEXT('',#2,'mechanical');
#9 = PRODUCT_DEFINITION_CONTEXT('part definition',#2,'design');
#10 = SHAPE_REPRESENTATION('',(#11,#15,#19,#23,#27,#31,#35,#39,#43,#47,
    #51,#55,#59,#63,#67,#71,#75,#79),#83);
#11 = AXIS2_PLACEMENT_3D('',#12,#13,#14);
#12 = CARTESIAN_POINT('',(0.,0.,0.));
#13 = DIRECTION('',(0.,0.,1.));
#14 = DIRECTION('',(1.,0.,-0.));
#15 = AXIS2_PLACEMENT_3D('',#16,#17,#18);
#16 = CARTESIAN_POINT('',(91.735,-134.37,0.905));
#17 = DIRECTION('',(0.,0.,1.));
#18 = DIRECTION('',(1.,0.,0.));
#19 = AXIS2_PLACEMENT_3D('',#20,#21,#22);
#20 = CARTESIAN_POINT('',(96.72,-106.23,0.905));
#21 = DIRECTION('',(0.,-0.,1.));
#22 = DIRECTION('',(1.110223024625E-16,1.,0.));
#23 = AXIS2_PLACEMENT_3D('',#24,#25,#26);
#24 = CARTESIAN_POINT('',(95.85,-108.545,0.905));
#25 = DIRECTION('',(-0.,0.,1.));
#26 = DIRECTION('',(1.110223024625E-16,-1.,0.));
#27 = AXIS2_PLACEMENT_3D('',#28,#29,#30);
#28 = CARTESIAN_POINT('',(91.735,-135.35,0.905));
#29 = DIRECTION('',(0.,0.,1.));
#30 = DIRECTION('',(-1.,1.224646799147E-16,0.));
#31 = AXIS2_PLACEMENT_3D('',#32,#33,#34);
#32 = CARTESIAN_POINT('',(90.71,-105.97,0.905));
#33 = DIRECTION('',(0.,-0.,1.));
#34 = DIRECTION('',(1.110223024625E-16,1.,0.));
#35 = AXIS2_PLACEMENT_3D('',#36,#37,#38);
#36 = CARTESIAN_POINT('',(87.285,-134.515,0.905));
#37 = DIRECTION('',(0.,0.,1.));
#38 = DIRECTION('',(-1.,1.224646799147E-16,0.));
#39 = AXIS2_PLACEMENT_3D('',#40,#41,#42);
#40 = CARTESIAN_POINT('',(100.43,-108.95,0.905));
#41 = DIRECTION('',(0.,0.,1.));
#42 = DIRECTION('',(-1.,1.224646799147E-16,0.));
#43 = AXIS2_PLACEMENT_3D('',#44,#45,#46);
#44 = CARTESIAN_POINT('',(97.73,-106.23,0.905));
#45 = DIRECTION('',(0.,-0.,1.));
#46 = DIRECTION('',(1.110223024625E-16,1.,0.));
#47 = AXIS2_PLACEMENT_3D('',#48,#49,#50);
#48 = CARTESIAN_POINT('',(101.475,-106.5,0.905));
#49 = DIRECTION('',(0.,-0.,1.));
#50 = DIRECTION('',(1.110223024625E-16,1.,0.));
#51 = AXIS2_PLACEMENT_3D('',#52,#53,#54);
#52 = CARTESIAN_POINT('',(90.55,-108.49,0.905));
#53 = DIRECTION('',(0.,-0.,1.));
#54 = DIRECTION('',(1.110223024625E-16,1.,0.));
#55 = AXIS2_PLACEMENT_3D('',#56,#57,#58);
#56 = CARTESIAN_POINT('',(95.72,-106.21,0.905));
#57 = DIRECTION('',(0.,-0.,1.));
#58 = DIRECTION('',(1.110223024625E-16,1.,0.));
#59 = AXIS2_PLACEMENT_3D('',#60,#61,#62);
#60 = CARTESIAN_POINT('',(92.49,-104.44,0.905));
#61 = DIRECTION('',(0.,0.,1.));
#62 = DIRECTION('',(1.,0.,0.));
#63 = AXIS2_PLACEMENT_3D('',#64,#65,#66);
#64 = CARTESIAN_POINT('',(89.45,-134.04,0.905));
#65 = DIRECTION('',(-0.,0.,1.));
#66 = DIRECTION('',(1.110223024625E-16,-1.,0.));
#67 = AXIS2_PLACEMENT_3D('',#68,#69,#70);
#68 = CARTESIAN_POINT('',(92.22,-108.69,0.905));
#69 = DIRECTION('',(0.,-0.,1.));
#70 = DIRECTION('',(1.110223024625E-16,1.,0.));
#71 = AXIS2_PLACEMENT_3D('',#72,#73,#74);
#72 = CARTESIAN_POINT('',(87.5,-136.29,0.905));
#73 = DIRECTION('',(0.,0.,1.));
#74 = DIRECTION('',(1.,0.,0.));
#75 = AXIS2_PLACEMENT_3D('',#76,#77,#78);
#76 = CARTESIAN_POINT('',(94.88,-104.46,0.905));
#77 = DIRECTION('',(0.,0.,1.));
#78 = DIRECTION('',(-1.,1.224646799147E-16,0.));
#79 = AXIS2_PLACEMENT_3D('',#80,#81,#82);
#80 = CARTESIAN_POINT('',(0.,0.,0.));
#81 = DIRECTION('',(0.,0.,1.));
#82 = DIRECTION('',(1.,0.,-0.));
#83 = ( GEOMETRIC_REPRESENTATION_CONTEXT(3) 
GLOBAL_UNCERTAINTY_ASSIGNED_CONTEXT((#87)) GLOBAL_UNIT_ASSIGNED_CONTEXT(
(#84,#85,#86)) REPRESENTATION_CONTEXT('Context #1',
  '3D Context with UNIT and UNCERTAINTY') );
#84 = ( LENGTH_UNIT() NAMED_UNIT(*) SI_UNIT(.MILLI.,.METRE.) );
#85 = ( NAMED_UNIT(*) PLANE_ANGLE_UNIT() SI_UNIT($,.RADIAN.) );
#86 = ( NAMED_UNIT(*) SI_UNIT($,.STERADIAN.) SOLID_ANGLE_UNIT() );
#87 = UNCERTAINTY_MEASURE_WITH_UNIT(LENGTH_MEASURE(1.E-07),#84,
  'distance_accuracy_value','confusion accuracy');
#88 = PRODUCT_RELATED_PRODUCT_CATEGORY('part',$,(#7));
#89 = SHAPE_DEFINITION_REPRESENTATION(#90,#96);
#90 = PRODUCT_DEFINITION_SHAPE('','',#91);
#91 = PRODUCT_DEFINITION('design','',#92,#95);
#92 = PRODUCT_DEFINITION_FORMATION('','',#93);
#93 = PRODUCT('R_0402_1005Metric','R_0402_1005Metric','',(#94));
#94 = PRODUCT_CONTEXT('',#2,'mechanical');
#95 = PRODUCT_DEFINITION_CONTEXT('part definition',#2,'design');
#96 = ADVANCED_BREP_SHAPE_REPRESENTATION('',(#11,#97),#887);
#97 = MANIFOLD_SOLID_BREP('',#98);
#98 = CLOSED_SHELL('',(#99,#139,#222,#247,#272,#339,#356,#373,#422,#439,
    #456,#505,#522,#591,#622,#646,#715,#739,#756,#773,#790,#807,#824,
    #841,#858,#875));
#99 = ADVANCED_FACE('',(#100),#134,.F.);
#100 = FACE_BOUND('',#101,.F.);
#101 = EDGE_LOOP('',(#102,#112,#120,#128));
#102 = ORIENTED_EDGE('',*,*,#103,.F.);
#103 = EDGE_CURVE('',#104,#106,#108,.T.);
#104 = VERTEX_POINT('',#105);
#105 = CARTESIAN_POINT('',(-0.5,-0.25,3.5E-02));
#106 = VERTEX_POINT('',#107);
#107 = CARTESIAN_POINT('',(-0.5,-0.25,0.315));
#108 = LINE('',#109,#110);
#109 = CARTESIAN_POINT('',(-0.5,-0.25,0.));
#110 = VECTOR('',#111,1.);
#111 = DIRECTION('',(0.,0.,1.));
#112 = ORIENTED_EDGE('',*,*,#113,.T.);
#113 = EDGE_CURVE('',#104,#114,#116,.T.);
#114 = VERTEX_POINT('',#115);
#115 = CARTESIAN_POINT('',(-0.5,0.25,3.5E-02));
#116 = LINE('',#117,#118);
#117 = CARTESIAN_POINT('',(-0.5,-0.25,3.5E-02));
#118 = VECTOR('',#119,1.);
#119 = DIRECTION('',(0.,1.,0.));
#120 = ORIENTED_EDGE('',*,*,#121,.T.);
#121 = EDGE_CURVE('',#114,#122,#124,.T.);
#122 = VERTEX_POINT('',#123);
#123 = CARTESIAN_POINT('',(-0.5,0.25,0.315));
#124 = LINE('',#125,#126);
#125 = CARTESIAN_POINT('',(-0.5,0.25,0.));
#126 = VECTOR('',#127,1.);
#127 = DIRECTION('',(0.,0.,1.));
#128 = ORIENTED_EDGE('',*,*,#129,.F.);
#129 = EDGE_CURVE('',#106,#122,#130,.T.);
#130 = LINE('',#131,#132);
#131 = CARTESIAN_POINT('',(-0.5,-0.25,0.315));
#132 = VECTOR('',#133,1.);
#133 = DIRECTION('',(0.,1.,0.));
#134 = PLANE('',#135);
#135 = AXIS2_PLACEMENT_3D('',#136,#137,#138);
#136 = CARTESIAN_POINT('',(-0.5,-0.25,0.));
#137 = DIRECTION('',(1.,0.,0.));
#138 = DIRECTION('',(0.,0.,1.));
#139 = ADVANCED_FACE('',(#140),#217,.F.);
#140 = FACE_BOUND('',#141,.F.);
#141 = EDGE_LOOP('',(#142,#152,#159,#160,#169,#177,#186,#194,#202,#210)
  );
#142 = ORIENTED_EDGE('',*,*,#143,.F.);
#143 = EDGE_CURVE('',#144,#146,#148,.T.);
#144 = VERTEX_POINT('',#145);
#145 = CARTESIAN_POINT('',(-0.465,-0.25,-2.775557561563E-17));
#146 = VERTEX_POINT('',#147);
#147 = CARTESIAN_POINT('',(-0.335,-0.25,-2.775557561563E-17));
#148 = LINE('',#149,#150);
#149 = CARTESIAN_POINT('',(-0.5,-0.25,0.));
#150 = VECTOR('',#151,1.);
#151 = DIRECTION('',(1.,0.,0.));
#152 = ORIENTED_EDGE('',*,*,#153,.F.);
#153 = EDGE_CURVE('',#104,#144,#154,.T.);
#154 = CIRCLE('',#155,3.5E-02);
#155 = AXIS2_PLACEMENT_3D('',#156,#157,#158);
#156 = CARTESIAN_POINT('',(-0.465,-0.25,3.5E-02));
#157 = DIRECTION('',(0.,-1.,0.));
#158 = DIRECTION('',(0.,0.,1.));
#159 = ORIENTED_EDGE('',*,*,#103,.T.);
#160 = ORIENTED_EDGE('',*,*,#161,.T.);
#161 = EDGE_CURVE('',#106,#162,#164,.T.);
#162 = VERTEX_POINT('',#163);
#163 = CARTESIAN_POINT('',(-0.465,-0.25,0.35));
#164 = CIRCLE('',#165,3.5E-02);
#165 = AXIS2_PLACEMENT_3D('',#166,#167,#168);
#166 = CARTESIAN_POINT('',(-0.465,-0.25,0.315));
#167 = DIRECTION('',(0.,1.,0.));
#168 = DIRECTION('',(0.,-0.,1.));
#169 = ORIENTED_EDGE('',*,*,#170,.T.);
#170 = EDGE_CURVE('',#162,#171,#173,.T.);
#171 = VERTEX_POINT('',#172);
#172 = CARTESIAN_POINT('',(-0.335,-0.25,0.35));
#173 = LINE('',#174,#175);
#174 = CARTESIAN_POINT('',(-0.5,-0.25,0.35));
#175 = VECTOR('',#176,1.);
#176 = DIRECTION('',(1.,0.,0.));
#177 = ORIENTED_EDGE('',*,*,#178,.F.);
#178 = EDGE_CURVE('',#179,#171,#181,.T.);
#179 = VERTEX_POINT('',#180);
#180 = CARTESIAN_POINT('',(-0.3,-0.25,0.315));
#181 = CIRCLE('',#182,3.5E-02);
#182 = AXIS2_PLACEMENT_3D('',#183,#184,#185);
#183 = CARTESIAN_POINT('',(-0.335,-0.25,0.315));
#184 = DIRECTION('',(0.,-1.,0.));
#185 = DIRECTION('',(0.,0.,1.));
#186 = ORIENTED_EDGE('',*,*,#187,.F.);
#187 = EDGE_CURVE('',#188,#179,#190,.T.);
#188 = VERTEX_POINT('',#189);
#189 = CARTESIAN_POINT('',(-0.465,-0.25,0.315));
#190 = LINE('',#191,#192);
#191 = CARTESIAN_POINT('',(-0.465,-0.25,0.315));
#192 = VECTOR('',#193,1.);
#193 = DIRECTION('',(1.,0.,0.));
#194 = ORIENTED_EDGE('',*,*,#195,.F.);
#195 = EDGE_CURVE('',#196,#188,#198,.T.);
#196 = VERTEX_POINT('',#197);
#197 = CARTESIAN_POINT('',(-0.465,-0.25,3.5E-02));
#198 = LINE('',#199,#200);
#199 = CARTESIAN_POINT('',(-0.465,-0.25,3.5E-02));
#200 = VECTOR('',#201,1.);
#201 = DIRECTION('',(0.,0.,1.));
#202 = ORIENTED_EDGE('',*,*,#203,.T.);
#203 = EDGE_CURVE('',#196,#204,#206,.T.);
#204 = VERTEX_POINT('',#205);
#205 = CARTESIAN_POINT('',(-0.3,-0.25,3.5E-02));
#206 = LINE('',#207,#208);
#207 = CARTESIAN_POINT('',(-0.465,-0.25,3.5E-02));
#208 = VECTOR('',#209,1.);
#209 = DIRECTION('',(1.,0.,0.));
#210 = ORIENTED_EDGE('',*,*,#211,.T.);
#211 = EDGE_CURVE('',#204,#146,#212,.T.);
#212 = CIRCLE('',#213,3.5E-02);
#213 = AXIS2_PLACEMENT_3D('',#214,#215,#216);
#214 = CARTESIAN_POINT('',(-0.335,-0.25,3.5E-02));
#215 = DIRECTION('',(0.,1.,0.));
#216 = DIRECTION('',(0.,-0.,1.));
#217 = PLANE('',#218);
#218 = AXIS2_PLACEMENT_3D('',#219,#220,#221);
#219 = CARTESIAN_POINT('',(-0.5,-0.25,0.));
#220 = DIRECTION('',(0.,1.,0.));
#221 = DIRECTION('',(0.,-0.,1.));
#222 = ADVANCED_FACE('',(#223),#242,.T.);
#223 = FACE_BOUND('',#224,.T.);
#224 = EDGE_LOOP('',(#225,#226,#235,#241));
#225 = ORIENTED_EDGE('',*,*,#113,.T.);
#226 = ORIENTED_EDGE('',*,*,#227,.T.);
#227 = EDGE_CURVE('',#114,#228,#230,.T.);
#228 = VERTEX_POINT('',#229);
#229 = CARTESIAN_POINT('',(-0.465,0.25,-2.775557561563E-17));
#230 = CIRCLE('',#231,3.5E-02);
#231 = AXIS2_PLACEMENT_3D('',#232,#233,#234);
#232 = CARTESIAN_POINT('',(-0.465,0.25,3.5E-02));
#233 = DIRECTION('',(0.,-1.,0.));
#234 = DIRECTION('',(0.,0.,1.));
#235 = ORIENTED_EDGE('',*,*,#236,.F.);
#236 = EDGE_CURVE('',#144,#228,#237,.T.);
#237 = LINE('',#238,#239);
#238 = CARTESIAN_POINT('',(-0.465,-0.25,-2.775557561563E-17));
#239 = VECTOR('',#240,1.);
#240 = DIRECTION('',(0.,1.,0.));
#241 = ORIENTED_EDGE('',*,*,#153,.F.);
#242 = CYLINDRICAL_SURFACE('',#243,3.5E-02);
#243 = AXIS2_PLACEMENT_3D('',#244,#245,#246);
#244 = CARTESIAN_POINT('',(-0.465,-0.25,3.5E-02));
#245 = DIRECTION('',(0.,1.,0.));
#246 = DIRECTION('',(-1.,0.,0.));
#247 = ADVANCED_FACE('',(#248),#267,.T.);
#248 = FACE_BOUND('',#249,.T.);
#249 = EDGE_LOOP('',(#250,#251,#259,#266));
#250 = ORIENTED_EDGE('',*,*,#161,.T.);
#251 = ORIENTED_EDGE('',*,*,#252,.T.);
#252 = EDGE_CURVE('',#162,#253,#255,.T.);
#253 = VERTEX_POINT('',#254);
#254 = CARTESIAN_POINT('',(-0.465,0.25,0.35));
#255 = LINE('',#256,#257);
#256 = CARTESIAN_POINT('',(-0.465,-0.25,0.35));
#257 = VECTOR('',#258,1.);
#258 = DIRECTION('',(0.,1.,0.));
#259 = ORIENTED_EDGE('',*,*,#260,.F.);
#260 = EDGE_CURVE('',#122,#253,#261,.T.);
#261 = CIRCLE('',#262,3.5E-02);
#262 = AXIS2_PLACEMENT_3D('',#263,#264,#265);
#263 = CARTESIAN_POINT('',(-0.465,0.25,0.315));
#264 = DIRECTION('',(0.,1.,0.));
#265 = DIRECTION('',(0.,-0.,1.));
#266 = ORIENTED_EDGE('',*,*,#129,.F.);
#267 = CYLINDRICAL_SURFACE('',#268,3.5E-02);
#268 = AXIS2_PLACEMENT_3D('',#269,#270,#271);
#269 = CARTESIAN_POINT('',(-0.465,-0.25,0.315));
#270 = DIRECTION('',(0.,1.,0.));
#271 = DIRECTION('',(-1.,0.,0.));
#272 = ADVANCED_FACE('',(#273),#334,.T.);
#273 = FACE_BOUND('',#274,.T.);
#274 = EDGE_LOOP('',(#275,#283,#284,#285,#286,#294,#303,#311,#319,#327)
  );
#275 = ORIENTED_EDGE('',*,*,#276,.F.);
#276 = EDGE_CURVE('',#228,#277,#279,.T.);
#277 = VERTEX_POINT('',#278);
#278 = CARTESIAN_POINT('',(-0.335,0.25,-2.775557561563E-17));
#279 = LINE('',#280,#281);
#280 = CARTESIAN_POINT('',(-0.5,0.25,0.));
#281 = VECTOR('',#282,1.);
#282 = DIRECTION('',(1.,0.,0.));
#283 = ORIENTED_EDGE('',*,*,#227,.F.);
#284 = ORIENTED_EDGE('',*,*,#121,.T.);
#285 = ORIENTED_EDGE('',*,*,#260,.T.);
#286 = ORIENTED_EDGE('',*,*,#287,.T.);
#287 = EDGE_CURVE('',#253,#288,#290,.T.);
#288 = VERTEX_POINT('',#289);
#289 = CARTESIAN_POINT('',(-0.335,0.25,0.35));
#290 = LINE('',#291,#292);
#291 = CARTESIAN_POINT('',(-0.5,0.25,0.35));
#292 = VECTOR('',#293,1.);
#293 = DIRECTION('',(1.,0.,0.));
#294 = ORIENTED_EDGE('',*,*,#295,.F.);
#295 = EDGE_CURVE('',#296,#288,#298,.T.);
#296 = VERTEX_POINT('',#297);
#297 = CARTESIAN_POINT('',(-0.3,0.25,0.315));
#298 = CIRCLE('',#299,3.5E-02);
#299 = AXIS2_PLACEMENT_3D('',#300,#301,#302);
#300 = CARTESIAN_POINT('',(-0.335,0.25,0.315));
#301 = DIRECTION('',(0.,-1.,0.));
#302 = DIRECTION('',(0.,0.,1.));
#303 = ORIENTED_EDGE('',*,*,#304,.F.);
#304 = EDGE_CURVE('',#305,#296,#307,.T.);
#305 = VERTEX_POINT('',#306);
#306 = CARTESIAN_POINT('',(-0.465,0.25,0.315));
#307 = LINE('',#308,#309);
#308 = CARTESIAN_POINT('',(-0.465,0.25,0.315));
#309 = VECTOR('',#310,1.);
#310 = DIRECTION('',(1.,0.,0.));
#311 = ORIENTED_EDGE('',*,*,#312,.F.);
#312 = EDGE_CURVE('',#313,#305,#315,.T.);
#313 = VERTEX_POINT('',#314);
#314 = CARTESIAN_POINT('',(-0.465,0.25,3.5E-02));
#315 = LINE('',#316,#317);
#316 = CARTESIAN_POINT('',(-0.465,0.25,3.5E-02));
#317 = VECTOR('',#318,1.);
#318 = DIRECTION('',(0.,0.,1.));
#319 = ORIENTED_EDGE('',*,*,#320,.T.);
#320 = EDGE_CURVE('',#313,#321,#323,.T.);
#321 = VERTEX_POINT('',#322);
#322 = CARTESIAN_POINT('',(-0.3,0.25,3.5E-02));
#323 = LINE('',#324,#325);
#324 = CARTESIAN_POINT('',(-0.465,0.25,3.5E-02));
#325 = VECTOR('',#326,1.);
#326 = DIRECTION('',(1.,0.,0.));
#327 = ORIENTED_EDGE('',*,*,#328,.T.);
#328 = EDGE_CURVE('',#321,#277,#329,.T.);
#329 = CIRCLE('',#330,3.5E-02);
#330 = AXIS2_PLACEMENT_3D('',#331,#332,#333);
#331 = CARTESIAN_POINT('',(-0.335,0.25,3.5E-02));
#332 = DIRECTION('',(0.,1.,0.));
#333 = DIRECTION('',(0.,-0.,1.));
#334 = PLANE('',#335);
#335 = AXIS2_PLACEMENT_3D('',#336,#337,#338);
#336 = CARTESIAN_POINT('',(-0.5,0.25,0.));
#337 = DIRECTION('',(0.,1.,0.));
#338 = DIRECTION('',(0.,-0.,1.));
#339 = ADVANCED_FACE('',(#340),#351,.F.);
#340 = FACE_BOUND('',#341,.F.);
#341 = EDGE_LOOP('',(#342,#343,#344,#345));
#342 = ORIENTED_EDGE('',*,*,#276,.F.);
#343 = ORIENTED_EDGE('',*,*,#236,.F.);
#344 = ORIENTED_EDGE('',*,*,#143,.T.);
#345 = ORIENTED_EDGE('',*,*,#346,.T.);
#346 = EDGE_CURVE('',#146,#277,#347,.T.);
#347 = LINE('',#348,#349);
#348 = CARTESIAN_POINT('',(-0.335,-0.25,-2.775557561563E-17));
#349 = VECTOR('',#350,1.);
#350 = DIRECTION('',(0.,1.,0.));
#351 = PLANE('',#352);
#352 = AXIS2_PLACEMENT_3D('',#353,#354,#355);
#353 = CARTESIAN_POINT('',(-0.5,-0.25,0.));
#354 = DIRECTION('',(0.,0.,1.));
#355 = DIRECTION('',(1.,0.,-0.));
#356 = ADVANCED_FACE('',(#357),#368,.T.);
#357 = FACE_BOUND('',#358,.T.);
#358 = EDGE_LOOP('',(#359,#360,#361,#362));
#359 = ORIENTED_EDGE('',*,*,#211,.T.);
#360 = ORIENTED_EDGE('',*,*,#346,.T.);
#361 = ORIENTED_EDGE('',*,*,#328,.F.);
#362 = ORIENTED_EDGE('',*,*,#363,.F.);
#363 = EDGE_CURVE('',#204,#321,#364,.T.);
#364 = LINE('',#365,#366);
#365 = CARTESIAN_POINT('',(-0.3,-0.25,3.5E-02));
#366 = VECTOR('',#367,1.);
#367 = DIRECTION('',(0.,1.,0.));
#368 = CYLINDRICAL_SURFACE('',#369,3.5E-02);
#369 = AXIS2_PLACEMENT_3D('',#370,#371,#372);
#370 = CARTESIAN_POINT('',(-0.335,-0.25,3.5E-02));
#371 = DIRECTION('',(0.,1.,0.));
#372 = DIRECTION('',(1.,0.,0.));
#373 = ADVANCED_FACE('',(#374),#417,.F.);
#374 = FACE_BOUND('',#375,.F.);
#375 = EDGE_LOOP('',(#376,#377,#378,#379,#387,#395,#403,#411));
#376 = ORIENTED_EDGE('',*,*,#203,.F.);
#377 = ORIENTED_EDGE('',*,*,#195,.T.);
#378 = ORIENTED_EDGE('',*,*,#187,.T.);
#379 = ORIENTED_EDGE('',*,*,#380,.T.);
#380 = EDGE_CURVE('',#179,#381,#383,.T.);
#381 = VERTEX_POINT('',#382);
#382 = CARTESIAN_POINT('',(0.3,-0.25,0.315));
#383 = LINE('',#384,#385);
#384 = CARTESIAN_POINT('',(-0.3,-0.25,0.315));
#385 = VECTOR('',#386,1.);
#386 = DIRECTION('',(1.,0.,0.));
#387 = ORIENTED_EDGE('',*,*,#388,.T.);
#388 = EDGE_CURVE('',#381,#389,#391,.T.);
#389 = VERTEX_POINT('',#390);
#390 = CARTESIAN_POINT('',(0.465,-0.25,0.315));
#391 = LINE('',#392,#393);
#392 = CARTESIAN_POINT('',(-0.465,-0.25,0.315));
#393 = VECTOR('',#394,1.);
#394 = DIRECTION('',(1.,0.,0.));
#395 = ORIENTED_EDGE('',*,*,#396,.F.);
#396 = EDGE_CURVE('',#397,#389,#399,.T.);
#397 = VERTEX_POINT('',#398);
#398 = CARTESIAN_POINT('',(0.465,-0.25,3.5E-02));
#399 = LINE('',#400,#401);
#400 = CARTESIAN_POINT('',(0.465,-0.25,3.5E-02));
#401 = VECTOR('',#402,1.);
#402 = DIRECTION('',(0.,0.,1.));
#403 = ORIENTED_EDGE('',*,*,#404,.F.);
#404 = EDGE_CURVE('',#405,#397,#407,.T.);
#405 = VERTEX_POINT('',#406);
#406 = CARTESIAN_POINT('',(0.3,-0.25,3.5E-02));
#407 = LINE('',#408,#409);
#408 = CARTESIAN_POINT('',(-0.465,-0.25,3.5E-02));
#409 = VECTOR('',#410,1.);
#410 = DIRECTION('',(1.,0.,0.));
#411 = ORIENTED_EDGE('',*,*,#412,.F.);
#412 = EDGE_CURVE('',#204,#405,#413,.T.);
#413 = LINE('',#414,#415);
#414 = CARTESIAN_POINT('',(-0.465,-0.25,3.5E-02));
#415 = VECTOR('',#416,1.);
#416 = DIRECTION('',(1.,0.,0.));
#417 = PLANE('',#418);
#418 = AXIS2_PLACEMENT_3D('',#419,#420,#421);
#419 = CARTESIAN_POINT('',(-0.465,-0.25,3.5E-02));
#420 = DIRECTION('',(0.,1.,0.));
#421 = DIRECTION('',(0.,-0.,1.));
#422 = ADVANCED_FACE('',(#423),#434,.T.);
#423 = FACE_BOUND('',#424,.T.);
#424 = EDGE_LOOP('',(#425,#426,#427,#428));
#425 = ORIENTED_EDGE('',*,*,#287,.F.);
#426 = ORIENTED_EDGE('',*,*,#252,.F.);
#427 = ORIENTED_EDGE('',*,*,#170,.T.);
#428 = ORIENTED_EDGE('',*,*,#429,.T.);
#429 = EDGE_CURVE('',#171,#288,#430,.T.);
#430 = LINE('',#431,#432);
#431 = CARTESIAN_POINT('',(-0.335,-0.25,0.35));
#432 = VECTOR('',#433,1.);
#433 = DIRECTION('',(0.,1.,0.));
#434 = PLANE('',#435);
#435 = AXIS2_PLACEMENT_3D('',#436,#437,#438);
#436 = CARTESIAN_POINT('',(-0.5,-0.25,0.35));
#437 = DIRECTION('',(0.,0.,1.));
#438 = DIRECTION('',(1.,0.,-0.));
#439 = ADVANCED_FACE('',(#440),#451,.T.);
#440 = FACE_BOUND('',#441,.T.);
#441 = EDGE_LOOP('',(#442,#448,#449,#450));
#442 = ORIENTED_EDGE('',*,*,#443,.T.);
#443 = EDGE_CURVE('',#179,#296,#444,.T.);
#444 = LINE('',#445,#446);
#445 = CARTESIAN_POINT('',(-0.3,-0.25,0.315));
#446 = VECTOR('',#447,1.);
#447 = DIRECTION('',(0.,1.,0.));
#448 = ORIENTED_EDGE('',*,*,#295,.T.);
#449 = ORIENTED_EDGE('',*,*,#429,.F.);
#450 = ORIENTED_EDGE('',*,*,#178,.F.);
#451 = CYLINDRICAL_SURFACE('',#452,3.5E-02);
#452 = AXIS2_PLACEMENT_3D('',#453,#454,#455);
#453 = CARTESIAN_POINT('',(-0.335,-0.25,0.315));
#454 = DIRECTION('',(0.,1.,0.));
#455 = DIRECTION('',(1.,0.,0.));
#456 = ADVANCED_FACE('',(#457),#500,.T.);
#457 = FACE_BOUND('',#458,.T.);
#458 = EDGE_LOOP('',(#459,#460,#461,#462,#470,#478,#486,#494));
#459 = ORIENTED_EDGE('',*,*,#320,.F.);
#460 = ORIENTED_EDGE('',*,*,#312,.T.);
#461 = ORIENTED_EDGE('',*,*,#304,.T.);
#462 = ORIENTED_EDGE('',*,*,#463,.T.);
#463 = EDGE_CURVE('',#296,#464,#466,.T.);
#464 = VERTEX_POINT('',#465);
#465 = CARTESIAN_POINT('',(0.3,0.25,0.315));
#466 = LINE('',#467,#468);
#467 = CARTESIAN_POINT('',(-0.3,0.25,0.315));
#468 = VECTOR('',#469,1.);
#469 = DIRECTION('',(1.,0.,0.));
#470 = ORIENTED_EDGE('',*,*,#471,.T.);
#471 = EDGE_CURVE('',#464,#472,#474,.T.);
#472 = VERTEX_POINT('',#473);
#473 = CARTESIAN_POINT('',(0.465,0.25,0.315));
#474 = LINE('',#475,#476);
#475 = CARTESIAN_POINT('',(-0.465,0.25,0.315));
#476 = VECTOR('',#477,1.);
#477 = DIRECTION('',(1.,0.,0.));
#478 = ORIENTED_EDGE('',*,*,#479,.F.);
#479 = EDGE_CURVE('',#480,#472,#482,.T.);
#480 = VERTEX_POINT('',#481);
#481 = CARTESIAN_POINT('',(0.465,0.25,3.5E-02));
#482 = LINE('',#483,#484);
#483 = CARTESIAN_POINT('',(0.465,0.25,3.5E-02));
#484 = VECTOR('',#485,1.);
#485 = DIRECTION('',(0.,0.,1.));
#486 = ORIENTED_EDGE('',*,*,#487,.F.);
#487 = EDGE_CURVE('',#488,#480,#490,.T.);
#488 = VERTEX_POINT('',#489);
#489 = CARTESIAN_POINT('',(0.3,0.25,3.5E-02));
#490 = LINE('',#491,#492);
#491 = CARTESIAN_POINT('',(-0.465,0.25,3.5E-02));
#492 = VECTOR('',#493,1.);
#493 = DIRECTION('',(1.,0.,0.));
#494 = ORIENTED_EDGE('',*,*,#495,.F.);
#495 = EDGE_CURVE('',#321,#488,#496,.T.);
#496 = LINE('',#497,#498);
#497 = CARTESIAN_POINT('',(-0.465,0.25,3.5E-02));
#498 = VECTOR('',#499,1.);
#499 = DIRECTION('',(1.,0.,0.));
#500 = PLANE('',#501);
#501 = AXIS2_PLACEMENT_3D('',#502,#503,#504);
#502 = CARTESIAN_POINT('',(-0.465,0.25,3.5E-02));
#503 = DIRECTION('',(0.,1.,0.));
#504 = DIRECTION('',(0.,-0.,1.));
#505 = ADVANCED_FACE('',(#506),#517,.F.);
#506 = FACE_BOUND('',#507,.F.);
#507 = EDGE_LOOP('',(#508,#509,#510,#516));
#508 = ORIENTED_EDGE('',*,*,#363,.F.);
#509 = ORIENTED_EDGE('',*,*,#412,.T.);
#510 = ORIENTED_EDGE('',*,*,#511,.T.);
#511 = EDGE_CURVE('',#405,#488,#512,.T.);
#512 = LINE('',#513,#514);
#513 = CARTESIAN_POINT('',(0.3,-0.25,3.5E-02));
#514 = VECTOR('',#515,1.);
#515 = DIRECTION('',(0.,1.,0.));
#516 = ORIENTED_EDGE('',*,*,#495,.F.);
#517 = PLANE('',#518);
#518 = AXIS2_PLACEMENT_3D('',#519,#520,#521);
#519 = CARTESIAN_POINT('',(-0.465,-0.25,3.5E-02));
#520 = DIRECTION('',(0.,0.,1.));
#521 = DIRECTION('',(1.,0.,-0.));
#522 = ADVANCED_FACE('',(#523),#586,.F.);
#523 = FACE_BOUND('',#524,.F.);
#524 = EDGE_LOOP('',(#525,#535,#542,#543,#544,#545,#554,#562,#571,#579)
  );
#525 = ORIENTED_EDGE('',*,*,#526,.F.);
#526 = EDGE_CURVE('',#527,#529,#531,.T.);
#527 = VERTEX_POINT('',#528);
#528 = CARTESIAN_POINT('',(0.335,-0.25,-2.775557561563E-17));
#529 = VERTEX_POINT('',#530);
#530 = CARTESIAN_POINT('',(0.465,-0.25,-2.775557561563E-17));
#531 = LINE('',#532,#533);
#532 = CARTESIAN_POINT('',(0.3,-0.25,0.));
#533 = VECTOR('',#534,1.);
#534 = DIRECTION('',(1.,0.,0.));
#535 = ORIENTED_EDGE('',*,*,#536,.F.);
#536 = EDGE_CURVE('',#405,#527,#537,.T.);
#537 = CIRCLE('',#538,3.5E-02);
#538 = AXIS2_PLACEMENT_3D('',#539,#540,#541);
#539 = CARTESIAN_POINT('',(0.335,-0.25,3.5E-02));
#540 = DIRECTION('',(0.,-1.,0.));
#541 = DIRECTION('',(0.,0.,1.));
#542 = ORIENTED_EDGE('',*,*,#404,.T.);
#543 = ORIENTED_EDGE('',*,*,#396,.T.);
#544 = ORIENTED_EDGE('',*,*,#388,.F.);
#545 = ORIENTED_EDGE('',*,*,#546,.T.);
#546 = EDGE_CURVE('',#381,#547,#549,.T.);
#547 = VERTEX_POINT('',#548);
#548 = CARTESIAN_POINT('',(0.335,-0.25,0.35));
#549 = CIRCLE('',#550,3.5E-02);
#550 = AXIS2_PLACEMENT_3D('',#551,#552,#553);
#551 = CARTESIAN_POINT('',(0.335,-0.25,0.315));
#552 = DIRECTION('',(0.,1.,0.));
#553 = DIRECTION('',(0.,-0.,1.));
#554 = ORIENTED_EDGE('',*,*,#555,.T.);
#555 = EDGE_CURVE('',#547,#556,#558,.T.);
#556 = VERTEX_POINT('',#557);
#557 = CARTESIAN_POINT('',(0.465,-0.25,0.35));
#558 = LINE('',#559,#560);
#559 = CARTESIAN_POINT('',(0.3,-0.25,0.35));
#560 = VECTOR('',#561,1.);
#561 = DIRECTION('',(1.,0.,0.));
#562 = ORIENTED_EDGE('',*,*,#563,.F.);
#563 = EDGE_CURVE('',#564,#556,#566,.T.);
#564 = VERTEX_POINT('',#565);
#565 = CARTESIAN_POINT('',(0.5,-0.25,0.315));
#566 = CIRCLE('',#567,3.5E-02);
#567 = AXIS2_PLACEMENT_3D('',#568,#569,#570);
#568 = CARTESIAN_POINT('',(0.465,-0.25,0.315));
#569 = DIRECTION('',(0.,-1.,0.));
#570 = DIRECTION('',(0.,0.,1.));
#571 = ORIENTED_EDGE('',*,*,#572,.F.);
#572 = EDGE_CURVE('',#573,#564,#575,.T.);
#573 = VERTEX_POINT('',#574);
#574 = CARTESIAN_POINT('',(0.5,-0.25,3.5E-02));
#575 = LINE('',#576,#577);
#576 = CARTESIAN_POINT('',(0.5,-0.25,0.));
#577 = VECTOR('',#578,1.);
#578 = DIRECTION('',(0.,0.,1.));
#579 = ORIENTED_EDGE('',*,*,#580,.T.);
#580 = EDGE_CURVE('',#573,#529,#581,.T.);
#581 = CIRCLE('',#582,3.5E-02);
#582 = AXIS2_PLACEMENT_3D('',#583,#584,#585);
#583 = CARTESIAN_POINT('',(0.465,-0.25,3.5E-02));
#584 = DIRECTION('',(0.,1.,0.));
#585 = DIRECTION('',(0.,-0.,1.));
#586 = PLANE('',#587);
#587 = AXIS2_PLACEMENT_3D('',#588,#589,#590);
#588 = CARTESIAN_POINT('',(0.3,-0.25,0.));
#589 = DIRECTION('',(0.,1.,0.));
#590 = DIRECTION('',(0.,-0.,1.));
#591 = ADVANCED_FACE('',(#592),#617,.F.);
#592 = FACE_BOUND('',#593,.F.);
#593 = EDGE_LOOP('',(#594,#595,#603,#611));
#594 = ORIENTED_EDGE('',*,*,#380,.F.);
#595 = ORIENTED_EDGE('',*,*,#596,.T.);
#596 = EDGE_CURVE('',#179,#597,#599,.T.);
#597 = VERTEX_POINT('',#598);
#598 = CARTESIAN_POINT('',(-0.3,-0.25,0.35));
#599 = LINE('',#600,#601);
#600 = CARTESIAN_POINT('',(-0.3,-0.25,0.315));
#601 = VECTOR('',#602,1.);
#602 = DIRECTION('',(0.,0.,1.));
#603 = ORIENTED_EDGE('',*,*,#604,.T.);
#604 = EDGE_CURVE('',#597,#605,#607,.T.);
#605 = VERTEX_POINT('',#606);
#606 = CARTESIAN_POINT('',(0.3,-0.25,0.35));
#607 = LINE('',#608,#609);
#608 = CARTESIAN_POINT('',(-0.3,-0.25,0.35));
#609 = VECTOR('',#610,1.);
#610 = DIRECTION('',(1.,0.,0.));
#611 = ORIENTED_EDGE('',*,*,#612,.F.);
#612 = EDGE_CURVE('',#381,#605,#613,.T.);
#613 = LINE('',#614,#615);
#614 = CARTESIAN_POINT('',(0.3,-0.25,0.315));
#615 = VECTOR('',#616,1.);
#616 = DIRECTION('',(0.,0.,1.));
#617 = PLANE('',#618);
#618 = AXIS2_PLACEMENT_3D('',#619,#620,#621);
#619 = CARTESIAN_POINT('',(-0.3,-0.25,0.315));
#620 = DIRECTION('',(0.,1.,0.));
#621 = DIRECTION('',(0.,-0.,1.));
#622 = ADVANCED_FACE('',(#623),#641,.F.);
#623 = FACE_BOUND('',#624,.F.);
#624 = EDGE_LOOP('',(#625,#626,#627,#635));
#625 = ORIENTED_EDGE('',*,*,#596,.F.);
#626 = ORIENTED_EDGE('',*,*,#443,.T.);
#627 = ORIENTED_EDGE('',*,*,#628,.T.);
#628 = EDGE_CURVE('',#296,#629,#631,.T.);
#629 = VERTEX_POINT('',#630);
#630 = CARTESIAN_POINT('',(-0.3,0.25,0.35));
#631 = LINE('',#632,#633);
#632 = CARTESIAN_POINT('',(-0.3,0.25,0.315));
#633 = VECTOR('',#634,1.);
#634 = DIRECTION('',(0.,0.,1.));
#635 = ORIENTED_EDGE('',*,*,#636,.F.);
#636 = EDGE_CURVE('',#597,#629,#637,.T.);
#637 = LINE('',#638,#639);
#638 = CARTESIAN_POINT('',(-0.3,-0.25,0.35));
#639 = VECTOR('',#640,1.);
#640 = DIRECTION('',(0.,1.,0.));
#641 = PLANE('',#642);
#642 = AXIS2_PLACEMENT_3D('',#643,#644,#645);
#643 = CARTESIAN_POINT('',(-0.3,-0.25,0.315));
#644 = DIRECTION('',(1.,0.,0.));
#645 = DIRECTION('',(0.,0.,1.));
#646 = ADVANCED_FACE('',(#647),#710,.T.);
#647 = FACE_BOUND('',#648,.T.);
#648 = EDGE_LOOP('',(#649,#659,#666,#667,#668,#669,#678,#686,#695,#703)
  );
#649 = ORIENTED_EDGE('',*,*,#650,.F.);
#650 = EDGE_CURVE('',#651,#653,#655,.T.);
#651 = VERTEX_POINT('',#652);
#652 = CARTESIAN_POINT('',(0.335,0.25,-2.775557561563E-17));
#653 = VERTEX_POINT('',#654);
#654 = CARTESIAN_POINT('',(0.465,0.25,-2.775557561563E-17));
#655 = LINE('',#656,#657);
#656 = CARTESIAN_POINT('',(0.3,0.25,0.));
#657 = VECTOR('',#658,1.);
#658 = DIRECTION('',(1.,0.,0.));
#659 = ORIENTED_EDGE('',*,*,#660,.F.);
#660 = EDGE_CURVE('',#488,#651,#661,.T.);
#661 = CIRCLE('',#662,3.5E-02);
#662 = AXIS2_PLACEMENT_3D('',#663,#664,#665);
#663 = CARTESIAN_POINT('',(0.335,0.25,3.5E-02));
#664 = DIRECTION('',(0.,-1.,0.));
#665 = DIRECTION('',(0.,0.,1.));
#666 = ORIENTED_EDGE('',*,*,#487,.T.);
#667 = ORIENTED_EDGE('',*,*,#479,.T.);
#668 = ORIENTED_EDGE('',*,*,#471,.F.);
#669 = ORIENTED_EDGE('',*,*,#670,.T.);
#670 = EDGE_CURVE('',#464,#671,#673,.T.);
#671 = VERTEX_POINT('',#672);
#672 = CARTESIAN_POINT('',(0.335,0.25,0.35));
#673 = CIRCLE('',#674,3.5E-02);
#674 = AXIS2_PLACEMENT_3D('',#675,#676,#677);
#675 = CARTESIAN_POINT('',(0.335,0.25,0.315));
#676 = DIRECTION('',(0.,1.,0.));
#677 = DIRECTION('',(0.,-0.,1.));
#678 = ORIENTED_EDGE('',*,*,#679,.T.);
#679 = EDGE_CURVE('',#671,#680,#682,.T.);
#680 = VERTEX_POINT('',#681);
#681 = CARTESIAN_POINT('',(0.465,0.25,0.35));
#682 = LINE('',#683,#684);
#683 = CARTESIAN_POINT('',(0.3,0.25,0.35));
#684 = VECTOR('',#685,1.);
#685 = DIRECTION('',(1.,0.,0.));
#686 = ORIENTED_EDGE('',*,*,#687,.F.);
#687 = EDGE_CURVE('',#688,#680,#690,.T.);
#688 = VERTEX_POINT('',#689);
#689 = CARTESIAN_POINT('',(0.5,0.25,0.315));
#690 = CIRCLE('',#691,3.5E-02);
#691 = AXIS2_PLACEMENT_3D('',#692,#693,#694);
#692 = CARTESIAN_POINT('',(0.465,0.25,0.315));
#693 = DIRECTION('',(0.,-1.,0.));
#694 = DIRECTION('',(0.,0.,1.));
#695 = ORIENTED_EDGE('',*,*,#696,.F.);
#696 = EDGE_CURVE('',#697,#688,#699,.T.);
#697 = VERTEX_POINT('',#698);
#698 = CARTESIAN_POINT('',(0.5,0.25,3.5E-02));
#699 = LINE('',#700,#701);
#700 = CARTESIAN_POINT('',(0.5,0.25,0.));
#701 = VECTOR('',#702,1.);
#702 = DIRECTION('',(0.,0.,1.));
#703 = ORIENTED_EDGE('',*,*,#704,.T.);
#704 = EDGE_CURVE('',#697,#653,#705,.T.);
#705 = CIRCLE('',#706,3.5E-02);
#706 = AXIS2_PLACEMENT_3D('',#707,#708,#709);
#707 = CARTESIAN_POINT('',(0.465,0.25,3.5E-02));
#708 = DIRECTION('',(0.,1.,0.));
#709 = DIRECTION('',(0.,-0.,1.));
#710 = PLANE('',#711);
#711 = AXIS2_PLACEMENT_3D('',#712,#713,#714);
#712 = CARTESIAN_POINT('',(0.3,0.25,0.));
#713 = DIRECTION('',(0.,1.,0.));
#714 = DIRECTION('',(0.,-0.,1.));
#715 = ADVANCED_FACE('',(#716),#734,.T.);
#716 = FACE_BOUND('',#717,.T.);
#717 = EDGE_LOOP('',(#718,#719,#720,#728));
#718 = ORIENTED_EDGE('',*,*,#463,.F.);
#719 = ORIENTED_EDGE('',*,*,#628,.T.);
#720 = ORIENTED_EDGE('',*,*,#721,.T.);
#721 = EDGE_CURVE('',#629,#722,#724,.T.);
#722 = VERTEX_POINT('',#723);
#723 = CARTESIAN_POINT('',(0.3,0.25,0.35));
#724 = LINE('',#725,#726);
#725 = CARTESIAN_POINT('',(-0.3,0.25,0.35));
#726 = VECTOR('',#727,1.);
#727 = DIRECTION('',(1.,0.,0.));
#728 = ORIENTED_EDGE('',*,*,#729,.F.);
#729 = EDGE_CURVE('',#464,#722,#730,.T.);
#730 = LINE('',#731,#732);
#731 = CARTESIAN_POINT('',(0.3,0.25,0.315));
#732 = VECTOR('',#733,1.);
#733 = DIRECTION('',(0.,0.,1.));
#734 = PLANE('',#735);
#735 = AXIS2_PLACEMENT_3D('',#736,#737,#738);
#736 = CARTESIAN_POINT('',(-0.3,0.25,0.315));
#737 = DIRECTION('',(0.,1.,0.));
#738 = DIRECTION('',(0.,-0.,1.));
#739 = ADVANCED_FACE('',(#740),#751,.T.);
#740 = FACE_BOUND('',#741,.T.);
#741 = EDGE_LOOP('',(#742,#743,#744,#750));
#742 = ORIENTED_EDGE('',*,*,#511,.T.);
#743 = ORIENTED_EDGE('',*,*,#660,.T.);
#744 = ORIENTED_EDGE('',*,*,#745,.F.);
#745 = EDGE_CURVE('',#527,#651,#746,.T.);
#746 = LINE('',#747,#748);
#747 = CARTESIAN_POINT('',(0.335,-0.25,-2.775557561563E-17));
#748 = VECTOR('',#749,1.);
#749 = DIRECTION('',(0.,1.,0.));
#750 = ORIENTED_EDGE('',*,*,#536,.F.);
#751 = CYLINDRICAL_SURFACE('',#752,3.5E-02);
#752 = AXIS2_PLACEMENT_3D('',#753,#754,#755);
#753 = CARTESIAN_POINT('',(0.335,-0.25,3.5E-02));
#754 = DIRECTION('',(0.,1.,0.));
#755 = DIRECTION('',(-1.,0.,0.));
#756 = ADVANCED_FACE('',(#757),#768,.F.);
#757 = FACE_BOUND('',#758,.F.);
#758 = EDGE_LOOP('',(#759,#760,#761,#762));
#759 = ORIENTED_EDGE('',*,*,#650,.F.);
#760 = ORIENTED_EDGE('',*,*,#745,.F.);
#761 = ORIENTED_EDGE('',*,*,#526,.T.);
#762 = ORIENTED_EDGE('',*,*,#763,.T.);
#763 = EDGE_CURVE('',#529,#653,#764,.T.);
#764 = LINE('',#765,#766);
#765 = CARTESIAN_POINT('',(0.465,-0.25,-2.775557561563E-17));
#766 = VECTOR('',#767,1.);
#767 = DIRECTION('',(0.,1.,0.));
#768 = PLANE('',#769);
#769 = AXIS2_PLACEMENT_3D('',#770,#771,#772);
#770 = CARTESIAN_POINT('',(0.3,-0.25,0.));
#771 = DIRECTION('',(0.,0.,1.));
#772 = DIRECTION('',(1.,0.,-0.));
#773 = ADVANCED_FACE('',(#774),#785,.T.);
#774 = FACE_BOUND('',#775,.T.);
#775 = EDGE_LOOP('',(#776,#777,#778,#779));
#776 = ORIENTED_EDGE('',*,*,#580,.T.);
#777 = ORIENTED_EDGE('',*,*,#763,.T.);
#778 = ORIENTED_EDGE('',*,*,#704,.F.);
#779 = ORIENTED_EDGE('',*,*,#780,.F.);
#780 = EDGE_CURVE('',#573,#697,#781,.T.);
#781 = LINE('',#782,#783);
#782 = CARTESIAN_POINT('',(0.5,-0.25,3.5E-02));
#783 = VECTOR('',#784,1.);
#784 = DIRECTION('',(0.,1.,0.));
#785 = CYLINDRICAL_SURFACE('',#786,3.5E-02);
#786 = AXIS2_PLACEMENT_3D('',#787,#788,#789);
#787 = CARTESIAN_POINT('',(0.465,-0.25,3.5E-02));
#788 = DIRECTION('',(0.,1.,0.));
#789 = DIRECTION('',(1.,0.,0.));
#790 = ADVANCED_FACE('',(#791),#802,.T.);
#791 = FACE_BOUND('',#792,.T.);
#792 = EDGE_LOOP('',(#793,#794,#795,#796));
#793 = ORIENTED_EDGE('',*,*,#572,.F.);
#794 = ORIENTED_EDGE('',*,*,#780,.T.);
#795 = ORIENTED_EDGE('',*,*,#696,.T.);
#796 = ORIENTED_EDGE('',*,*,#797,.F.);
#797 = EDGE_CURVE('',#564,#688,#798,.T.);
#798 = LINE('',#799,#800);
#799 = CARTESIAN_POINT('',(0.5,-0.25,0.315));
#800 = VECTOR('',#801,1.);
#801 = DIRECTION('',(0.,1.,0.));
#802 = PLANE('',#803);
#803 = AXIS2_PLACEMENT_3D('',#804,#805,#806);
#804 = CARTESIAN_POINT('',(0.5,-0.25,0.));
#805 = DIRECTION('',(1.,0.,0.));
#806 = DIRECTION('',(0.,0.,1.));
#807 = ADVANCED_FACE('',(#808),#819,.T.);
#808 = FACE_BOUND('',#809,.T.);
#809 = EDGE_LOOP('',(#810,#811,#812,#818));
#810 = ORIENTED_EDGE('',*,*,#797,.T.);
#811 = ORIENTED_EDGE('',*,*,#687,.T.);
#812 = ORIENTED_EDGE('',*,*,#813,.F.);
#813 = EDGE_CURVE('',#556,#680,#814,.T.);
#814 = LINE('',#815,#816);
#815 = CARTESIAN_POINT('',(0.465,-0.25,0.35));
#816 = VECTOR('',#817,1.);
#817 = DIRECTION('',(0.,1.,0.));
#818 = ORIENTED_EDGE('',*,*,#563,.F.);
#819 = CYLINDRICAL_SURFACE('',#820,3.5E-02);
#820 = AXIS2_PLACEMENT_3D('',#821,#822,#823);
#821 = CARTESIAN_POINT('',(0.465,-0.25,0.315));
#822 = DIRECTION('',(0.,1.,0.));
#823 = DIRECTION('',(1.,0.,0.));
#824 = ADVANCED_FACE('',(#825),#836,.T.);
#825 = FACE_BOUND('',#826,.T.);
#826 = EDGE_LOOP('',(#827,#828,#834,#835));
#827 = ORIENTED_EDGE('',*,*,#679,.F.);
#828 = ORIENTED_EDGE('',*,*,#829,.F.);
#829 = EDGE_CURVE('',#547,#671,#830,.T.);
#830 = LINE('',#831,#832);
#831 = CARTESIAN_POINT('',(0.335,-0.25,0.35));
#832 = VECTOR('',#833,1.);
#833 = DIRECTION('',(0.,1.,0.));
#834 = ORIENTED_EDGE('',*,*,#555,.T.);
#835 = ORIENTED_EDGE('',*,*,#813,.T.);
#836 = PLANE('',#837);
#837 = AXIS2_PLACEMENT_3D('',#838,#839,#840);
#838 = CARTESIAN_POINT('',(0.3,-0.25,0.35));
#839 = DIRECTION('',(0.,0.,1.));
#840 = DIRECTION('',(1.,0.,-0.));
#841 = ADVANCED_FACE('',(#842),#853,.T.);
#842 = FACE_BOUND('',#843,.T.);
#843 = EDGE_LOOP('',(#844,#845,#846,#847));
#844 = ORIENTED_EDGE('',*,*,#546,.T.);
#845 = ORIENTED_EDGE('',*,*,#829,.T.);
#846 = ORIENTED_EDGE('',*,*,#670,.F.);
#847 = ORIENTED_EDGE('',*,*,#848,.F.);
#848 = EDGE_CURVE('',#381,#464,#849,.T.);
#849 = LINE('',#850,#851);
#850 = CARTESIAN_POINT('',(0.3,-0.25,0.315));
#851 = VECTOR('',#852,1.);
#852 = DIRECTION('',(0.,1.,0.));
#853 = CYLINDRICAL_SURFACE('',#854,3.5E-02);
#854 = AXIS2_PLACEMENT_3D('',#855,#856,#857);
#855 = CARTESIAN_POINT('',(0.335,-0.25,0.315));
#856 = DIRECTION('',(0.,1.,0.));
#857 = DIRECTION('',(-1.,0.,0.));
#858 = ADVANCED_FACE('',(#859),#870,.T.);
#859 = FACE_BOUND('',#860,.T.);
#860 = EDGE_LOOP('',(#861,#862,#863,#864));
#861 = ORIENTED_EDGE('',*,*,#612,.F.);
#862 = ORIENTED_EDGE('',*,*,#848,.T.);
#863 = ORIENTED_EDGE('',*,*,#729,.T.);
#864 = ORIENTED_EDGE('',*,*,#865,.F.);
#865 = EDGE_CURVE('',#605,#722,#866,.T.);
#866 = LINE('',#867,#868);
#867 = CARTESIAN_POINT('',(0.3,-0.25,0.35));
#868 = VECTOR('',#869,1.);
#869 = DIRECTION('',(0.,1.,0.));
#870 = PLANE('',#871);
#871 = AXIS2_PLACEMENT_3D('',#872,#873,#874);
#872 = CARTESIAN_POINT('',(0.3,-0.25,0.315));
#873 = DIRECTION('',(1.,0.,0.));
#874 = DIRECTION('',(0.,0.,1.));
#875 = ADVANCED_FACE('',(#876),#882,.T.);
#876 = FACE_BOUND('',#877,.T.);
#877 = EDGE_LOOP('',(#878,#879,#880,#881));
#878 = ORIENTED_EDGE('',*,*,#636,.F.);
#879 = ORIENTED_EDGE('',*,*,#604,.T.);
#880 = ORIENTED_EDGE('',*,*,#865,.T.);
#881 = ORIENTED_EDGE('',*,*,#721,.F.);
#882 = PLANE('',#883);
#883 = AXIS2_PLACEMENT_3D('',#884,#885,#886);
#884 = CARTESIAN_POINT('',(-0.3,-0.25,0.35));
#885 = DIRECTION('',(0.,0.,1.));
#886 = DIRECTION('',(1.,0.,-0.));
#887 = ( GEOMETRIC_REPRESENTATION_CONTEXT(3) 
GLOBAL_UNCERTAINTY_ASSIGNED_CONTEXT((#891)) GLOBAL_UNIT_ASSIGNED_CONTEXT
((#888,#889,#890)) REPRESENTATION_CONTEXT('Context #1',
  '3D Context with UNIT and UNCERTAINTY') );
#888 = ( LENGTH_UNIT() NAMED_UNIT(*) SI_UNIT(.MILLI.,.METRE.) );
#889 = ( NAMED_UNIT(*) PLANE_ANGLE_UNIT() SI_UNIT($,.RADIAN.) );
#890 = ( NAMED_UNIT(*) SI_UNIT($,.STERADIAN.) SOLID_ANGLE_UNIT() );
#891 = UNCERTAINTY_MEASURE_WITH_UNIT(LENGTH_MEASURE(1.E-07),#888,
  'distance_accuracy_value','confusion accuracy');
#892 = CONTEXT_DEPENDENT_SHAPE_REPRESENTATION(#893,#895);
#893 = ( REPRESENTATION_RELATIONSHIP('','',#96,#10) 
REPRESENTATION_RELATIONSHIP_WITH_TRANSFORMATION(#894) 
SHAPE_REPRESENTATION_RELATIONSHIP() );
#894 = ITEM_DEFINED_TRANSFORMATION('','',#11,#15);
#895 = PRODUCT_DEFINITION_SHAPE('Placement','Placement of an item',#896
  );
#896 = NEXT_ASSEMBLY_USAGE_OCCURRENCE('1','R3','',#5,#91,$);
#897 = PRODUCT_RELATED_PRODUCT_CATEGORY('part',$,(#93));
#898 = CONTEXT_DEPENDENT_SHAPE_REPRESENTATION(#899,#901);
#899 = ( REPRESENTATION_RELATIONSHIP('','',#96,#10) 
REPRESENTATION_RELATIONSHIP_WITH_TRANSFORMATION(#900) 
SHAPE_REPRESENTATION_RELATIONSHIP() );
#900 = ITEM_DEFINED_TRANSFORMATION('','',#11,#19);
#901 = PRODUCT_DEFINITION_SHAPE('Placement','Placement of an item',#902
  );
#902 = NEXT_ASSEMBLY_USAGE_OCCURRENCE('2','R10','',#5,#91,$);
#903 = SHAPE_DEFINITION_REPRESENTATION(#904,#910);
#904 = PRODUCT_DEFINITION_SHAPE('','',#905);
#905 = PRODUCT_DEFINITION('design','',#906,#909);
#906 = PRODUCT_DEFINITION_FORMATION('','',#907);
#907 = PRODUCT('C_0402_1005Metric','C_0402_1005Metric','',(#908));
#908 = PRODUCT_CONTEXT('',#2,'mechanical');
#909 = PRODUCT_DEFINITION_CONTEXT('part definition',#2,'design');
#910 = ADVANCED_BREP_SHAPE_REPRESENTATION('',(#11,#911),#1765);
#911 = MANIFOLD_SOLID_BREP('',#912);
#912 = CLOSED_SHELL('',(#913,#989,#1020,#1045,#1070,#1094,#1118,#1143,
    #1168,#1185,#1271,#1303,#1327,#1352,#1376,#1401,#1425,#1450,#1467,
    #1553,#1584,#1609,#1634,#1658,#1682,#1707,#1732,#1749));
#913 = ADVANCED_FACE('',(#914),#984,.F.);
#914 = FACE_BOUND('',#915,.F.);
#915 = EDGE_LOOP('',(#916,#926,#935,#943,#952,#960,#969,#977));
#916 = ORIENTED_EDGE('',*,*,#917,.F.);
#917 = EDGE_CURVE('',#918,#920,#922,.T.);
#918 = VERTEX_POINT('',#919);
#919 = CARTESIAN_POINT('',(-0.5,-0.25,2.E-02));
#920 = VERTEX_POINT('',#921);
#921 = CARTESIAN_POINT('',(-0.5,-0.25,0.48));
#922 = LINE('',#923,#924);
#923 = CARTESIAN_POINT('',(-0.5,-0.25,0.));
#924 = VECTOR('',#925,1.);
#925 = DIRECTION('',(0.,0.,1.));
#926 = ORIENTED_EDGE('',*,*,#927,.T.);
#927 = EDGE_CURVE('',#918,#928,#930,.T.);
#928 = VERTEX_POINT('',#929);
#929 = CARTESIAN_POINT('',(-0.5,-0.23,0.));
#930 = CIRCLE('',#931,2.E-02);
#931 = AXIS2_PLACEMENT_3D('',#932,#933,#934);
#932 = CARTESIAN_POINT('',(-0.5,-0.23,2.E-02));
#933 = DIRECTION('',(1.,0.,-0.));
#934 = DIRECTION('',(0.,0.,1.));
#935 = ORIENTED_EDGE('',*,*,#936,.T.);
#936 = EDGE_CURVE('',#928,#937,#939,.T.);
#937 = VERTEX_POINT('',#938);
#938 = CARTESIAN_POINT('',(-0.5,0.23,0.));
#939 = LINE('',#940,#941);
#940 = CARTESIAN_POINT('',(-0.5,-0.25,0.));
#941 = VECTOR('',#942,1.);
#942 = DIRECTION('',(0.,1.,0.));
#943 = ORIENTED_EDGE('',*,*,#944,.F.);
#944 = EDGE_CURVE('',#945,#937,#947,.T.);
#945 = VERTEX_POINT('',#946);
#946 = CARTESIAN_POINT('',(-0.5,0.25,2.E-02));
#947 = CIRCLE('',#948,2.E-02);
#948 = AXIS2_PLACEMENT_3D('',#949,#950,#951);
#949 = CARTESIAN_POINT('',(-0.5,0.23,2.E-02));
#950 = DIRECTION('',(-1.,0.,0.));
#951 = DIRECTION('',(0.,0.,1.));
#952 = ORIENTED_EDGE('',*,*,#953,.T.);
#953 = EDGE_CURVE('',#945,#954,#956,.T.);
#954 = VERTEX_POINT('',#955);
#955 = CARTESIAN_POINT('',(-0.5,0.25,0.48));
#956 = LINE('',#957,#958);
#957 = CARTESIAN_POINT('',(-0.5,0.25,0.));
#958 = VECTOR('',#959,1.);
#959 = DIRECTION('',(0.,0.,1.));
#960 = ORIENTED_EDGE('',*,*,#961,.T.);
#961 = EDGE_CURVE('',#954,#962,#964,.T.);
#962 = VERTEX_POINT('',#963);
#963 = CARTESIAN_POINT('',(-0.5,0.23,0.5));
#964 = CIRCLE('',#965,2.E-02);
#965 = AXIS2_PLACEMENT_3D('',#966,#967,#968);
#966 = CARTESIAN_POINT('',(-0.5,0.23,0.48));
#967 = DIRECTION('',(1.,0.,-0.));
#968 = DIRECTION('',(0.,0.,1.));
#969 = ORIENTED_EDGE('',*,*,#970,.F.);
#970 = EDGE_CURVE('',#971,#962,#973,.T.);
#971 = VERTEX_POINT('',#972);
#972 = CARTESIAN_POINT('',(-0.5,-0.23,0.5));
#973 = LINE('',#974,#975);
#974 = CARTESIAN_POINT('',(-0.5,-0.25,0.5));
#975 = VECTOR('',#976,1.);
#976 = DIRECTION('',(0.,1.,0.));
#977 = ORIENTED_EDGE('',*,*,#978,.F.);
#978 = EDGE_CURVE('',#920,#971,#979,.T.);
#979 = CIRCLE('',#980,2.E-02);
#980 = AXIS2_PLACEMENT_3D('',#981,#982,#983);
#981 = CARTESIAN_POINT('',(-0.5,-0.23,0.48));
#982 = DIRECTION('',(-1.,0.,0.));
#983 = DIRECTION('',(0.,0.,1.));
#984 = PLANE('',#985);
#985 = AXIS2_PLACEMENT_3D('',#986,#987,#988);
#986 = CARTESIAN_POINT('',(-0.5,-0.25,0.));
#987 = DIRECTION('',(1.,0.,0.));
#988 = DIRECTION('',(0.,0.,1.));
#989 = ADVANCED_FACE('',(#990),#1015,.F.);
#990 = FACE_BOUND('',#991,.F.);
#991 = EDGE_LOOP('',(#992,#1002,#1008,#1009));
#992 = ORIENTED_EDGE('',*,*,#993,.F.);
#993 = EDGE_CURVE('',#994,#996,#998,.T.);
#994 = VERTEX_POINT('',#995);
#995 = CARTESIAN_POINT('',(-0.3,-0.25,2.E-02));
#996 = VERTEX_POINT('',#997);
#997 = CARTESIAN_POINT('',(-0.3,-0.25,0.48));
#998 = LINE('',#999,#1000);
#999 = CARTESIAN_POINT('',(-0.3,-0.25,0.));
#1000 = VECTOR('',#1001,1.);
#1001 = DIRECTION('',(0.,0.,1.));
#1002 = ORIENTED_EDGE('',*,*,#1003,.F.);
#1003 = EDGE_CURVE('',#918,#994,#1004,.T.);
#1004 = LINE('',#1005,#1006);
#1005 = CARTESIAN_POINT('',(-0.5,-0.25,2.E-02));
#1006 = VECTOR('',#1007,1.);
#1007 = DIRECTION('',(1.,0.,0.));
#1008 = ORIENTED_EDGE('',*,*,#917,.T.);
#1009 = ORIENTED_EDGE('',*,*,#1010,.T.);
#1010 = EDGE_CURVE('',#920,#996,#1011,.T.);
#1011 = LINE('',#1012,#1013);
#1012 = CARTESIAN_POINT('',(-0.5,-0.25,0.48));
#1013 = VECTOR('',#1014,1.);
#1014 = DIRECTION('',(1.,0.,0.));
#1015 = PLANE('',#1016);
#1016 = AXIS2_PLACEMENT_3D('',#1017,#1018,#1019);
#1017 = CARTESIAN_POINT('',(-0.5,-0.25,0.));
#1018 = DIRECTION('',(0.,1.,0.));
#1019 = DIRECTION('',(0.,-0.,1.));
#1020 = ADVANCED_FACE('',(#1021),#1040,.T.);
#1021 = FACE_BOUND('',#1022,.T.);
#1022 = EDGE_LOOP('',(#1023,#1024,#1032,#1039));
#1023 = ORIENTED_EDGE('',*,*,#927,.T.);
#1024 = ORIENTED_EDGE('',*,*,#1025,.T.);
#1025 = EDGE_CURVE('',#928,#1026,#1028,.T.);
#1026 = VERTEX_POINT('',#1027);
#1027 = CARTESIAN_POINT('',(-0.3,-0.23,0.));
#1028 = LINE('',#1029,#1030);
#1029 = CARTESIAN_POINT('',(-0.5,-0.23,0.));
#1030 = VECTOR('',#1031,1.);
#1031 = DIRECTION('',(1.,0.,0.));
#1032 = ORIENTED_EDGE('',*,*,#1033,.F.);
#1033 = EDGE_CURVE('',#994,#1026,#1034,.T.);
#1034 = CIRCLE('',#1035,2.E-02);
#1035 = AXIS2_PLACEMENT_3D('',#1036,#1037,#1038);
#1036 = CARTESIAN_POINT('',(-0.3,-0.23,2.E-02));
#1037 = DIRECTION('',(1.,0.,-0.));
#1038 = DIRECTION('',(0.,0.,1.));
#1039 = ORIENTED_EDGE('',*,*,#1003,.F.);
#1040 = CYLINDRICAL_SURFACE('',#1041,2.E-02);
#1041 = AXIS2_PLACEMENT_3D('',#1042,#1043,#1044);
#1042 = CARTESIAN_POINT('',(-0.5,-0.23,2.E-02));
#1043 = DIRECTION('',(1.,0.,0.));
#1044 = DIRECTION('',(0.,-1.,0.));
#1045 = ADVANCED_FACE('',(#1046),#1065,.T.);
#1046 = FACE_BOUND('',#1047,.T.);
#1047 = EDGE_LOOP('',(#1048,#1049,#1058,#1064));
#1048 = ORIENTED_EDGE('',*,*,#1010,.T.);
#1049 = ORIENTED_EDGE('',*,*,#1050,.T.);
#1050 = EDGE_CURVE('',#996,#1051,#1053,.T.);
#1051 = VERTEX_POINT('',#1052);
#1052 = CARTESIAN_POINT('',(-0.3,-0.23,0.5));
#1053 = CIRCLE('',#1054,2.E-02);
#1054 = AXIS2_PLACEMENT_3D('',#1055,#1056,#1057);
#1055 = CARTESIAN_POINT('',(-0.3,-0.23,0.48));
#1056 = DIRECTION('',(-1.,0.,0.));
#1057 = DIRECTION('',(0.,0.,1.));
#1058 = ORIENTED_EDGE('',*,*,#1059,.F.);
#1059 = EDGE_CURVE('',#971,#1051,#1060,.T.);
#1060 = LINE('',#1061,#1062);
#1061 = CARTESIAN_POINT('',(-0.5,-0.23,0.5));
#1062 = VECTOR('',#1063,1.);
#1063 = DIRECTION('',(1.,0.,0.));
#1064 = ORIENTED_EDGE('',*,*,#978,.F.);
#1065 = CYLINDRICAL_SURFACE('',#1066,2.E-02);
#1066 = AXIS2_PLACEMENT_3D('',#1067,#1068,#1069);
#1067 = CARTESIAN_POINT('',(-0.5,-0.23,0.48));
#1068 = DIRECTION('',(1.,0.,0.));
#1069 = DIRECTION('',(0.,-1.,0.));
#1070 = ADVANCED_FACE('',(#1071),#1089,.F.);
#1071 = FACE_BOUND('',#1072,.F.);
#1072 = EDGE_LOOP('',(#1073,#1074,#1075,#1083));
#1073 = ORIENTED_EDGE('',*,*,#936,.F.);
#1074 = ORIENTED_EDGE('',*,*,#1025,.T.);
#1075 = ORIENTED_EDGE('',*,*,#1076,.T.);
#1076 = EDGE_CURVE('',#1026,#1077,#1079,.T.);
#1077 = VERTEX_POINT('',#1078);
#1078 = CARTESIAN_POINT('',(-0.3,0.23,0.));
#1079 = LINE('',#1080,#1081);
#1080 = CARTESIAN_POINT('',(-0.3,-0.25,0.));
#1081 = VECTOR('',#1082,1.);
#1082 = DIRECTION('',(0.,1.,0.));
#1083 = ORIENTED_EDGE('',*,*,#1084,.F.);
#1084 = EDGE_CURVE('',#937,#1077,#1085,.T.);
#1085 = LINE('',#1086,#1087);
#1086 = CARTESIAN_POINT('',(-0.5,0.23,0.));
#1087 = VECTOR('',#1088,1.);
#1088 = DIRECTION('',(1.,0.,0.));
#1089 = PLANE('',#1090);
#1090 = AXIS2_PLACEMENT_3D('',#1091,#1092,#1093);
#1091 = CARTESIAN_POINT('',(-0.5,-0.25,0.));
#1092 = DIRECTION('',(0.,0.,1.));
#1093 = DIRECTION('',(1.,0.,-0.));
#1094 = ADVANCED_FACE('',(#1095),#1113,.T.);
#1095 = FACE_BOUND('',#1096,.T.);
#1096 = EDGE_LOOP('',(#1097,#1098,#1099,#1107));
#1097 = ORIENTED_EDGE('',*,*,#970,.F.);
#1098 = ORIENTED_EDGE('',*,*,#1059,.T.);
#1099 = ORIENTED_EDGE('',*,*,#1100,.T.);
#1100 = EDGE_CURVE('',#1051,#1101,#1103,.T.);
#1101 = VERTEX_POINT('',#1102);
#1102 = CARTESIAN_POINT('',(-0.3,0.23,0.5));
#1103 = LINE('',#1104,#1105);
#1104 = CARTESIAN_POINT('',(-0.3,-0.25,0.5));
#1105 = VECTOR('',#1106,1.);
#1106 = DIRECTION('',(0.,1.,0.));
#1107 = ORIENTED_EDGE('',*,*,#1108,.F.);
#1108 = EDGE_CURVE('',#962,#1101,#1109,.T.);
#1109 = LINE('',#1110,#1111);
#1110 = CARTESIAN_POINT('',(-0.5,0.23,0.5));
#1111 = VECTOR('',#1112,1.);
#1112 = DIRECTION('',(1.,0.,0.));
#1113 = PLANE('',#1114);
#1114 = AXIS2_PLACEMENT_3D('',#1115,#1116,#1117);
#1115 = CARTESIAN_POINT('',(-0.5,-0.25,0.5));
#1116 = DIRECTION('',(0.,0.,1.));
#1117 = DIRECTION('',(1.,0.,-0.));
#1118 = ADVANCED_FACE('',(#1119),#1138,.T.);
#1119 = FACE_BOUND('',#1120,.T.);
#1120 = EDGE_LOOP('',(#1121,#1129,#1136,#1137));
#1121 = ORIENTED_EDGE('',*,*,#1122,.T.);
#1122 = EDGE_CURVE('',#945,#1123,#1125,.T.);
#1123 = VERTEX_POINT('',#1124);
#1124 = CARTESIAN_POINT('',(-0.3,0.25,2.E-02));
#1125 = LINE('',#1126,#1127);
#1126 = CARTESIAN_POINT('',(-0.5,0.25,2.E-02));
#1127 = VECTOR('',#1128,1.);
#1128 = DIRECTION('',(1.,0.,0.));
#1129 = ORIENTED_EDGE('',*,*,#1130,.T.);
#1130 = EDGE_CURVE('',#1123,#1077,#1131,.T.);
#1131 = CIRCLE('',#1132,2.E-02);
#1132 = AXIS2_PLACEMENT_3D('',#1133,#1134,#1135);
#1133 = CARTESIAN_POINT('',(-0.3,0.23,2.E-02));
#1134 = DIRECTION('',(-1.,0.,0.));
#1135 = DIRECTION('',(0.,0.,1.));
#1136 = ORIENTED_EDGE('',*,*,#1084,.F.);
#1137 = ORIENTED_EDGE('',*,*,#944,.F.);
#1138 = CYLINDRICAL_SURFACE('',#1139,2.E-02);
#1139 = AXIS2_PLACEMENT_3D('',#1140,#1141,#1142);
#1140 = CARTESIAN_POINT('',(-0.5,0.23,2.E-02));
#1141 = DIRECTION('',(1.,0.,0.));
#1142 = DIRECTION('',(-0.,1.,0.));
#1143 = ADVANCED_FACE('',(#1144),#1163,.T.);
#1144 = FACE_BOUND('',#1145,.T.);
#1145 = EDGE_LOOP('',(#1146,#1147,#1148,#1157));
#1146 = ORIENTED_EDGE('',*,*,#961,.T.);
#1147 = ORIENTED_EDGE('',*,*,#1108,.T.);
#1148 = ORIENTED_EDGE('',*,*,#1149,.F.);
#1149 = EDGE_CURVE('',#1150,#1101,#1152,.T.);
#1150 = VERTEX_POINT('',#1151);
#1151 = CARTESIAN_POINT('',(-0.3,0.25,0.48));
#1152 = CIRCLE('',#1153,2.E-02);
#1153 = AXIS2_PLACEMENT_3D('',#1154,#1155,#1156);
#1154 = CARTESIAN_POINT('',(-0.3,0.23,0.48));
#1155 = DIRECTION('',(1.,0.,-0.));
#1156 = DIRECTION('',(0.,0.,1.));
#1157 = ORIENTED_EDGE('',*,*,#1158,.F.);
#1158 = EDGE_CURVE('',#954,#1150,#1159,.T.);
#1159 = LINE('',#1160,#1161);
#1160 = CARTESIAN_POINT('',(-0.5,0.25,0.48));
#1161 = VECTOR('',#1162,1.);
#1162 = DIRECTION('',(1.,0.,0.));
#1163 = CYLINDRICAL_SURFACE('',#1164,2.E-02);
#1164 = AXIS2_PLACEMENT_3D('',#1165,#1166,#1167);
#1165 = CARTESIAN_POINT('',(-0.5,0.23,0.48));
#1166 = DIRECTION('',(1.,0.,0.));
#1167 = DIRECTION('',(-0.,1.,0.));
#1168 = ADVANCED_FACE('',(#1169),#1180,.T.);
#1169 = FACE_BOUND('',#1170,.T.);
#1170 = EDGE_LOOP('',(#1171,#1177,#1178,#1179));
#1171 = ORIENTED_EDGE('',*,*,#1172,.F.);
#1172 = EDGE_CURVE('',#1123,#1150,#1173,.T.);
#1173 = LINE('',#1174,#1175);
#1174 = CARTESIAN_POINT('',(-0.3,0.25,0.));
#1175 = VECTOR('',#1176,1.);
#1176 = DIRECTION('',(0.,0.,1.));
#1177 = ORIENTED_EDGE('',*,*,#1122,.F.);
#1178 = ORIENTED_EDGE('',*,*,#953,.T.);
#1179 = ORIENTED_EDGE('',*,*,#1158,.T.);
#1180 = PLANE('',#1181);
#1181 = AXIS2_PLACEMENT_3D('',#1182,#1183,#1184);
#1182 = CARTESIAN_POINT('',(-0.5,0.25,0.));
#1183 = DIRECTION('',(0.,1.,0.));
#1184 = DIRECTION('',(0.,-0.,1.));
#1185 = ADVANCED_FACE('',(#1186,#1196),#1266,.T.);
#1186 = FACE_BOUND('',#1187,.T.);
#1187 = EDGE_LOOP('',(#1188,#1189,#1190,#1191,#1192,#1193,#1194,#1195));
#1188 = ORIENTED_EDGE('',*,*,#993,.F.);
#1189 = ORIENTED_EDGE('',*,*,#1033,.T.);
#1190 = ORIENTED_EDGE('',*,*,#1076,.T.);
#1191 = ORIENTED_EDGE('',*,*,#1130,.F.);
#1192 = ORIENTED_EDGE('',*,*,#1172,.T.);
#1193 = ORIENTED_EDGE('',*,*,#1149,.T.);
#1194 = ORIENTED_EDGE('',*,*,#1100,.F.);
#1195 = ORIENTED_EDGE('',*,*,#1050,.F.);
#1196 = FACE_BOUND('',#1197,.T.);
#1197 = EDGE_LOOP('',(#1198,#1209,#1217,#1226,#1234,#1243,#1251,#1260));
#1198 = ORIENTED_EDGE('',*,*,#1199,.F.);
#1199 = EDGE_CURVE('',#1200,#1202,#1204,.T.);
#1200 = VERTEX_POINT('',#1201);
#1201 = CARTESIAN_POINT('',(-0.3,-0.23,4.E-02));
#1202 = VERTEX_POINT('',#1203);
#1203 = CARTESIAN_POINT('',(-0.3,-0.21,2.E-02));
#1204 = CIRCLE('',#1205,2.E-02);
#1205 = AXIS2_PLACEMENT_3D('',#1206,#1207,#1208);
#1206 = CARTESIAN_POINT('',(-0.3,-0.21,4.E-02));
#1207 = DIRECTION('',(1.,0.,-0.));
#1208 = DIRECTION('',(0.,0.,1.));
#1209 = ORIENTED_EDGE('',*,*,#1210,.T.);
#1210 = EDGE_CURVE('',#1200,#1211,#1213,.T.);
#1211 = VERTEX_POINT('',#1212);
#1212 = CARTESIAN_POINT('',(-0.3,-0.23,0.46));
#1213 = LINE('',#1214,#1215);
#1214 = CARTESIAN_POINT('',(-0.3,-0.23,2.E-02));
#1215 = VECTOR('',#1216,1.);
#1216 = DIRECTION('',(0.,0.,1.));
#1217 = ORIENTED_EDGE('',*,*,#1218,.T.);
#1218 = EDGE_CURVE('',#1211,#1219,#1221,.T.);
#1219 = VERTEX_POINT('',#1220);
#1220 = CARTESIAN_POINT('',(-0.3,-0.21,0.48));
#1221 = CIRCLE('',#1222,2.E-02);
#1222 = AXIS2_PLACEMENT_3D('',#1223,#1224,#1225);
#1223 = CARTESIAN_POINT('',(-0.3,-0.21,0.46));
#1224 = DIRECTION('',(-1.,0.,0.));
#1225 = DIRECTION('',(0.,0.,1.));
#1226 = ORIENTED_EDGE('',*,*,#1227,.T.);
#1227 = EDGE_CURVE('',#1219,#1228,#1230,.T.);
#1228 = VERTEX_POINT('',#1229);
#1229 = CARTESIAN_POINT('',(-0.3,0.21,0.48));
#1230 = LINE('',#1231,#1232);
#1231 = CARTESIAN_POINT('',(-0.3,-0.23,0.48));
#1232 = VECTOR('',#1233,1.);
#1233 = DIRECTION('',(0.,1.,0.));
#1234 = ORIENTED_EDGE('',*,*,#1235,.F.);
#1235 = EDGE_CURVE('',#1236,#1228,#1238,.T.);
#1236 = VERTEX_POINT('',#1237);
#1237 = CARTESIAN_POINT('',(-0.3,0.23,0.46));
#1238 = CIRCLE('',#1239,2.E-02);
#1239 = AXIS2_PLACEMENT_3D('',#1240,#1241,#1242);
#1240 = CARTESIAN_POINT('',(-0.3,0.21,0.46));
#1241 = DIRECTION('',(1.,0.,-0.));
#1242 = DIRECTION('',(0.,0.,1.));
#1243 = ORIENTED_EDGE('',*,*,#1244,.F.);
#1244 = EDGE_CURVE('',#1245,#1236,#1247,.T.);
#1245 = VERTEX_POINT('',#1246);
#1246 = CARTESIAN_POINT('',(-0.3,0.23,4.E-02));
#1247 = LINE('',#1248,#1249);
#1248 = CARTESIAN_POINT('',(-0.3,0.23,2.E-02));
#1249 = VECTOR('',#1250,1.);
#1250 = DIRECTION('',(0.,0.,1.));
#1251 = ORIENTED_EDGE('',*,*,#1252,.T.);
#1252 = EDGE_CURVE('',#1245,#1253,#1255,.T.);
#1253 = VERTEX_POINT('',#1254);
#1254 = CARTESIAN_POINT('',(-0.3,0.21,2.E-02));
#1255 = CIRCLE('',#1256,2.E-02);
#1256 = AXIS2_PLACEMENT_3D('',#1257,#1258,#1259);
#1257 = CARTESIAN_POINT('',(-0.3,0.21,4.E-02));
#1258 = DIRECTION('',(-1.,0.,0.));
#1259 = DIRECTION('',(0.,0.,1.));
#1260 = ORIENTED_EDGE('',*,*,#1261,.F.);
#1261 = EDGE_CURVE('',#1202,#1253,#1262,.T.);
#1262 = LINE('',#1263,#1264);
#1263 = CARTESIAN_POINT('',(-0.3,-0.23,2.E-02));
#1264 = VECTOR('',#1265,1.);
#1265 = DIRECTION('',(0.,1.,0.));
#1266 = PLANE('',#1267);
#1267 = AXIS2_PLACEMENT_3D('',#1268,#1269,#1270);
#1268 = CARTESIAN_POINT('',(-0.3,-0.25,0.));
#1269 = DIRECTION('',(1.,0.,0.));
#1270 = DIRECTION('',(0.,0.,1.));
#1271 = ADVANCED_FACE('',(#1272),#1298,.T.);
#1272 = FACE_BOUND('',#1273,.T.);
#1273 = EDGE_LOOP('',(#1274,#1275,#1283,#1292));
#1274 = ORIENTED_EDGE('',*,*,#1199,.T.);
#1275 = ORIENTED_EDGE('',*,*,#1276,.T.);
#1276 = EDGE_CURVE('',#1202,#1277,#1279,.T.);
#1277 = VERTEX_POINT('',#1278);
#1278 = CARTESIAN_POINT('',(0.3,-0.21,2.E-02));
#1279 = LINE('',#1280,#1281);
#1280 = CARTESIAN_POINT('',(-0.3,-0.21,2.E-02));
#1281 = VECTOR('',#1282,1.);
#1282 = DIRECTION('',(1.,0.,0.));
#1283 = ORIENTED_EDGE('',*,*,#1284,.F.);
#1284 = EDGE_CURVE('',#1285,#1277,#1287,.T.);
#1285 = VERTEX_POINT('',#1286);
#1286 = CARTESIAN_POINT('',(0.3,-0.23,4.E-02));
#1287 = CIRCLE('',#1288,2.E-02);
#1288 = AXIS2_PLACEMENT_3D('',#1289,#1290,#1291);
#1289 = CARTESIAN_POINT('',(0.3,-0.21,4.E-02));
#1290 = DIRECTION('',(1.,0.,-0.));
#1291 = DIRECTION('',(0.,0.,1.));
#1292 = ORIENTED_EDGE('',*,*,#1293,.F.);
#1293 = EDGE_CURVE('',#1200,#1285,#1294,.T.);
#1294 = LINE('',#1295,#1296);
#1295 = CARTESIAN_POINT('',(-0.3,-0.23,4.E-02));
#1296 = VECTOR('',#1297,1.);
#1297 = DIRECTION('',(1.,0.,0.));
#1298 = CYLINDRICAL_SURFACE('',#1299,2.E-02);
#1299 = AXIS2_PLACEMENT_3D('',#1300,#1301,#1302);
#1300 = CARTESIAN_POINT('',(-0.3,-0.21,4.E-02));
#1301 = DIRECTION('',(1.,0.,0.));
#1302 = DIRECTION('',(0.,-1.,0.));
#1303 = ADVANCED_FACE('',(#1304),#1322,.F.);
#1304 = FACE_BOUND('',#1305,.F.);
#1305 = EDGE_LOOP('',(#1306,#1307,#1308,#1316));
#1306 = ORIENTED_EDGE('',*,*,#1261,.F.);
#1307 = ORIENTED_EDGE('',*,*,#1276,.T.);
#1308 = ORIENTED_EDGE('',*,*,#1309,.T.);
#1309 = EDGE_CURVE('',#1277,#1310,#1312,.T.);
#1310 = VERTEX_POINT('',#1311);
#1311 = CARTESIAN_POINT('',(0.3,0.21,2.E-02));
#1312 = LINE('',#1313,#1314);
#1313 = CARTESIAN_POINT('',(0.3,-0.23,2.E-02));
#1314 = VECTOR('',#1315,1.);
#1315 = DIRECTION('',(0.,1.,0.));
#1316 = ORIENTED_EDGE('',*,*,#1317,.F.);
#1317 = EDGE_CURVE('',#1253,#1310,#1318,.T.);
#1318 = LINE('',#1319,#1320);
#1319 = CARTESIAN_POINT('',(-0.3,0.21,2.E-02));
#1320 = VECTOR('',#1321,1.);
#1321 = DIRECTION('',(1.,0.,0.));
#1322 = PLANE('',#1323);
#1323 = AXIS2_PLACEMENT_3D('',#1324,#1325,#1326);
#1324 = CARTESIAN_POINT('',(-0.3,-0.23,2.E-02));
#1325 = DIRECTION('',(0.,0.,1.));
#1326 = DIRECTION('',(1.,0.,-0.));
#1327 = ADVANCED_FACE('',(#1328),#1347,.T.);
#1328 = FACE_BOUND('',#1329,.T.);
#1329 = EDGE_LOOP('',(#1330,#1338,#1345,#1346));
#1330 = ORIENTED_EDGE('',*,*,#1331,.T.);
#1331 = EDGE_CURVE('',#1245,#1332,#1334,.T.);
#1332 = VERTEX_POINT('',#1333);
#1333 = CARTESIAN_POINT('',(0.3,0.23,4.E-02));
#1334 = LINE('',#1335,#1336);
#1335 = CARTESIAN_POINT('',(-0.3,0.23,4.E-02));
#1336 = VECTOR('',#1337,1.);
#1337 = DIRECTION('',(1.,0.,0.));
#1338 = ORIENTED_EDGE('',*,*,#1339,.T.);
#1339 = EDGE_CURVE('',#1332,#1310,#1340,.T.);
#1340 = CIRCLE('',#1341,2.E-02);
#1341 = AXIS2_PLACEMENT_3D('',#1342,#1343,#1344);
#1342 = CARTESIAN_POINT('',(0.3,0.21,4.E-02));
#1343 = DIRECTION('',(-1.,0.,0.));
#1344 = DIRECTION('',(0.,0.,1.));
#1345 = ORIENTED_EDGE('',*,*,#1317,.F.);
#1346 = ORIENTED_EDGE('',*,*,#1252,.F.);
#1347 = CYLINDRICAL_SURFACE('',#1348,2.E-02);
#1348 = AXIS2_PLACEMENT_3D('',#1349,#1350,#1351);
#1349 = CARTESIAN_POINT('',(-0.3,0.21,4.E-02));
#1350 = DIRECTION('',(1.,0.,0.));
#1351 = DIRECTION('',(-0.,1.,0.));
#1352 = ADVANCED_FACE('',(#1353),#1371,.T.);
#1353 = FACE_BOUND('',#1354,.T.);
#1354 = EDGE_LOOP('',(#1355,#1363,#1364,#1365));
#1355 = ORIENTED_EDGE('',*,*,#1356,.F.);
#1356 = EDGE_CURVE('',#1332,#1357,#1359,.T.);
#1357 = VERTEX_POINT('',#1358);
#1358 = CARTESIAN_POINT('',(0.3,0.23,0.46));
#1359 = LINE('',#1360,#1361);
#1360 = CARTESIAN_POINT('',(0.3,0.23,2.E-02));
#1361 = VECTOR('',#1362,1.);
#1362 = DIRECTION('',(0.,0.,1.));
#1363 = ORIENTED_EDGE('',*,*,#1331,.F.);
#1364 = ORIENTED_EDGE('',*,*,#1244,.T.);
#1365 = ORIENTED_EDGE('',*,*,#1366,.T.);
#1366 = EDGE_CURVE('',#1236,#1357,#1367,.T.);
#1367 = LINE('',#1368,#1369);
#1368 = CARTESIAN_POINT('',(-0.3,0.23,0.46));
#1369 = VECTOR('',#1370,1.);
#1370 = DIRECTION('',(1.,0.,0.));
#1371 = PLANE('',#1372);
#1372 = AXIS2_PLACEMENT_3D('',#1373,#1374,#1375);
#1373 = CARTESIAN_POINT('',(-0.3,0.23,2.E-02));
#1374 = DIRECTION('',(0.,1.,0.));
#1375 = DIRECTION('',(0.,-0.,1.));
#1376 = ADVANCED_FACE('',(#1377),#1396,.T.);
#1377 = FACE_BOUND('',#1378,.T.);
#1378 = EDGE_LOOP('',(#1379,#1380,#1388,#1395));
#1379 = ORIENTED_EDGE('',*,*,#1235,.T.);
#1380 = ORIENTED_EDGE('',*,*,#1381,.T.);
#1381 = EDGE_CURVE('',#1228,#1382,#1384,.T.);
#1382 = VERTEX_POINT('',#1383);
#1383 = CARTESIAN_POINT('',(0.3,0.21,0.48));
#1384 = LINE('',#1385,#1386);
#1385 = CARTESIAN_POINT('',(-0.3,0.21,0.48));
#1386 = VECTOR('',#1387,1.);
#1387 = DIRECTION('',(1.,0.,0.));
#1388 = ORIENTED_EDGE('',*,*,#1389,.F.);
#1389 = EDGE_CURVE('',#1357,#1382,#1390,.T.);
#1390 = CIRCLE('',#1391,2.E-02);
#1391 = AXIS2_PLACEMENT_3D('',#1392,#1393,#1394);
#1392 = CARTESIAN_POINT('',(0.3,0.21,0.46));
#1393 = DIRECTION('',(1.,0.,-0.));
#1394 = DIRECTION('',(0.,0.,1.));
#1395 = ORIENTED_EDGE('',*,*,#1366,.F.);
#1396 = CYLINDRICAL_SURFACE('',#1397,2.E-02);
#1397 = AXIS2_PLACEMENT_3D('',#1398,#1399,#1400);
#1398 = CARTESIAN_POINT('',(-0.3,0.21,0.46));
#1399 = DIRECTION('',(1.,0.,0.));
#1400 = DIRECTION('',(-0.,1.,0.));
#1401 = ADVANCED_FACE('',(#1402),#1420,.T.);
#1402 = FACE_BOUND('',#1403,.T.);
#1403 = EDGE_LOOP('',(#1404,#1405,#1413,#1419));
#1404 = ORIENTED_EDGE('',*,*,#1227,.F.);
#1405 = ORIENTED_EDGE('',*,*,#1406,.T.);
#1406 = EDGE_CURVE('',#1219,#1407,#1409,.T.);
#1407 = VERTEX_POINT('',#1408);
#1408 = CARTESIAN_POINT('',(0.3,-0.21,0.48));
#1409 = LINE('',#1410,#1411);
#1410 = CARTESIAN_POINT('',(-0.3,-0.21,0.48));
#1411 = VECTOR('',#1412,1.);
#1412 = DIRECTION('',(1.,0.,0.));
#1413 = ORIENTED_EDGE('',*,*,#1414,.T.);
#1414 = EDGE_CURVE('',#1407,#1382,#1415,.T.);
#1415 = LINE('',#1416,#1417);
#1416 = CARTESIAN_POINT('',(0.3,-0.23,0.48));
#1417 = VECTOR('',#1418,1.);
#1418 = DIRECTION('',(0.,1.,0.));
#1419 = ORIENTED_EDGE('',*,*,#1381,.F.);
#1420 = PLANE('',#1421);
#1421 = AXIS2_PLACEMENT_3D('',#1422,#1423,#1424);
#1422 = CARTESIAN_POINT('',(-0.3,-0.23,0.48));
#1423 = DIRECTION('',(0.,0.,1.));
#1424 = DIRECTION('',(1.,0.,-0.));
#1425 = ADVANCED_FACE('',(#1426),#1445,.T.);
#1426 = FACE_BOUND('',#1427,.T.);
#1427 = EDGE_LOOP('',(#1428,#1436,#1443,#1444));
#1428 = ORIENTED_EDGE('',*,*,#1429,.T.);
#1429 = EDGE_CURVE('',#1211,#1430,#1432,.T.);
#1430 = VERTEX_POINT('',#1431);
#1431 = CARTESIAN_POINT('',(0.3,-0.23,0.46));
#1432 = LINE('',#1433,#1434);
#1433 = CARTESIAN_POINT('',(-0.3,-0.23,0.46));
#1434 = VECTOR('',#1435,1.);
#1435 = DIRECTION('',(1.,0.,0.));
#1436 = ORIENTED_EDGE('',*,*,#1437,.T.);
#1437 = EDGE_CURVE('',#1430,#1407,#1438,.T.);
#1438 = CIRCLE('',#1439,2.E-02);
#1439 = AXIS2_PLACEMENT_3D('',#1440,#1441,#1442);
#1440 = CARTESIAN_POINT('',(0.3,-0.21,0.46));
#1441 = DIRECTION('',(-1.,0.,0.));
#1442 = DIRECTION('',(0.,0.,1.));
#1443 = ORIENTED_EDGE('',*,*,#1406,.F.);
#1444 = ORIENTED_EDGE('',*,*,#1218,.F.);
#1445 = CYLINDRICAL_SURFACE('',#1446,2.E-02);
#1446 = AXIS2_PLACEMENT_3D('',#1447,#1448,#1449);
#1447 = CARTESIAN_POINT('',(-0.3,-0.21,0.46));
#1448 = DIRECTION('',(1.,0.,0.));
#1449 = DIRECTION('',(0.,-1.,0.));
#1450 = ADVANCED_FACE('',(#1451),#1462,.F.);
#1451 = FACE_BOUND('',#1452,.F.);
#1452 = EDGE_LOOP('',(#1453,#1459,#1460,#1461));
#1453 = ORIENTED_EDGE('',*,*,#1454,.F.);
#1454 = EDGE_CURVE('',#1285,#1430,#1455,.T.);
#1455 = LINE('',#1456,#1457);
#1456 = CARTESIAN_POINT('',(0.3,-0.23,2.E-02));
#1457 = VECTOR('',#1458,1.);
#1458 = DIRECTION('',(0.,0.,1.));
#1459 = ORIENTED_EDGE('',*,*,#1293,.F.);
#1460 = ORIENTED_EDGE('',*,*,#1210,.T.);
#1461 = ORIENTED_EDGE('',*,*,#1429,.T.);
#1462 = PLANE('',#1463);
#1463 = AXIS2_PLACEMENT_3D('',#1464,#1465,#1466);
#1464 = CARTESIAN_POINT('',(-0.3,-0.23,2.E-02));
#1465 = DIRECTION('',(0.,1.,0.));
#1466 = DIRECTION('',(0.,-0.,1.));
#1467 = ADVANCED_FACE('',(#1468,#1538),#1548,.F.);
#1468 = FACE_BOUND('',#1469,.F.);
#1469 = EDGE_LOOP('',(#1470,#1480,#1489,#1497,#1506,#1514,#1523,#1531));
#1470 = ORIENTED_EDGE('',*,*,#1471,.F.);
#1471 = EDGE_CURVE('',#1472,#1474,#1476,.T.);
#1472 = VERTEX_POINT('',#1473);
#1473 = CARTESIAN_POINT('',(0.3,-0.25,2.E-02));
#1474 = VERTEX_POINT('',#1475);
#1475 = CARTESIAN_POINT('',(0.3,-0.25,0.48));
#1476 = LINE('',#1477,#1478);
#1477 = CARTESIAN_POINT('',(0.3,-0.25,0.));
#1478 = VECTOR('',#1479,1.);
#1479 = DIRECTION('',(0.,0.,1.));
#1480 = ORIENTED_EDGE('',*,*,#1481,.T.);
#1481 = EDGE_CURVE('',#1472,#1482,#1484,.T.);
#1482 = VERTEX_POINT('',#1483);
#1483 = CARTESIAN_POINT('',(0.3,-0.23,0.));
#1484 = CIRCLE('',#1485,2.E-02);
#1485 = AXIS2_PLACEMENT_3D('',#1486,#1487,#1488);
#1486 = CARTESIAN_POINT('',(0.3,-0.23,2.E-02));
#1487 = DIRECTION('',(1.,0.,-0.));
#1488 = DIRECTION('',(0.,0.,1.));
#1489 = ORIENTED_EDGE('',*,*,#1490,.T.);
#1490 = EDGE_CURVE('',#1482,#1491,#1493,.T.);
#1491 = VERTEX_POINT('',#1492);
#1492 = CARTESIAN_POINT('',(0.3,0.23,0.));
#1493 = LINE('',#1494,#1495);
#1494 = CARTESIAN_POINT('',(0.3,-0.25,0.));
#1495 = VECTOR('',#1496,1.);
#1496 = DIRECTION('',(0.,1.,0.));
#1497 = ORIENTED_EDGE('',*,*,#1498,.F.);
#1498 = EDGE_CURVE('',#1499,#1491,#1501,.T.);
#1499 = VERTEX_POINT('',#1500);
#1500 = CARTESIAN_POINT('',(0.3,0.25,2.E-02));
#1501 = CIRCLE('',#1502,2.E-02);
#1502 = AXIS2_PLACEMENT_3D('',#1503,#1504,#1505);
#1503 = CARTESIAN_POINT('',(0.3,0.23,2.E-02));
#1504 = DIRECTION('',(-1.,0.,0.));
#1505 = DIRECTION('',(0.,0.,1.));
#1506 = ORIENTED_EDGE('',*,*,#1507,.T.);
#1507 = EDGE_CURVE('',#1499,#1508,#1510,.T.);
#1508 = VERTEX_POINT('',#1509);
#1509 = CARTESIAN_POINT('',(0.3,0.25,0.48));
#1510 = LINE('',#1511,#1512);
#1511 = CARTESIAN_POINT('',(0.3,0.25,0.));
#1512 = VECTOR('',#1513,1.);
#1513 = DIRECTION('',(0.,0.,1.));
#1514 = ORIENTED_EDGE('',*,*,#1515,.T.);
#1515 = EDGE_CURVE('',#1508,#1516,#1518,.T.);
#1516 = VERTEX_POINT('',#1517);
#1517 = CARTESIAN_POINT('',(0.3,0.23,0.5));
#1518 = CIRCLE('',#1519,2.E-02);
#1519 = AXIS2_PLACEMENT_3D('',#1520,#1521,#1522);
#1520 = CARTESIAN_POINT('',(0.3,0.23,0.48));
#1521 = DIRECTION('',(1.,0.,-0.));
#1522 = DIRECTION('',(0.,0.,1.));
#1523 = ORIENTED_EDGE('',*,*,#1524,.F.);
#1524 = EDGE_CURVE('',#1525,#1516,#1527,.T.);
#1525 = VERTEX_POINT('',#1526);
#1526 = CARTESIAN_POINT('',(0.3,-0.23,0.5));
#1527 = LINE('',#1528,#1529);
#1528 = CARTESIAN_POINT('',(0.3,-0.25,0.5));
#1529 = VECTOR('',#1530,1.);
#1530 = DIRECTION('',(0.,1.,0.));
#1531 = ORIENTED_EDGE('',*,*,#1532,.F.);
#1532 = EDGE_CURVE('',#1474,#1525,#1533,.T.);
#1533 = CIRCLE('',#1534,2.E-02);
#1534 = AXIS2_PLACEMENT_3D('',#1535,#1536,#1537);
#1535 = CARTESIAN_POINT('',(0.3,-0.23,0.48));
#1536 = DIRECTION('',(-1.,0.,0.));
#1537 = DIRECTION('',(0.,0.,1.));
#1538 = FACE_BOUND('',#1539,.F.);
#1539 = EDGE_LOOP('',(#1540,#1541,#1542,#1543,#1544,#1545,#1546,#1547));
#1540 = ORIENTED_EDGE('',*,*,#1284,.F.);
#1541 = ORIENTED_EDGE('',*,*,#1454,.T.);
#1542 = ORIENTED_EDGE('',*,*,#1437,.T.);
#1543 = ORIENTED_EDGE('',*,*,#1414,.T.);
#1544 = ORIENTED_EDGE('',*,*,#1389,.F.);
#1545 = ORIENTED_EDGE('',*,*,#1356,.F.);
#1546 = ORIENTED_EDGE('',*,*,#1339,.T.);
#1547 = ORIENTED_EDGE('',*,*,#1309,.F.);
#1548 = PLANE('',#1549);
#1549 = AXIS2_PLACEMENT_3D('',#1550,#1551,#1552);
#1550 = CARTESIAN_POINT('',(0.3,-0.25,0.));
#1551 = DIRECTION('',(1.,0.,0.));
#1552 = DIRECTION('',(0.,0.,1.));
#1553 = ADVANCED_FACE('',(#1554),#1579,.F.);
#1554 = FACE_BOUND('',#1555,.F.);
#1555 = EDGE_LOOP('',(#1556,#1566,#1572,#1573));
#1556 = ORIENTED_EDGE('',*,*,#1557,.F.);
#1557 = EDGE_CURVE('',#1558,#1560,#1562,.T.);
#1558 = VERTEX_POINT('',#1559);
#1559 = CARTESIAN_POINT('',(0.5,-0.25,2.E-02));
#1560 = VERTEX_POINT('',#1561);
#1561 = CARTESIAN_POINT('',(0.5,-0.25,0.48));
#1562 = LINE('',#1563,#1564);
#1563 = CARTESIAN_POINT('',(0.5,-0.25,0.));
#1564 = VECTOR('',#1565,1.);
#1565 = DIRECTION('',(0.,0.,1.));
#1566 = ORIENTED_EDGE('',*,*,#1567,.F.);
#1567 = EDGE_CURVE('',#1472,#1558,#1568,.T.);
#1568 = LINE('',#1569,#1570);
#1569 = CARTESIAN_POINT('',(0.3,-0.25,2.E-02));
#1570 = VECTOR('',#1571,1.);
#1571 = DIRECTION('',(1.,0.,0.));
#1572 = ORIENTED_EDGE('',*,*,#1471,.T.);
#1573 = ORIENTED_EDGE('',*,*,#1574,.T.);
#1574 = EDGE_CURVE('',#1474,#1560,#1575,.T.);
#1575 = LINE('',#1576,#1577);
#1576 = CARTESIAN_POINT('',(0.3,-0.25,0.48));
#1577 = VECTOR('',#1578,1.);
#1578 = DIRECTION('',(1.,0.,0.));
#1579 = PLANE('',#1580);
#1580 = AXIS2_PLACEMENT_3D('',#1581,#1582,#1583);
#1581 = CARTESIAN_POINT('',(0.3,-0.25,0.));
#1582 = DIRECTION('',(0.,1.,0.));
#1583 = DIRECTION('',(0.,-0.,1.));
#1584 = ADVANCED_FACE('',(#1585),#1604,.T.);
#1585 = FACE_BOUND('',#1586,.T.);
#1586 = EDGE_LOOP('',(#1587,#1588,#1596,#1603));
#1587 = ORIENTED_EDGE('',*,*,#1481,.T.);
#1588 = ORIENTED_EDGE('',*,*,#1589,.T.);
#1589 = EDGE_CURVE('',#1482,#1590,#1592,.T.);
#1590 = VERTEX_POINT('',#1591);
#1591 = CARTESIAN_POINT('',(0.5,-0.23,0.));
#1592 = LINE('',#1593,#1594);
#1593 = CARTESIAN_POINT('',(0.3,-0.23,0.));
#1594 = VECTOR('',#1595,1.);
#1595 = DIRECTION('',(1.,0.,0.));
#1596 = ORIENTED_EDGE('',*,*,#1597,.F.);
#1597 = EDGE_CURVE('',#1558,#1590,#1598,.T.);
#1598 = CIRCLE('',#1599,2.E-02);
#1599 = AXIS2_PLACEMENT_3D('',#1600,#1601,#1602);
#1600 = CARTESIAN_POINT('',(0.5,-0.23,2.E-02));
#1601 = DIRECTION('',(1.,0.,-0.));
#1602 = DIRECTION('',(0.,0.,1.));
#1603 = ORIENTED_EDGE('',*,*,#1567,.F.);
#1604 = CYLINDRICAL_SURFACE('',#1605,2.E-02);
#1605 = AXIS2_PLACEMENT_3D('',#1606,#1607,#1608);
#1606 = CARTESIAN_POINT('',(0.3,-0.23,2.E-02));
#1607 = DIRECTION('',(1.,0.,0.));
#1608 = DIRECTION('',(0.,-1.,0.));
#1609 = ADVANCED_FACE('',(#1610),#1629,.T.);
#1610 = FACE_BOUND('',#1611,.T.);
#1611 = EDGE_LOOP('',(#1612,#1613,#1622,#1628));
#1612 = ORIENTED_EDGE('',*,*,#1574,.T.);
#1613 = ORIENTED_EDGE('',*,*,#1614,.T.);
#1614 = EDGE_CURVE('',#1560,#1615,#1617,.T.);
#1615 = VERTEX_POINT('',#1616);
#1616 = CARTESIAN_POINT('',(0.5,-0.23,0.5));
#1617 = CIRCLE('',#1618,2.E-02);
#1618 = AXIS2_PLACEMENT_3D('',#1619,#1620,#1621);
#1619 = CARTESIAN_POINT('',(0.5,-0.23,0.48));
#1620 = DIRECTION('',(-1.,0.,0.));
#1621 = DIRECTION('',(0.,0.,1.));
#1622 = ORIENTED_EDGE('',*,*,#1623,.F.);
#1623 = EDGE_CURVE('',#1525,#1615,#1624,.T.);
#1624 = LINE('',#1625,#1626);
#1625 = CARTESIAN_POINT('',(0.3,-0.23,0.5));
#1626 = VECTOR('',#1627,1.);
#1627 = DIRECTION('',(1.,0.,0.));
#1628 = ORIENTED_EDGE('',*,*,#1532,.F.);
#1629 = CYLINDRICAL_SURFACE('',#1630,2.E-02);
#1630 = AXIS2_PLACEMENT_3D('',#1631,#1632,#1633);
#1631 = CARTESIAN_POINT('',(0.3,-0.23,0.48));
#1632 = DIRECTION('',(1.,0.,0.));
#1633 = DIRECTION('',(0.,-1.,0.));
#1634 = ADVANCED_FACE('',(#1635),#1653,.F.);
#1635 = FACE_BOUND('',#1636,.F.);
#1636 = EDGE_LOOP('',(#1637,#1638,#1639,#1647));
#1637 = ORIENTED_EDGE('',*,*,#1490,.F.);
#1638 = ORIENTED_EDGE('',*,*,#1589,.T.);
#1639 = ORIENTED_EDGE('',*,*,#1640,.T.);
#1640 = EDGE_CURVE('',#1590,#1641,#1643,.T.);
#1641 = VERTEX_POINT('',#1642);
#1642 = CARTESIAN_POINT('',(0.5,0.23,0.));
#1643 = LINE('',#1644,#1645);
#1644 = CARTESIAN_POINT('',(0.5,-0.25,0.));
#1645 = VECTOR('',#1646,1.);
#1646 = DIRECTION('',(0.,1.,0.));
#1647 = ORIENTED_EDGE('',*,*,#1648,.F.);
#1648 = EDGE_CURVE('',#1491,#1641,#1649,.T.);
#1649 = LINE('',#1650,#1651);
#1650 = CARTESIAN_POINT('',(0.3,0.23,0.));
#1651 = VECTOR('',#1652,1.);
#1652 = DIRECTION('',(1.,0.,0.));
#1653 = PLANE('',#1654);
#1654 = AXIS2_PLACEMENT_3D('',#1655,#1656,#1657);
#1655 = CARTESIAN_POINT('',(0.3,-0.25,0.));
#1656 = DIRECTION('',(0.,0.,1.));
#1657 = DIRECTION('',(1.,0.,-0.));
#1658 = ADVANCED_FACE('',(#1659),#1677,.T.);
#1659 = FACE_BOUND('',#1660,.T.);
#1660 = EDGE_LOOP('',(#1661,#1662,#1663,#1671));
#1661 = ORIENTED_EDGE('',*,*,#1524,.F.);
#1662 = ORIENTED_EDGE('',*,*,#1623,.T.);
#1663 = ORIENTED_EDGE('',*,*,#1664,.T.);
#1664 = EDGE_CURVE('',#1615,#1665,#1667,.T.);
#1665 = VERTEX_POINT('',#1666);
#1666 = CARTESIAN_POINT('',(0.5,0.23,0.5));
#1667 = LINE('',#1668,#1669);
#1668 = CARTESIAN_POINT('',(0.5,-0.25,0.5));
#1669 = VECTOR('',#1670,1.);
#1670 = DIRECTION('',(0.,1.,0.));
#1671 = ORIENTED_EDGE('',*,*,#1672,.F.);
#1672 = EDGE_CURVE('',#1516,#1665,#1673,.T.);
#1673 = LINE('',#1674,#1675);
#1674 = CARTESIAN_POINT('',(0.3,0.23,0.5));
#1675 = VECTOR('',#1676,1.);
#1676 = DIRECTION('',(1.,0.,0.));
#1677 = PLANE('',#1678);
#1678 = AXIS2_PLACEMENT_3D('',#1679,#1680,#1681);
#1679 = CARTESIAN_POINT('',(0.3,-0.25,0.5));
#1680 = DIRECTION('',(0.,0.,1.));
#1681 = DIRECTION('',(1.,0.,-0.));
#1682 = ADVANCED_FACE('',(#1683),#1702,.T.);
#1683 = FACE_BOUND('',#1684,.T.);
#1684 = EDGE_LOOP('',(#1685,#1693,#1700,#1701));
#1685 = ORIENTED_EDGE('',*,*,#1686,.T.);
#1686 = EDGE_CURVE('',#1499,#1687,#1689,.T.);
#1687 = VERTEX_POINT('',#1688);
#1688 = CARTESIAN_POINT('',(0.5,0.25,2.E-02));
#1689 = LINE('',#1690,#1691);
#1690 = CARTESIAN_POINT('',(0.3,0.25,2.E-02));
#1691 = VECTOR('',#1692,1.);
#1692 = DIRECTION('',(1.,0.,0.));
#1693 = ORIENTED_EDGE('',*,*,#1694,.T.);
#1694 = EDGE_CURVE('',#1687,#1641,#1695,.T.);
#1695 = CIRCLE('',#1696,2.E-02);
#1696 = AXIS2_PLACEMENT_3D('',#1697,#1698,#1699);
#1697 = CARTESIAN_POINT('',(0.5,0.23,2.E-02));
#1698 = DIRECTION('',(-1.,0.,0.));
#1699 = DIRECTION('',(0.,0.,1.));
#1700 = ORIENTED_EDGE('',*,*,#1648,.F.);
#1701 = ORIENTED_EDGE('',*,*,#1498,.F.);
#1702 = CYLINDRICAL_SURFACE('',#1703,2.E-02);
#1703 = AXIS2_PLACEMENT_3D('',#1704,#1705,#1706);
#1704 = CARTESIAN_POINT('',(0.3,0.23,2.E-02));
#1705 = DIRECTION('',(1.,0.,0.));
#1706 = DIRECTION('',(-0.,1.,0.));
#1707 = ADVANCED_FACE('',(#1708),#1727,.T.);
#1708 = FACE_BOUND('',#1709,.T.);
#1709 = EDGE_LOOP('',(#1710,#1711,#1712,#1721));
#1710 = ORIENTED_EDGE('',*,*,#1515,.T.);
#1711 = ORIENTED_EDGE('',*,*,#1672,.T.);
#1712 = ORIENTED_EDGE('',*,*,#1713,.F.);
#1713 = EDGE_CURVE('',#1714,#1665,#1716,.T.);
#1714 = VERTEX_POINT('',#1715);
#1715 = CARTESIAN_POINT('',(0.5,0.25,0.48));
#1716 = CIRCLE('',#1717,2.E-02);
#1717 = AXIS2_PLACEMENT_3D('',#1718,#1719,#1720);
#1718 = CARTESIAN_POINT('',(0.5,0.23,0.48));
#1719 = DIRECTION('',(1.,0.,-0.));
#1720 = DIRECTION('',(0.,0.,1.));
#1721 = ORIENTED_EDGE('',*,*,#1722,.F.);
#1722 = EDGE_CURVE('',#1508,#1714,#1723,.T.);
#1723 = LINE('',#1724,#1725);
#1724 = CARTESIAN_POINT('',(0.3,0.25,0.48));
#1725 = VECTOR('',#1726,1.);
#1726 = DIRECTION('',(1.,0.,0.));
#1727 = CYLINDRICAL_SURFACE('',#1728,2.E-02);
#1728 = AXIS2_PLACEMENT_3D('',#1729,#1730,#1731);
#1729 = CARTESIAN_POINT('',(0.3,0.23,0.48));
#1730 = DIRECTION('',(1.,0.,0.));
#1731 = DIRECTION('',(-0.,1.,0.));
#1732 = ADVANCED_FACE('',(#1733),#1744,.T.);
#1733 = FACE_BOUND('',#1734,.T.);
#1734 = EDGE_LOOP('',(#1735,#1741,#1742,#1743));
#1735 = ORIENTED_EDGE('',*,*,#1736,.F.);
#1736 = EDGE_CURVE('',#1687,#1714,#1737,.T.);
#1737 = LINE('',#1738,#1739);
#1738 = CARTESIAN_POINT('',(0.5,0.25,0.));
#1739 = VECTOR('',#1740,1.);
#1740 = DIRECTION('',(0.,0.,1.));
#1741 = ORIENTED_EDGE('',*,*,#1686,.F.);
#1742 = ORIENTED_EDGE('',*,*,#1507,.T.);
#1743 = ORIENTED_EDGE('',*,*,#1722,.T.);
#1744 = PLANE('',#1745);
#1745 = AXIS2_PLACEMENT_3D('',#1746,#1747,#1748);
#1746 = CARTESIAN_POINT('',(0.3,0.25,0.));
#1747 = DIRECTION('',(0.,1.,0.));
#1748 = DIRECTION('',(0.,-0.,1.));
#1749 = ADVANCED_FACE('',(#1750),#1760,.T.);
#1750 = FACE_BOUND('',#1751,.T.);
#1751 = EDGE_LOOP('',(#1752,#1753,#1754,#1755,#1756,#1757,#1758,#1759));
#1752 = ORIENTED_EDGE('',*,*,#1557,.F.);
#1753 = ORIENTED_EDGE('',*,*,#1597,.T.);
#1754 = ORIENTED_EDGE('',*,*,#1640,.T.);
#1755 = ORIENTED_EDGE('',*,*,#1694,.F.);
#1756 = ORIENTED_EDGE('',*,*,#1736,.T.);
#1757 = ORIENTED_EDGE('',*,*,#1713,.T.);
#1758 = ORIENTED_EDGE('',*,*,#1664,.F.);
#1759 = ORIENTED_EDGE('',*,*,#1614,.F.);
#1760 = PLANE('',#1761);
#1761 = AXIS2_PLACEMENT_3D('',#1762,#1763,#1764);
#1762 = CARTESIAN_POINT('',(0.5,-0.25,0.));
#1763 = DIRECTION('',(1.,0.,0.));
#1764 = DIRECTION('',(0.,0.,1.));
#1765 = ( GEOMETRIC_REPRESENTATION_CONTEXT(3) 
GLOBAL_UNCERTAINTY_ASSIGNED_CONTEXT((#1769)) 
GLOBAL_UNIT_ASSIGNED_CONTEXT((#1766,#1767,#1768)) REPRESENTATION_CONTEXT
('Context #1','3D Context with UNIT and UNCERTAINTY') );
#1766 = ( LENGTH_UNIT() NAMED_UNIT(*) SI_UNIT(.MILLI.,.METRE.) );
#1767 = ( NAMED_UNIT(*) PLANE_ANGLE_UNIT() SI_UNIT($,.RADIAN.) );
#1768 = ( NAMED_UNIT(*) SI_UNIT($,.STERADIAN.) SOLID_ANGLE_UNIT() );
#1769 = UNCERTAINTY_MEASURE_WITH_UNIT(LENGTH_MEASURE(1.E-07),#1766,
  'distance_accuracy_value','confusion accuracy');
#1770 = CONTEXT_DEPENDENT_SHAPE_REPRESENTATION(#1771,#1773);
#1771 = ( REPRESENTATION_RELATIONSHIP('','',#910,#10) 
REPRESENTATION_RELATIONSHIP_WITH_TRANSFORMATION(#1772) 
SHAPE_REPRESENTATION_RELATIONSHIP() );
#1772 = ITEM_DEFINED_TRANSFORMATION('','',#11,#23);
#1773 = PRODUCT_DEFINITION_SHAPE('Placement','Placement of an item',
  #1774);
#1774 = NEXT_ASSEMBLY_USAGE_OCCURRENCE('3','C9','',#5,#905,$);
#1775 = PRODUCT_RELATED_PRODUCT_CATEGORY('part',$,(#907));
#1776 = CONTEXT_DEPENDENT_SHAPE_REPRESENTATION(#1777,#1779);
#1777 = ( REPRESENTATION_RELATIONSHIP('','',#96,#10) 
REPRESENTATION_RELATIONSHIP_WITH_TRANSFORMATION(#1778) 
SHAPE_REPRESENTATION_RELATIONSHIP() );
#1778 = ITEM_DEFINED_TRANSFORMATION('','',#11,#27);
#1779 = PRODUCT_DEFINITION_SHAPE('Placement','Placement of an item',
  #1780);
#1780 = NEXT_ASSEMBLY_USAGE_OCCURRENCE('4','R2','',#5,#91,$);
#1781 = SHAPE_DEFINITION_REPRESENTATION(#1782,#1788);
#1782 = PRODUCT_DEFINITION_SHAPE('','',#1783);
#1783 = PRODUCT_DEFINITION('design','',#1784,#1787);
#1784 = PRODUCT_DEFINITION_FORMATION('','',#1785);
#1785 = PRODUCT('LED_0603_1608Metric','LED_0603_1608Metric','',(#1786));
#1786 = PRODUCT_CONTEXT('',#2,'mechanical');
#1787 = PRODUCT_DEFINITION_CONTEXT('part definition',#2,'design');
#1788 = ADVANCED_BREP_SHAPE_REPRESENTATION('',(#11,#1789),#3312);
#1789 = MANIFOLD_SOLID_BREP('',#1790);
#1790 = CLOSED_SHELL('',(#1791,#1831,#1878,#1957,#1981,#2021,#2052,#2069
    ,#2102,#2126,#2193,#2314,#2381,#2405,#2436,#2469,#2525,#2549,#2573,
    #2597,#2630,#2642,#2705,#2730,#2747,#2771,#2789,#2807,#2825,#2842,
    #2859,#2890,#2915,#2940,#2964,#2981,#3012,#3036,#3053,#3081,#3106,
    #3130,#3155,#3202,#3219,#3231,#3253,#3265,#3283,#3301));
#1791 = ADVANCED_FACE('',(#1792),#1826,.F.);
#1792 = FACE_BOUND('',#1793,.F.);
#1793 = EDGE_LOOP('',(#1794,#1804,#1812,#1820));
#1794 = ORIENTED_EDGE('',*,*,#1795,.T.);
#1795 = EDGE_CURVE('',#1796,#1798,#1800,.T.);
#1796 = VERTEX_POINT('',#1797);
#1797 = CARTESIAN_POINT('',(-0.5,-0.4,0.47));
#1798 = VERTEX_POINT('',#1799);
#1799 = CARTESIAN_POINT('',(-0.45,-0.4,1.1));
#1800 = LINE('',#1801,#1802);
#1801 = CARTESIAN_POINT('',(-0.5,-0.4,0.47));
#1802 = VECTOR('',#1803,1.);
#1803 = DIRECTION('',(7.911630099815E-02,0.,0.996865392576));
#1804 = ORIENTED_EDGE('',*,*,#1805,.T.);
#1805 = EDGE_CURVE('',#1798,#1806,#1808,.T.);
#1806 = VERTEX_POINT('',#1807);
#1807 = CARTESIAN_POINT('',(0.45,-0.4,1.1));
#1808 = LINE('',#1809,#1810);
#1809 = CARTESIAN_POINT('',(-0.45,-0.4,1.1));
#1810 = VECTOR('',#1811,1.);
#1811 = DIRECTION('',(1.,0.,0.));
#1812 = ORIENTED_EDGE('',*,*,#1813,.T.);
#1813 = EDGE_CURVE('',#1806,#1814,#1816,.T.);
#1814 = VERTEX_POINT('',#1815);
#1815 = CARTESIAN_POINT('',(0.5,-0.4,0.47));
#1816 = LINE('',#1817,#1818);
#1817 = CARTESIAN_POINT('',(0.45,-0.4,1.1));
#1818 = VECTOR('',#1819,1.);
#1819 = DIRECTION('',(7.911630099815E-02,0.,-0.996865392576));
#1820 = ORIENTED_EDGE('',*,*,#1821,.T.);
#1821 = EDGE_CURVE('',#1814,#1796,#1822,.T.);
#1822 = LINE('',#1823,#1824);
#1823 = CARTESIAN_POINT('',(0.5,-0.4,0.47));
#1824 = VECTOR('',#1825,1.);
#1825 = DIRECTION('',(-1.,0.,0.));
#1826 = PLANE('',#1827);
#1827 = AXIS2_PLACEMENT_3D('',#1828,#1829,#1830);
#1828 = CARTESIAN_POINT('',(-8.772411109409E-18,-0.4,0.775044128294));
#1829 = DIRECTION('',(0.,1.,0.));
#1830 = DIRECTION('',(0.,-0.,1.));
#1831 = ADVANCED_FACE('',(#1832),#1873,.T.);
#1832 = FACE_BOUND('',#1833,.T.);
#1833 = EDGE_LOOP('',(#1834,#1844,#1852,#1858,#1859,#1867));
#1834 = ORIENTED_EDGE('',*,*,#1835,.T.);
#1835 = EDGE_CURVE('',#1836,#1838,#1840,.T.);
#1836 = VERTEX_POINT('',#1837);
#1837 = CARTESIAN_POINT('',(-0.5,0.4,0.47));
#1838 = VERTEX_POINT('',#1839);
#1839 = CARTESIAN_POINT('',(-0.5,0.3,0.47));
#1840 = LINE('',#1841,#1842);
#1841 = CARTESIAN_POINT('',(-0.5,0.4,0.47));
#1842 = VECTOR('',#1843,1.);
#1843 = DIRECTION('',(0.,-1.,0.));
#1844 = ORIENTED_EDGE('',*,*,#1845,.F.);
#1845 = EDGE_CURVE('',#1846,#1838,#1848,.T.);
#1846 = VERTEX_POINT('',#1847);
#1847 = CARTESIAN_POINT('',(-0.5,-0.3,0.47));
#1848 = LINE('',#1849,#1850);
#1849 = CARTESIAN_POINT('',(-0.5,-0.4,0.47));
#1850 = VECTOR('',#1851,1.);
#1851 = DIRECTION('',(0.,1.,0.));
#1852 = ORIENTED_EDGE('',*,*,#1853,.T.);
#1853 = EDGE_CURVE('',#1846,#1796,#1854,.T.);
#1854 = LINE('',#1855,#1856);
#1855 = CARTESIAN_POINT('',(-0.5,0.4,0.47));
#1856 = VECTOR('',#1857,1.);
#1857 = DIRECTION('',(0.,-1.,0.));
#1858 = ORIENTED_EDGE('',*,*,#1795,.T.);
#1859 = ORIENTED_EDGE('',*,*,#1860,.F.);
#1860 = EDGE_CURVE('',#1861,#1798,#1863,.T.);
#1861 = VERTEX_POINT('',#1862);
#1862 = CARTESIAN_POINT('',(-0.45,0.4,1.1));
#1863 = LINE('',#1864,#1865);
#1864 = CARTESIAN_POINT('',(-0.45,0.4,1.1));
#1865 = VECTOR('',#1866,1.);
#1866 = DIRECTION('',(0.,-1.,0.));
#1867 = ORIENTED_EDGE('',*,*,#1868,.F.);
#1868 = EDGE_CURVE('',#1836,#1861,#1869,.T.);
#1869 = LINE('',#1870,#1871);
#1870 = CARTESIAN_POINT('',(-0.5,0.4,0.47));
#1871 = VECTOR('',#1872,1.);
#1872 = DIRECTION('',(7.911630099815E-02,0.,0.996865392576));
#1873 = PLANE('',#1874);
#1874 = AXIS2_PLACEMENT_3D('',#1875,#1876,#1877);
#1875 = CARTESIAN_POINT('',(-0.5,0.4,0.47));
#1876 = DIRECTION('',(-0.996865392576,0.,7.911630099815E-02));
#1877 = DIRECTION('',(7.911630099815E-02,0.,0.996865392576));
#1878 = ADVANCED_FACE('',(#1879),#1952,.F.);
#1879 = FACE_BOUND('',#1880,.F.);
#1880 = EDGE_LOOP('',(#1881,#1891,#1899,#1907,#1913,#1914,#1922,#1930,
    #1938,#1946));
#1881 = ORIENTED_EDGE('',*,*,#1882,.F.);
#1882 = EDGE_CURVE('',#1883,#1885,#1887,.T.);
#1883 = VERTEX_POINT('',#1884);
#1884 = CARTESIAN_POINT('',(-0.77,-0.4,3.E-02));
#1885 = VERTEX_POINT('',#1886);
#1886 = CARTESIAN_POINT('',(-0.725,-0.4,3.E-02));
#1887 = LINE('',#1888,#1889);
#1888 = CARTESIAN_POINT('',(-0.77,-0.4,3.E-02));
#1889 = VECTOR('',#1890,1.);
#1890 = DIRECTION('',(1.,0.,0.));
#1891 = ORIENTED_EDGE('',*,*,#1892,.T.);
#1892 = EDGE_CURVE('',#1883,#1893,#1895,.T.);
#1893 = VERTEX_POINT('',#1894);
#1894 = CARTESIAN_POINT('',(-0.77,-0.4,0.47));
#1895 = LINE('',#1896,#1897);
#1896 = CARTESIAN_POINT('',(-0.77,-0.4,3.E-02));
#1897 = VECTOR('',#1898,1.);
#1898 = DIRECTION('',(0.,0.,1.));
#1899 = ORIENTED_EDGE('',*,*,#1900,.T.);
#1900 = EDGE_CURVE('',#1893,#1901,#1903,.T.);
#1901 = VERTEX_POINT('',#1902);
#1902 = CARTESIAN_POINT('',(-0.725,-0.4,0.47));
#1903 = LINE('',#1904,#1905);
#1904 = CARTESIAN_POINT('',(-0.77,-0.4,0.47));
#1905 = VECTOR('',#1906,1.);
#1906 = DIRECTION('',(1.,0.,0.));
#1907 = ORIENTED_EDGE('',*,*,#1908,.T.);
#1908 = EDGE_CURVE('',#1901,#1796,#1909,.T.);
#1909 = LINE('',#1910,#1911);
#1910 = CARTESIAN_POINT('',(-0.77,-0.4,0.47));
#1911 = VECTOR('',#1912,1.);
#1912 = DIRECTION('',(1.,0.,0.));
#1913 = ORIENTED_EDGE('',*,*,#1821,.F.);
#1914 = ORIENTED_EDGE('',*,*,#1915,.T.);
#1915 = EDGE_CURVE('',#1814,#1916,#1918,.T.);
#1916 = VERTEX_POINT('',#1917);
#1917 = CARTESIAN_POINT('',(0.725,-0.4,0.47));
#1918 = LINE('',#1919,#1920);
#1919 = CARTESIAN_POINT('',(-0.77,-0.4,0.47));
#1920 = VECTOR('',#1921,1.);
#1921 = DIRECTION('',(1.,0.,0.));
#1922 = ORIENTED_EDGE('',*,*,#1923,.T.);
#1923 = EDGE_CURVE('',#1916,#1924,#1926,.T.);
#1924 = VERTEX_POINT('',#1925);
#1925 = CARTESIAN_POINT('',(0.77,-0.4,0.47));
#1926 = LINE('',#1927,#1928);
#1927 = CARTESIAN_POINT('',(-0.77,-0.4,0.47));
#1928 = VECTOR('',#1929,1.);
#1929 = DIRECTION('',(1.,0.,0.));
#1930 = ORIENTED_EDGE('',*,*,#1931,.F.);
#1931 = EDGE_CURVE('',#1932,#1924,#1934,.T.);
#1932 = VERTEX_POINT('',#1933);
#1933 = CARTESIAN_POINT('',(0.77,-0.4,3.E-02));
#1934 = LINE('',#1935,#1936);
#1935 = CARTESIAN_POINT('',(0.77,-0.4,3.E-02));
#1936 = VECTOR('',#1937,1.);
#1937 = DIRECTION('',(0.,0.,1.));
#1938 = ORIENTED_EDGE('',*,*,#1939,.F.);
#1939 = EDGE_CURVE('',#1940,#1932,#1942,.T.);
#1940 = VERTEX_POINT('',#1941);
#1941 = CARTESIAN_POINT('',(0.725,-0.4,3.E-02));
#1942 = LINE('',#1943,#1944);
#1943 = CARTESIAN_POINT('',(-0.77,-0.4,3.E-02));
#1944 = VECTOR('',#1945,1.);
#1945 = DIRECTION('',(1.,0.,0.));
#1946 = ORIENTED_EDGE('',*,*,#1947,.F.);
#1947 = EDGE_CURVE('',#1885,#1940,#1948,.T.);
#1948 = LINE('',#1949,#1950);
#1949 = CARTESIAN_POINT('',(-0.77,-0.4,3.E-02));
#1950 = VECTOR('',#1951,1.);
#1951 = DIRECTION('',(1.,0.,0.));
#1952 = PLANE('',#1953);
#1953 = AXIS2_PLACEMENT_3D('',#1954,#1955,#1956);
#1954 = CARTESIAN_POINT('',(-0.77,-0.4,3.E-02));
#1955 = DIRECTION('',(0.,1.,0.));
#1956 = DIRECTION('',(0.,-0.,1.));
#1957 = ADVANCED_FACE('',(#1958),#1976,.T.);
#1958 = FACE_BOUND('',#1959,.T.);
#1959 = EDGE_LOOP('',(#1960,#1961,#1962,#1970));
#1960 = ORIENTED_EDGE('',*,*,#1860,.T.);
#1961 = ORIENTED_EDGE('',*,*,#1805,.T.);
#1962 = ORIENTED_EDGE('',*,*,#1963,.F.);
#1963 = EDGE_CURVE('',#1964,#1806,#1966,.T.);
#1964 = VERTEX_POINT('',#1965);
#1965 = CARTESIAN_POINT('',(0.45,0.4,1.1));
#1966 = LINE('',#1967,#1968);
#1967 = CARTESIAN_POINT('',(0.45,0.4,1.1));
#1968 = VECTOR('',#1969,1.);
#1969 = DIRECTION('',(0.,-1.,0.));
#1970 = ORIENTED_EDGE('',*,*,#1971,.F.);
#1971 = EDGE_CURVE('',#1861,#1964,#1972,.T.);
#1972 = LINE('',#1973,#1974);
#1973 = CARTESIAN_POINT('',(-0.45,0.4,1.1));
#1974 = VECTOR('',#1975,1.);
#1975 = DIRECTION('',(1.,0.,0.));
#1976 = PLANE('',#1977);
#1977 = AXIS2_PLACEMENT_3D('',#1978,#1979,#1980);
#1978 = CARTESIAN_POINT('',(-0.45,0.4,1.1));
#1979 = DIRECTION('',(0.,0.,1.));
#1980 = DIRECTION('',(1.,0.,-0.));
#1981 = ADVANCED_FACE('',(#1982),#2016,.T.);
#1982 = FACE_BOUND('',#1983,.T.);
#1983 = EDGE_LOOP('',(#1984,#1985,#1986,#1994,#2002,#2010));
#1984 = ORIENTED_EDGE('',*,*,#1963,.T.);
#1985 = ORIENTED_EDGE('',*,*,#1813,.T.);
#1986 = ORIENTED_EDGE('',*,*,#1987,.F.);
#1987 = EDGE_CURVE('',#1988,#1814,#1990,.T.);
#1988 = VERTEX_POINT('',#1989);
#1989 = CARTESIAN_POINT('',(0.5,-0.3,0.47));
#1990 = LINE('',#1991,#1992);
#1991 = CARTESIAN_POINT('',(0.5,0.4,0.47));
#1992 = VECTOR('',#1993,1.);
#1993 = DIRECTION('',(0.,-1.,0.));
#1994 = ORIENTED_EDGE('',*,*,#1995,.T.);
#1995 = EDGE_CURVE('',#1988,#1996,#1998,.T.);
#1996 = VERTEX_POINT('',#1997);
#1997 = CARTESIAN_POINT('',(0.5,0.3,0.47));
#1998 = LINE('',#1999,#2000);
#1999 = CARTESIAN_POINT('',(0.5,-0.4,0.47));
#2000 = VECTOR('',#2001,1.);
#2001 = DIRECTION('',(0.,1.,0.));
#2002 = ORIENTED_EDGE('',*,*,#2003,.F.);
#2003 = EDGE_CURVE('',#2004,#1996,#2006,.T.);
#2004 = VERTEX_POINT('',#2005);
#2005 = CARTESIAN_POINT('',(0.5,0.4,0.47));
#2006 = LINE('',#2007,#2008);
#2007 = CARTESIAN_POINT('',(0.5,0.4,0.47));
#2008 = VECTOR('',#2009,1.);
#2009 = DIRECTION('',(0.,-1.,0.));
#2010 = ORIENTED_EDGE('',*,*,#2011,.F.);
#2011 = EDGE_CURVE('',#1964,#2004,#2012,.T.);
#2012 = LINE('',#2013,#2014);
#2013 = CARTESIAN_POINT('',(0.45,0.4,1.1));
#2014 = VECTOR('',#2015,1.);
#2015 = DIRECTION('',(7.911630099815E-02,0.,-0.996865392576));
#2016 = PLANE('',#2017);
#2017 = AXIS2_PLACEMENT_3D('',#2018,#2019,#2020);
#2018 = CARTESIAN_POINT('',(0.45,0.4,1.1));
#2019 = DIRECTION('',(0.996865392576,0.,7.911630099815E-02));
#2020 = DIRECTION('',(7.911630099815E-02,0.,-0.996865392576));
#2021 = ADVANCED_FACE('',(#2022),#2047,.T.);
#2022 = FACE_BOUND('',#2023,.T.);
#2023 = EDGE_LOOP('',(#2024,#2032,#2040,#2046));
#2024 = ORIENTED_EDGE('',*,*,#2025,.F.);
#2025 = EDGE_CURVE('',#2026,#1836,#2028,.T.);
#2026 = VERTEX_POINT('',#2027);
#2027 = CARTESIAN_POINT('',(-0.725,0.4,0.47));
#2028 = LINE('',#2029,#2030);
#2029 = CARTESIAN_POINT('',(-0.77,0.4,0.47));
#2030 = VECTOR('',#2031,1.);
#2031 = DIRECTION('',(1.,0.,0.));
#2032 = ORIENTED_EDGE('',*,*,#2033,.F.);
#2033 = EDGE_CURVE('',#2034,#2026,#2036,.T.);
#2034 = VERTEX_POINT('',#2035);
#2035 = CARTESIAN_POINT('',(-0.725,0.3,0.47));
#2036 = LINE('',#2037,#2038);
#2037 = CARTESIAN_POINT('',(-0.725,5.E-02,0.47));
#2038 = VECTOR('',#2039,1.);
#2039 = DIRECTION('',(0.,1.,0.));
#2040 = ORIENTED_EDGE('',*,*,#2041,.F.);
#2041 = EDGE_CURVE('',#1838,#2034,#2042,.T.);
#2042 = LINE('',#2043,#2044);
#2043 = CARTESIAN_POINT('',(-0.7475,0.3,0.47));
#2044 = VECTOR('',#2045,1.);
#2045 = DIRECTION('',(-1.,0.,0.));
#2046 = ORIENTED_EDGE('',*,*,#1835,.F.);
#2047 = PLANE('',#2048);
#2048 = AXIS2_PLACEMENT_3D('',#2049,#2050,#2051);
#2049 = CARTESIAN_POINT('',(-0.77,-0.4,0.47));
#2050 = DIRECTION('',(0.,0.,1.));
#2051 = DIRECTION('',(1.,0.,-0.));
#2052 = ADVANCED_FACE('',(#2053),#2064,.T.);
#2053 = FACE_BOUND('',#2054,.T.);
#2054 = EDGE_LOOP('',(#2055,#2056,#2057,#2058));
#2055 = ORIENTED_EDGE('',*,*,#1868,.T.);
#2056 = ORIENTED_EDGE('',*,*,#1971,.T.);
#2057 = ORIENTED_EDGE('',*,*,#2011,.T.);
#2058 = ORIENTED_EDGE('',*,*,#2059,.T.);
#2059 = EDGE_CURVE('',#2004,#1836,#2060,.T.);
#2060 = LINE('',#2061,#2062);
#2061 = CARTESIAN_POINT('',(0.5,0.4,0.47));
#2062 = VECTOR('',#2063,1.);
#2063 = DIRECTION('',(-1.,0.,0.));
#2064 = PLANE('',#2065);
#2065 = AXIS2_PLACEMENT_3D('',#2066,#2067,#2068);
#2066 = CARTESIAN_POINT('',(-8.772411109409E-18,0.4,0.775044128294));
#2067 = DIRECTION('',(0.,1.,0.));
#2068 = DIRECTION('',(0.,-0.,1.));
#2069 = ADVANCED_FACE('',(#2070),#2097,.T.);
#2070 = FACE_BOUND('',#2071,.T.);
#2071 = EDGE_LOOP('',(#2072,#2081,#2089,#2096));
#2072 = ORIENTED_EDGE('',*,*,#2073,.F.);
#2073 = EDGE_CURVE('',#2074,#1838,#2076,.T.);
#2074 = VERTEX_POINT('',#2075);
#2075 = CARTESIAN_POINT('',(-0.53,0.3,0.5));
#2076 = CIRCLE('',#2077,3.E-02);
#2077 = AXIS2_PLACEMENT_3D('',#2078,#2079,#2080);
#2078 = CARTESIAN_POINT('',(-0.53,0.3,0.47));
#2079 = DIRECTION('',(-0.,1.,0.));
#2080 = DIRECTION('',(1.,0.,0.));
#2081 = ORIENTED_EDGE('',*,*,#2082,.F.);
#2082 = EDGE_CURVE('',#2083,#2074,#2085,.T.);
#2083 = VERTEX_POINT('',#2084);
#2084 = CARTESIAN_POINT('',(-0.53,-0.3,0.5));
#2085 = LINE('',#2086,#2087);
#2086 = CARTESIAN_POINT('',(-0.53,-0.4,0.5));
#2087 = VECTOR('',#2088,1.);
#2088 = DIRECTION('',(0.,1.,0.));
#2089 = ORIENTED_EDGE('',*,*,#2090,.T.);
#2090 = EDGE_CURVE('',#2083,#1846,#2091,.T.);
#2091 = CIRCLE('',#2092,3.E-02);
#2092 = AXIS2_PLACEMENT_3D('',#2093,#2094,#2095);
#2093 = CARTESIAN_POINT('',(-0.53,-0.3,0.47));
#2094 = DIRECTION('',(-0.,1.,0.));
#2095 = DIRECTION('',(1.,0.,0.));
#2096 = ORIENTED_EDGE('',*,*,#1845,.T.);
#2097 = CYLINDRICAL_SURFACE('',#2098,3.E-02);
#2098 = AXIS2_PLACEMENT_3D('',#2099,#2100,#2101);
#2099 = CARTESIAN_POINT('',(-0.53,-0.4,0.47));
#2100 = DIRECTION('',(0.,1.,0.));
#2101 = DIRECTION('',(1.,0.,0.));
#2102 = ADVANCED_FACE('',(#2103),#2121,.T.);
#2103 = FACE_BOUND('',#2104,.T.);
#2104 = EDGE_LOOP('',(#2105,#2113,#2114,#2115));
#2105 = ORIENTED_EDGE('',*,*,#2106,.F.);
#2106 = EDGE_CURVE('',#1901,#2107,#2109,.T.);
#2107 = VERTEX_POINT('',#2108);
#2108 = CARTESIAN_POINT('',(-0.725,-0.3,0.47));
#2109 = LINE('',#2110,#2111);
#2110 = CARTESIAN_POINT('',(-0.725,-0.35,0.47));
#2111 = VECTOR('',#2112,1.);
#2112 = DIRECTION('',(0.,1.,0.));
#2113 = ORIENTED_EDGE('',*,*,#1908,.T.);
#2114 = ORIENTED_EDGE('',*,*,#1853,.F.);
#2115 = ORIENTED_EDGE('',*,*,#2116,.F.);
#2116 = EDGE_CURVE('',#2107,#1846,#2117,.T.);
#2117 = LINE('',#2118,#2119);
#2118 = CARTESIAN_POINT('',(-2.25E-02,-0.3,0.47));
#2119 = VECTOR('',#2120,1.);
#2120 = DIRECTION('',(1.,0.,0.));
#2121 = PLANE('',#2122);
#2122 = AXIS2_PLACEMENT_3D('',#2123,#2124,#2125);
#2123 = CARTESIAN_POINT('',(-0.77,-0.4,0.47));
#2124 = DIRECTION('',(0.,0.,1.));
#2125 = DIRECTION('',(1.,0.,-0.));
#2126 = ADVANCED_FACE('',(#2127),#2188,.F.);
#2127 = FACE_BOUND('',#2128,.F.);
#2128 = EDGE_LOOP('',(#2129,#2139,#2148,#2156,#2165,#2173,#2179,#2180,
    #2181,#2182));
#2129 = ORIENTED_EDGE('',*,*,#2130,.F.);
#2130 = EDGE_CURVE('',#2131,#2133,#2135,.T.);
#2131 = VERTEX_POINT('',#2132);
#2132 = CARTESIAN_POINT('',(-0.77,-0.4,-3.469446951954E-18));
#2133 = VERTEX_POINT('',#2134);
#2134 = CARTESIAN_POINT('',(-0.725,-0.4,0.));
#2135 = LINE('',#2136,#2137);
#2136 = CARTESIAN_POINT('',(-0.8,-0.4,0.));
#2137 = VECTOR('',#2138,1.);
#2138 = DIRECTION('',(1.,0.,0.));
#2139 = ORIENTED_EDGE('',*,*,#2140,.F.);
#2140 = EDGE_CURVE('',#2141,#2131,#2143,.T.);
#2141 = VERTEX_POINT('',#2142);
#2142 = CARTESIAN_POINT('',(-0.8,-0.4,3.E-02));
#2143 = CIRCLE('',#2144,3.E-02);
#2144 = AXIS2_PLACEMENT_3D('',#2145,#2146,#2147);
#2145 = CARTESIAN_POINT('',(-0.77,-0.4,3.E-02));
#2146 = DIRECTION('',(0.,-1.,0.));
#2147 = DIRECTION('',(0.,0.,1.));
#2148 = ORIENTED_EDGE('',*,*,#2149,.T.);
#2149 = EDGE_CURVE('',#2141,#2150,#2152,.T.);
#2150 = VERTEX_POINT('',#2151);
#2151 = CARTESIAN_POINT('',(-0.8,-0.4,0.47));
#2152 = LINE('',#2153,#2154);
#2153 = CARTESIAN_POINT('',(-0.8,-0.4,0.));
#2154 = VECTOR('',#2155,1.);
#2155 = DIRECTION('',(0.,0.,1.));
#2156 = ORIENTED_EDGE('',*,*,#2157,.T.);
#2157 = EDGE_CURVE('',#2150,#2158,#2160,.T.);
#2158 = VERTEX_POINT('',#2159);
#2159 = CARTESIAN_POINT('',(-0.77,-0.4,0.5));
#2160 = CIRCLE('',#2161,3.E-02);
#2161 = AXIS2_PLACEMENT_3D('',#2162,#2163,#2164);
#2162 = CARTESIAN_POINT('',(-0.77,-0.4,0.47));
#2163 = DIRECTION('',(0.,1.,0.));
#2164 = DIRECTION('',(0.,-0.,1.));
#2165 = ORIENTED_EDGE('',*,*,#2166,.T.);
#2166 = EDGE_CURVE('',#2158,#2167,#2169,.T.);
#2167 = VERTEX_POINT('',#2168);
#2168 = CARTESIAN_POINT('',(-0.725,-0.4,0.5));
#2169 = LINE('',#2170,#2171);
#2170 = CARTESIAN_POINT('',(-0.8,-0.4,0.5));
#2171 = VECTOR('',#2172,1.);
#2172 = DIRECTION('',(1.,0.,0.));
#2173 = ORIENTED_EDGE('',*,*,#2174,.F.);
#2174 = EDGE_CURVE('',#1901,#2167,#2175,.T.);
#2175 = LINE('',#2176,#2177);
#2176 = CARTESIAN_POINT('',(-0.725,-0.4,0.375));
#2177 = VECTOR('',#2178,1.);
#2178 = DIRECTION('',(0.,0.,1.));
#2179 = ORIENTED_EDGE('',*,*,#1900,.F.);
#2180 = ORIENTED_EDGE('',*,*,#1892,.F.);
#2181 = ORIENTED_EDGE('',*,*,#1882,.T.);
#2182 = ORIENTED_EDGE('',*,*,#2183,.F.);
#2183 = EDGE_CURVE('',#2133,#1885,#2184,.T.);
#2184 = LINE('',#2185,#2186);
#2185 = CARTESIAN_POINT('',(-0.725,-0.4,0.375));
#2186 = VECTOR('',#2187,1.);
#2187 = DIRECTION('',(0.,0.,1.));
#2188 = PLANE('',#2189);
#2189 = AXIS2_PLACEMENT_3D('',#2190,#2191,#2192);
#2190 = CARTESIAN_POINT('',(-0.8,-0.4,0.));
#2191 = DIRECTION('',(0.,1.,0.));
#2192 = DIRECTION('',(0.,-0.,1.));
#2193 = ADVANCED_FACE('',(#2194,#2283),#2309,.F.);
#2194 = FACE_BOUND('',#2195,.F.);
#2195 = EDGE_LOOP('',(#2196,#2204,#2205,#2213,#2221,#2229,#2237,#2245,
    #2253,#2261,#2269,#2277));
#2196 = ORIENTED_EDGE('',*,*,#2197,.F.);
#2197 = EDGE_CURVE('',#1885,#2198,#2200,.T.);
#2198 = VERTEX_POINT('',#2199);
#2199 = CARTESIAN_POINT('',(-0.725,-0.3,3.E-02));
#2200 = LINE('',#2201,#2202);
#2201 = CARTESIAN_POINT('',(-0.725,-0.35,3.E-02));
#2202 = VECTOR('',#2203,1.);
#2203 = DIRECTION('',(0.,1.,0.));
#2204 = ORIENTED_EDGE('',*,*,#1947,.T.);
#2205 = ORIENTED_EDGE('',*,*,#2206,.F.);
#2206 = EDGE_CURVE('',#2207,#1940,#2209,.T.);
#2207 = VERTEX_POINT('',#2208);
#2208 = CARTESIAN_POINT('',(0.725,-0.3,3.E-02));
#2209 = LINE('',#2210,#2211);
#2210 = CARTESIAN_POINT('',(0.725,-0.45,3.E-02));
#2211 = VECTOR('',#2212,1.);
#2212 = DIRECTION('',(0.,-1.,0.));
#2213 = ORIENTED_EDGE('',*,*,#2214,.F.);
#2214 = EDGE_CURVE('',#2215,#2207,#2217,.T.);
#2215 = VERTEX_POINT('',#2216);
#2216 = CARTESIAN_POINT('',(0.5,-0.3,3.E-02));
#2217 = LINE('',#2218,#2219);
#2218 = CARTESIAN_POINT('',(-2.25E-02,-0.3,3.E-02));
#2219 = VECTOR('',#2220,1.);
#2220 = DIRECTION('',(1.,0.,0.));
#2221 = ORIENTED_EDGE('',*,*,#2222,.T.);
#2222 = EDGE_CURVE('',#2215,#2223,#2225,.T.);
#2223 = VERTEX_POINT('',#2224);
#2224 = CARTESIAN_POINT('',(0.5,0.3,3.E-02));
#2225 = LINE('',#2226,#2227);
#2226 = CARTESIAN_POINT('',(0.5,-0.4,3.E-02));
#2227 = VECTOR('',#2228,1.);
#2228 = DIRECTION('',(0.,1.,0.));
#2229 = ORIENTED_EDGE('',*,*,#2230,.F.);
#2230 = EDGE_CURVE('',#2231,#2223,#2233,.T.);
#2231 = VERTEX_POINT('',#2232);
#2232 = CARTESIAN_POINT('',(0.725,0.3,3.E-02));
#2233 = LINE('',#2234,#2235);
#2234 = CARTESIAN_POINT('',(-0.7475,0.3,3.E-02));
#2235 = VECTOR('',#2236,1.);
#2236 = DIRECTION('',(-1.,0.,0.));
#2237 = ORIENTED_EDGE('',*,*,#2238,.F.);
#2238 = EDGE_CURVE('',#2239,#2231,#2241,.T.);
#2239 = VERTEX_POINT('',#2240);
#2240 = CARTESIAN_POINT('',(0.725,0.4,3.E-02));
#2241 = LINE('',#2242,#2243);
#2242 = CARTESIAN_POINT('',(0.725,-5.E-02,3.E-02));
#2243 = VECTOR('',#2244,1.);
#2244 = DIRECTION('',(0.,-1.,0.));
#2245 = ORIENTED_EDGE('',*,*,#2246,.F.);
#2246 = EDGE_CURVE('',#2247,#2239,#2249,.T.);
#2247 = VERTEX_POINT('',#2248);
#2248 = CARTESIAN_POINT('',(-0.725,0.4,3.E-02));
#2249 = LINE('',#2250,#2251);
#2250 = CARTESIAN_POINT('',(-0.77,0.4,3.E-02));
#2251 = VECTOR('',#2252,1.);
#2252 = DIRECTION('',(1.,0.,0.));
#2253 = ORIENTED_EDGE('',*,*,#2254,.F.);
#2254 = EDGE_CURVE('',#2255,#2247,#2257,.T.);
#2255 = VERTEX_POINT('',#2256);
#2256 = CARTESIAN_POINT('',(-0.725,0.3,3.E-02));
#2257 = LINE('',#2258,#2259);
#2258 = CARTESIAN_POINT('',(-0.725,5.E-02,3.E-02));
#2259 = VECTOR('',#2260,1.);
#2260 = DIRECTION('',(0.,1.,0.));
#2261 = ORIENTED_EDGE('',*,*,#2262,.F.);
#2262 = EDGE_CURVE('',#2263,#2255,#2265,.T.);
#2263 = VERTEX_POINT('',#2264);
#2264 = CARTESIAN_POINT('',(-0.5,0.3,3.E-02));
#2265 = LINE('',#2266,#2267);
#2266 = CARTESIAN_POINT('',(-0.7475,0.3,3.E-02));
#2267 = VECTOR('',#2268,1.);
#2268 = DIRECTION('',(-1.,0.,0.));
#2269 = ORIENTED_EDGE('',*,*,#2270,.F.);
#2270 = EDGE_CURVE('',#2271,#2263,#2273,.T.);
#2271 = VERTEX_POINT('',#2272);
#2272 = CARTESIAN_POINT('',(-0.5,-0.3,3.E-02));
#2273 = LINE('',#2274,#2275);
#2274 = CARTESIAN_POINT('',(-0.5,-0.4,3.E-02));
#2275 = VECTOR('',#2276,1.);
#2276 = DIRECTION('',(0.,1.,0.));
#2277 = ORIENTED_EDGE('',*,*,#2278,.F.);
#2278 = EDGE_CURVE('',#2198,#2271,#2279,.T.);
#2279 = LINE('',#2280,#2281);
#2280 = CARTESIAN_POINT('',(-2.25E-02,-0.3,3.E-02));
#2281 = VECTOR('',#2282,1.);
#2282 = DIRECTION('',(1.,0.,0.));
#2283 = FACE_BOUND('',#2284,.F.);
#2284 = EDGE_LOOP('',(#2285,#2295,#2303));
#2285 = ORIENTED_EDGE('',*,*,#2286,.T.);
#2286 = EDGE_CURVE('',#2287,#2289,#2291,.T.);
#2287 = VERTEX_POINT('',#2288);
#2288 = CARTESIAN_POINT('',(0.277128129211,0.32,3.E-02));
#2289 = VERTEX_POINT('',#2290);
#2290 = CARTESIAN_POINT('',(0.277128129211,-0.32,3.E-02));
#2291 = LINE('',#2292,#2293);
#2292 = CARTESIAN_POINT('',(0.277128129211,0.32,3.E-02));
#2293 = VECTOR('',#2294,1.);
#2294 = DIRECTION('',(0.,-1.,0.));
#2295 = ORIENTED_EDGE('',*,*,#2296,.T.);
#2296 = EDGE_CURVE('',#2289,#2297,#2299,.T.);
#2297 = VERTEX_POINT('',#2298);
#2298 = CARTESIAN_POINT('',(-0.277128129211,0.,3.E-02));
#2299 = LINE('',#2300,#2301);
#2300 = CARTESIAN_POINT('',(0.277128129211,-0.32,3.E-02));
#2301 = VECTOR('',#2302,1.);
#2302 = DIRECTION('',(-0.866025403784,0.5,0.));
#2303 = ORIENTED_EDGE('',*,*,#2304,.T.);
#2304 = EDGE_CURVE('',#2297,#2287,#2305,.T.);
#2305 = LINE('',#2306,#2307);
#2306 = CARTESIAN_POINT('',(-0.277128129211,0.,3.E-02));
#2307 = VECTOR('',#2308,1.);
#2308 = DIRECTION('',(0.866025403784,0.5,0.));
#2309 = PLANE('',#2310);
#2310 = AXIS2_PLACEMENT_3D('',#2311,#2312,#2313);
#2311 = CARTESIAN_POINT('',(-0.77,-0.4,3.E-02));
#2312 = DIRECTION('',(0.,0.,1.));
#2313 = DIRECTION('',(1.,0.,-0.));
#2314 = ADVANCED_FACE('',(#2315),#2376,.F.);
#2315 = FACE_BOUND('',#2316,.F.);
#2316 = EDGE_LOOP('',(#2317,#2327,#2333,#2334,#2335,#2336,#2344,#2352,
    #2361,#2369));
#2317 = ORIENTED_EDGE('',*,*,#2318,.F.);
#2318 = EDGE_CURVE('',#2319,#2321,#2323,.T.);
#2319 = VERTEX_POINT('',#2320);
#2320 = CARTESIAN_POINT('',(0.725,-0.4,0.));
#2321 = VERTEX_POINT('',#2322);
#2322 = CARTESIAN_POINT('',(0.77,-0.4,-3.469446951954E-18));
#2323 = LINE('',#2324,#2325);
#2324 = CARTESIAN_POINT('',(0.5,-0.4,0.));
#2325 = VECTOR('',#2326,1.);
#2326 = DIRECTION('',(1.,0.,0.));
#2327 = ORIENTED_EDGE('',*,*,#2328,.F.);
#2328 = EDGE_CURVE('',#1940,#2319,#2329,.T.);
#2329 = LINE('',#2330,#2331);
#2330 = CARTESIAN_POINT('',(0.725,-0.4,0.375));
#2331 = VECTOR('',#2332,1.);
#2332 = DIRECTION('',(0.,0.,-1.));
#2333 = ORIENTED_EDGE('',*,*,#1939,.T.);
#2334 = ORIENTED_EDGE('',*,*,#1931,.T.);
#2335 = ORIENTED_EDGE('',*,*,#1923,.F.);
#2336 = ORIENTED_EDGE('',*,*,#2337,.F.);
#2337 = EDGE_CURVE('',#2338,#1916,#2340,.T.);
#2338 = VERTEX_POINT('',#2339);
#2339 = CARTESIAN_POINT('',(0.725,-0.4,0.5));
#2340 = LINE('',#2341,#2342);
#2341 = CARTESIAN_POINT('',(0.725,-0.4,0.375));
#2342 = VECTOR('',#2343,1.);
#2343 = DIRECTION('',(0.,0.,-1.));
#2344 = ORIENTED_EDGE('',*,*,#2345,.T.);
#2345 = EDGE_CURVE('',#2338,#2346,#2348,.T.);
#2346 = VERTEX_POINT('',#2347);
#2347 = CARTESIAN_POINT('',(0.77,-0.4,0.5));
#2348 = LINE('',#2349,#2350);
#2349 = CARTESIAN_POINT('',(0.5,-0.4,0.5));
#2350 = VECTOR('',#2351,1.);
#2351 = DIRECTION('',(1.,0.,0.));
#2352 = ORIENTED_EDGE('',*,*,#2353,.F.);
#2353 = EDGE_CURVE('',#2354,#2346,#2356,.T.);
#2354 = VERTEX_POINT('',#2355);
#2355 = CARTESIAN_POINT('',(0.8,-0.4,0.47));
#2356 = CIRCLE('',#2357,3.E-02);
#2357 = AXIS2_PLACEMENT_3D('',#2358,#2359,#2360);
#2358 = CARTESIAN_POINT('',(0.77,-0.4,0.47));
#2359 = DIRECTION('',(0.,-1.,0.));
#2360 = DIRECTION('',(0.,0.,1.));
#2361 = ORIENTED_EDGE('',*,*,#2362,.F.);
#2362 = EDGE_CURVE('',#2363,#2354,#2365,.T.);
#2363 = VERTEX_POINT('',#2364);
#2364 = CARTESIAN_POINT('',(0.8,-0.4,3.E-02));
#2365 = LINE('',#2366,#2367);
#2366 = CARTESIAN_POINT('',(0.8,-0.4,0.));
#2367 = VECTOR('',#2368,1.);
#2368 = DIRECTION('',(0.,0.,1.));
#2369 = ORIENTED_EDGE('',*,*,#2370,.T.);
#2370 = EDGE_CURVE('',#2363,#2321,#2371,.T.);
#2371 = CIRCLE('',#2372,3.E-02);
#2372 = AXIS2_PLACEMENT_3D('',#2373,#2374,#2375);
#2373 = CARTESIAN_POINT('',(0.77,-0.4,3.E-02));
#2374 = DIRECTION('',(0.,1.,0.));
#2375 = DIRECTION('',(0.,-0.,1.));
#2376 = PLANE('',#2377);
#2377 = AXIS2_PLACEMENT_3D('',#2378,#2379,#2380);
#2378 = CARTESIAN_POINT('',(0.5,-0.4,0.));
#2379 = DIRECTION('',(0.,1.,0.));
#2380 = DIRECTION('',(0.,-0.,1.));
#2381 = ADVANCED_FACE('',(#2382),#2400,.T.);
#2382 = FACE_BOUND('',#2383,.T.);
#2383 = EDGE_LOOP('',(#2384,#2392,#2393,#2394));
#2384 = ORIENTED_EDGE('',*,*,#2385,.F.);
#2385 = EDGE_CURVE('',#1988,#2386,#2388,.T.);
#2386 = VERTEX_POINT('',#2387);
#2387 = CARTESIAN_POINT('',(0.725,-0.3,0.47));
#2388 = LINE('',#2389,#2390);
#2389 = CARTESIAN_POINT('',(-2.25E-02,-0.3,0.47));
#2390 = VECTOR('',#2391,1.);
#2391 = DIRECTION('',(1.,0.,0.));
#2392 = ORIENTED_EDGE('',*,*,#1987,.T.);
#2393 = ORIENTED_EDGE('',*,*,#1915,.T.);
#2394 = ORIENTED_EDGE('',*,*,#2395,.F.);
#2395 = EDGE_CURVE('',#2386,#1916,#2396,.T.);
#2396 = LINE('',#2397,#2398);
#2397 = CARTESIAN_POINT('',(0.725,-0.45,0.47));
#2398 = VECTOR('',#2399,1.);
#2399 = DIRECTION('',(0.,-1.,0.));
#2400 = PLANE('',#2401);
#2401 = AXIS2_PLACEMENT_3D('',#2402,#2403,#2404);
#2402 = CARTESIAN_POINT('',(-0.77,-0.4,0.47));
#2403 = DIRECTION('',(0.,0.,1.));
#2404 = DIRECTION('',(1.,0.,-0.));
#2405 = ADVANCED_FACE('',(#2406),#2431,.T.);
#2406 = FACE_BOUND('',#2407,.T.);
#2407 = EDGE_LOOP('',(#2408,#2416,#2417,#2425));
#2408 = ORIENTED_EDGE('',*,*,#2409,.F.);
#2409 = EDGE_CURVE('',#2004,#2410,#2412,.T.);
#2410 = VERTEX_POINT('',#2411);
#2411 = CARTESIAN_POINT('',(0.725,0.4,0.47));
#2412 = LINE('',#2413,#2414);
#2413 = CARTESIAN_POINT('',(-0.77,0.4,0.47));
#2414 = VECTOR('',#2415,1.);
#2415 = DIRECTION('',(1.,0.,0.));
#2416 = ORIENTED_EDGE('',*,*,#2003,.T.);
#2417 = ORIENTED_EDGE('',*,*,#2418,.F.);
#2418 = EDGE_CURVE('',#2419,#1996,#2421,.T.);
#2419 = VERTEX_POINT('',#2420);
#2420 = CARTESIAN_POINT('',(0.725,0.3,0.47));
#2421 = LINE('',#2422,#2423);
#2422 = CARTESIAN_POINT('',(-0.7475,0.3,0.47));
#2423 = VECTOR('',#2424,1.);
#2424 = DIRECTION('',(-1.,0.,0.));
#2425 = ORIENTED_EDGE('',*,*,#2426,.F.);
#2426 = EDGE_CURVE('',#2410,#2419,#2427,.T.);
#2427 = LINE('',#2428,#2429);
#2428 = CARTESIAN_POINT('',(0.725,-5.E-02,0.47));
#2429 = VECTOR('',#2430,1.);
#2430 = DIRECTION('',(0.,-1.,0.));
#2431 = PLANE('',#2432);
#2432 = AXIS2_PLACEMENT_3D('',#2433,#2434,#2435);
#2433 = CARTESIAN_POINT('',(-0.77,-0.4,0.47));
#2434 = DIRECTION('',(0.,0.,1.));
#2435 = DIRECTION('',(1.,0.,-0.));
#2436 = ADVANCED_FACE('',(#2437),#2464,.T.);
#2437 = FACE_BOUND('',#2438,.T.);
#2438 = EDGE_LOOP('',(#2439,#2440,#2449,#2457));
#2439 = ORIENTED_EDGE('',*,*,#1995,.F.);
#2440 = ORIENTED_EDGE('',*,*,#2441,.T.);
#2441 = EDGE_CURVE('',#1988,#2442,#2444,.T.);
#2442 = VERTEX_POINT('',#2443);
#2443 = CARTESIAN_POINT('',(0.53,-0.3,0.5));
#2444 = CIRCLE('',#2445,3.E-02);
#2445 = AXIS2_PLACEMENT_3D('',#2446,#2447,#2448);
#2446 = CARTESIAN_POINT('',(0.53,-0.3,0.47));
#2447 = DIRECTION('',(0.,1.,-0.));
#2448 = DIRECTION('',(-1.,0.,0.));
#2449 = ORIENTED_EDGE('',*,*,#2450,.T.);
#2450 = EDGE_CURVE('',#2442,#2451,#2453,.T.);
#2451 = VERTEX_POINT('',#2452);
#2452 = CARTESIAN_POINT('',(0.53,0.3,0.5));
#2453 = LINE('',#2454,#2455);
#2454 = CARTESIAN_POINT('',(0.53,-0.4,0.5));
#2455 = VECTOR('',#2456,1.);
#2456 = DIRECTION('',(0.,1.,0.));
#2457 = ORIENTED_EDGE('',*,*,#2458,.F.);
#2458 = EDGE_CURVE('',#1996,#2451,#2459,.T.);
#2459 = CIRCLE('',#2460,3.E-02);
#2460 = AXIS2_PLACEMENT_3D('',#2461,#2462,#2463);
#2461 = CARTESIAN_POINT('',(0.53,0.3,0.47));
#2462 = DIRECTION('',(0.,1.,-0.));
#2463 = DIRECTION('',(-1.,0.,0.));
#2464 = CYLINDRICAL_SURFACE('',#2465,3.E-02);
#2465 = AXIS2_PLACEMENT_3D('',#2466,#2467,#2468);
#2466 = CARTESIAN_POINT('',(0.53,-0.4,0.47));
#2467 = DIRECTION('',(0.,1.,0.));
#2468 = DIRECTION('',(-1.,0.,0.));
#2469 = ADVANCED_FACE('',(#2470),#2520,.T.);
#2470 = FACE_BOUND('',#2471,.T.);
#2471 = EDGE_LOOP('',(#2472,#2480,#2488,#2494,#2495,#2496,#2497,#2505,
    #2513,#2519));
#2472 = ORIENTED_EDGE('',*,*,#2473,.F.);
#2473 = EDGE_CURVE('',#2474,#2247,#2476,.T.);
#2474 = VERTEX_POINT('',#2475);
#2475 = CARTESIAN_POINT('',(-0.77,0.4,3.E-02));
#2476 = LINE('',#2477,#2478);
#2477 = CARTESIAN_POINT('',(-0.77,0.4,3.E-02));
#2478 = VECTOR('',#2479,1.);
#2479 = DIRECTION('',(1.,0.,0.));
#2480 = ORIENTED_EDGE('',*,*,#2481,.T.);
#2481 = EDGE_CURVE('',#2474,#2482,#2484,.T.);
#2482 = VERTEX_POINT('',#2483);
#2483 = CARTESIAN_POINT('',(-0.77,0.4,0.47));
#2484 = LINE('',#2485,#2486);
#2485 = CARTESIAN_POINT('',(-0.77,0.4,3.E-02));
#2486 = VECTOR('',#2487,1.);
#2487 = DIRECTION('',(0.,0.,1.));
#2488 = ORIENTED_EDGE('',*,*,#2489,.T.);
#2489 = EDGE_CURVE('',#2482,#2026,#2490,.T.);
#2490 = LINE('',#2491,#2492);
#2491 = CARTESIAN_POINT('',(-0.77,0.4,0.47));
#2492 = VECTOR('',#2493,1.);
#2493 = DIRECTION('',(1.,0.,0.));
#2494 = ORIENTED_EDGE('',*,*,#2025,.T.);
#2495 = ORIENTED_EDGE('',*,*,#2059,.F.);
#2496 = ORIENTED_EDGE('',*,*,#2409,.T.);
#2497 = ORIENTED_EDGE('',*,*,#2498,.T.);
#2498 = EDGE_CURVE('',#2410,#2499,#2501,.T.);
#2499 = VERTEX_POINT('',#2500);
#2500 = CARTESIAN_POINT('',(0.77,0.4,0.47));
#2501 = LINE('',#2502,#2503);
#2502 = CARTESIAN_POINT('',(-0.77,0.4,0.47));
#2503 = VECTOR('',#2504,1.);
#2504 = DIRECTION('',(1.,0.,0.));
#2505 = ORIENTED_EDGE('',*,*,#2506,.F.);
#2506 = EDGE_CURVE('',#2507,#2499,#2509,.T.);
#2507 = VERTEX_POINT('',#2508);
#2508 = CARTESIAN_POINT('',(0.77,0.4,3.E-02));
#2509 = LINE('',#2510,#2511);
#2510 = CARTESIAN_POINT('',(0.77,0.4,3.E-02));
#2511 = VECTOR('',#2512,1.);
#2512 = DIRECTION('',(0.,0.,1.));
#2513 = ORIENTED_EDGE('',*,*,#2514,.F.);
#2514 = EDGE_CURVE('',#2239,#2507,#2515,.T.);
#2515 = LINE('',#2516,#2517);
#2516 = CARTESIAN_POINT('',(-0.77,0.4,3.E-02));
#2517 = VECTOR('',#2518,1.);
#2518 = DIRECTION('',(1.,0.,0.));
#2519 = ORIENTED_EDGE('',*,*,#2246,.F.);
#2520 = PLANE('',#2521);
#2521 = AXIS2_PLACEMENT_3D('',#2522,#2523,#2524);
#2522 = CARTESIAN_POINT('',(-0.77,0.4,3.E-02));
#2523 = DIRECTION('',(0.,1.,0.));
#2524 = DIRECTION('',(0.,-0.,1.));
#2525 = ADVANCED_FACE('',(#2526),#2544,.F.);
#2526 = FACE_BOUND('',#2527,.F.);
#2527 = EDGE_LOOP('',(#2528,#2536,#2542,#2543));
#2528 = ORIENTED_EDGE('',*,*,#2529,.F.);
#2529 = EDGE_CURVE('',#2530,#2074,#2532,.T.);
#2530 = VERTEX_POINT('',#2531);
#2531 = CARTESIAN_POINT('',(-0.725,0.3,0.5));
#2532 = LINE('',#2533,#2534);
#2533 = CARTESIAN_POINT('',(-0.7625,0.3,0.5));
#2534 = VECTOR('',#2535,1.);
#2535 = DIRECTION('',(1.,0.,0.));
#2536 = ORIENTED_EDGE('',*,*,#2537,.T.);
#2537 = EDGE_CURVE('',#2530,#2034,#2538,.T.);
#2538 = LINE('',#2539,#2540);
#2539 = CARTESIAN_POINT('',(-0.725,0.3,0.75));
#2540 = VECTOR('',#2541,1.);
#2541 = DIRECTION('',(-0.,-0.,-1.));
#2542 = ORIENTED_EDGE('',*,*,#2041,.F.);
#2543 = ORIENTED_EDGE('',*,*,#2073,.F.);
#2544 = PLANE('',#2545);
#2545 = AXIS2_PLACEMENT_3D('',#2546,#2547,#2548);
#2546 = CARTESIAN_POINT('',(-0.725,0.3,0.75));
#2547 = DIRECTION('',(0.,-1.,0.));
#2548 = DIRECTION('',(1.,0.,0.));
#2549 = ADVANCED_FACE('',(#2550),#2568,.F.);
#2550 = FACE_BOUND('',#2551,.F.);
#2551 = EDGE_LOOP('',(#2552,#2553,#2561,#2567));
#2552 = ORIENTED_EDGE('',*,*,#2537,.F.);
#2553 = ORIENTED_EDGE('',*,*,#2554,.F.);
#2554 = EDGE_CURVE('',#2555,#2530,#2557,.T.);
#2555 = VERTEX_POINT('',#2556);
#2556 = CARTESIAN_POINT('',(-0.725,0.4,0.5));
#2557 = LINE('',#2558,#2559);
#2558 = CARTESIAN_POINT('',(-0.725,5.E-02,0.5));
#2559 = VECTOR('',#2560,1.);
#2560 = DIRECTION('',(0.,-1.,0.));
#2561 = ORIENTED_EDGE('',*,*,#2562,.F.);
#2562 = EDGE_CURVE('',#2026,#2555,#2563,.T.);
#2563 = LINE('',#2564,#2565);
#2564 = CARTESIAN_POINT('',(-0.725,0.4,0.375));
#2565 = VECTOR('',#2566,1.);
#2566 = DIRECTION('',(0.,0.,1.));
#2567 = ORIENTED_EDGE('',*,*,#2033,.F.);
#2568 = PLANE('',#2569);
#2569 = AXIS2_PLACEMENT_3D('',#2570,#2571,#2572);
#2570 = CARTESIAN_POINT('',(-0.725,0.5,0.75));
#2571 = DIRECTION('',(-1.,0.,0.));
#2572 = DIRECTION('',(0.,-1.,0.));
#2573 = ADVANCED_FACE('',(#2574),#2592,.F.);
#2574 = FACE_BOUND('',#2575,.F.);
#2575 = EDGE_LOOP('',(#2576,#2584,#2590,#2591));
#2576 = ORIENTED_EDGE('',*,*,#2577,.F.);
#2577 = EDGE_CURVE('',#2578,#2107,#2580,.T.);
#2578 = VERTEX_POINT('',#2579);
#2579 = CARTESIAN_POINT('',(-0.725,-0.3,0.5));
#2580 = LINE('',#2581,#2582);
#2581 = CARTESIAN_POINT('',(-0.725,-0.3,0.75));
#2582 = VECTOR('',#2583,1.);
#2583 = DIRECTION('',(-0.,-0.,-1.));
#2584 = ORIENTED_EDGE('',*,*,#2585,.F.);
#2585 = EDGE_CURVE('',#2083,#2578,#2586,.T.);
#2586 = LINE('',#2587,#2588);
#2587 = CARTESIAN_POINT('',(-3.75E-02,-0.3,0.5));
#2588 = VECTOR('',#2589,1.);
#2589 = DIRECTION('',(-1.,0.,0.));
#2590 = ORIENTED_EDGE('',*,*,#2090,.T.);
#2591 = ORIENTED_EDGE('',*,*,#2116,.F.);
#2592 = PLANE('',#2593);
#2593 = AXIS2_PLACEMENT_3D('',#2594,#2595,#2596);
#2594 = CARTESIAN_POINT('',(0.725,-0.3,0.75));
#2595 = DIRECTION('',(0.,1.,0.));
#2596 = DIRECTION('',(-1.,0.,0.));
#2597 = ADVANCED_FACE('',(#2598),#2625,.T.);
#2598 = FACE_BOUND('',#2599,.T.);
#2599 = EDGE_LOOP('',(#2600,#2608,#2614,#2615,#2621,#2622,#2623,#2624));
#2600 = ORIENTED_EDGE('',*,*,#2601,.F.);
#2601 = EDGE_CURVE('',#2602,#2555,#2604,.T.);
#2602 = VERTEX_POINT('',#2603);
#2603 = CARTESIAN_POINT('',(-0.77,0.4,0.5));
#2604 = LINE('',#2605,#2606);
#2605 = CARTESIAN_POINT('',(-0.8,0.4,0.5));
#2606 = VECTOR('',#2607,1.);
#2607 = DIRECTION('',(1.,0.,0.));
#2608 = ORIENTED_EDGE('',*,*,#2609,.F.);
#2609 = EDGE_CURVE('',#2158,#2602,#2610,.T.);
#2610 = LINE('',#2611,#2612);
#2611 = CARTESIAN_POINT('',(-0.77,-0.4,0.5));
#2612 = VECTOR('',#2613,1.);
#2613 = DIRECTION('',(0.,1.,0.));
#2614 = ORIENTED_EDGE('',*,*,#2166,.T.);
#2615 = ORIENTED_EDGE('',*,*,#2616,.F.);
#2616 = EDGE_CURVE('',#2578,#2167,#2617,.T.);
#2617 = LINE('',#2618,#2619);
#2618 = CARTESIAN_POINT('',(-0.725,-0.35,0.5));
#2619 = VECTOR('',#2620,1.);
#2620 = DIRECTION('',(0.,-1.,0.));
#2621 = ORIENTED_EDGE('',*,*,#2585,.F.);
#2622 = ORIENTED_EDGE('',*,*,#2082,.T.);
#2623 = ORIENTED_EDGE('',*,*,#2529,.F.);
#2624 = ORIENTED_EDGE('',*,*,#2554,.F.);
#2625 = PLANE('',#2626);
#2626 = AXIS2_PLACEMENT_3D('',#2627,#2628,#2629);
#2627 = CARTESIAN_POINT('',(-0.8,-0.4,0.5));
#2628 = DIRECTION('',(0.,0.,1.));
#2629 = DIRECTION('',(1.,0.,-0.));
#2630 = ADVANCED_FACE('',(#2631),#2637,.F.);
#2631 = FACE_BOUND('',#2632,.F.);
#2632 = EDGE_LOOP('',(#2633,#2634,#2635,#2636));
#2633 = ORIENTED_EDGE('',*,*,#2616,.F.);
#2634 = ORIENTED_EDGE('',*,*,#2577,.T.);
#2635 = ORIENTED_EDGE('',*,*,#2106,.F.);
#2636 = ORIENTED_EDGE('',*,*,#2174,.T.);
#2637 = PLANE('',#2638);
#2638 = AXIS2_PLACEMENT_3D('',#2639,#2640,#2641);
#2639 = CARTESIAN_POINT('',(-0.725,-0.3,0.75));
#2640 = DIRECTION('',(-1.,0.,0.));
#2641 = DIRECTION('',(0.,-1.,0.));
#2642 = ADVANCED_FACE('',(#2643),#2700,.F.);
#2643 = FACE_BOUND('',#2644,.F.);
#2644 = EDGE_LOOP('',(#2645,#2655,#2661,#2662,#2670,#2678,#2686,#2694));
#2645 = ORIENTED_EDGE('',*,*,#2646,.F.);
#2646 = EDGE_CURVE('',#2647,#2649,#2651,.T.);
#2647 = VERTEX_POINT('',#2648);
#2648 = CARTESIAN_POINT('',(-0.77,0.4,-3.469446951954E-18));
#2649 = VERTEX_POINT('',#2650);
#2650 = CARTESIAN_POINT('',(-0.725,0.4,0.));
#2651 = LINE('',#2652,#2653);
#2652 = CARTESIAN_POINT('',(-0.8,0.4,0.));
#2653 = VECTOR('',#2654,1.);
#2654 = DIRECTION('',(1.,0.,0.));
#2655 = ORIENTED_EDGE('',*,*,#2656,.F.);
#2656 = EDGE_CURVE('',#2131,#2647,#2657,.T.);
#2657 = LINE('',#2658,#2659);
#2658 = CARTESIAN_POINT('',(-0.77,-0.4,-3.469446951954E-18));
#2659 = VECTOR('',#2660,1.);
#2660 = DIRECTION('',(0.,1.,0.));
#2661 = ORIENTED_EDGE('',*,*,#2130,.T.);
#2662 = ORIENTED_EDGE('',*,*,#2663,.F.);
#2663 = EDGE_CURVE('',#2664,#2133,#2666,.T.);
#2664 = VERTEX_POINT('',#2665);
#2665 = CARTESIAN_POINT('',(-0.725,-0.3,0.));
#2666 = LINE('',#2667,#2668);
#2667 = CARTESIAN_POINT('',(-0.725,-0.35,0.));
#2668 = VECTOR('',#2669,1.);
#2669 = DIRECTION('',(0.,-1.,0.));
#2670 = ORIENTED_EDGE('',*,*,#2671,.F.);
#2671 = EDGE_CURVE('',#2672,#2664,#2674,.T.);
#2672 = VERTEX_POINT('',#2673);
#2673 = CARTESIAN_POINT('',(-0.53,-0.3,-3.469446951954E-18));
#2674 = LINE('',#2675,#2676);
#2675 = CARTESIAN_POINT('',(-3.75E-02,-0.3,0.));
#2676 = VECTOR('',#2677,1.);
#2677 = DIRECTION('',(-1.,0.,0.));
#2678 = ORIENTED_EDGE('',*,*,#2679,.T.);
#2679 = EDGE_CURVE('',#2672,#2680,#2682,.T.);
#2680 = VERTEX_POINT('',#2681);
#2681 = CARTESIAN_POINT('',(-0.53,0.3,-3.469446951954E-18));
#2682 = LINE('',#2683,#2684);
#2683 = CARTESIAN_POINT('',(-0.53,-0.4,-3.469446951954E-18));
#2684 = VECTOR('',#2685,1.);
#2685 = DIRECTION('',(0.,1.,0.));
#2686 = ORIENTED_EDGE('',*,*,#2687,.F.);
#2687 = EDGE_CURVE('',#2688,#2680,#2690,.T.);
#2688 = VERTEX_POINT('',#2689);
#2689 = CARTESIAN_POINT('',(-0.725,0.3,0.));
#2690 = LINE('',#2691,#2692);
#2691 = CARTESIAN_POINT('',(-0.7625,0.3,0.));
#2692 = VECTOR('',#2693,1.);
#2693 = DIRECTION('',(1.,0.,0.));
#2694 = ORIENTED_EDGE('',*,*,#2695,.F.);
#2695 = EDGE_CURVE('',#2649,#2688,#2696,.T.);
#2696 = LINE('',#2697,#2698);
#2697 = CARTESIAN_POINT('',(-0.725,5.E-02,0.));
#2698 = VECTOR('',#2699,1.);
#2699 = DIRECTION('',(0.,-1.,0.));
#2700 = PLANE('',#2701);
#2701 = AXIS2_PLACEMENT_3D('',#2702,#2703,#2704);
#2702 = CARTESIAN_POINT('',(-0.8,-0.4,0.));
#2703 = DIRECTION('',(0.,0.,1.));
#2704 = DIRECTION('',(1.,0.,-0.));
#2705 = ADVANCED_FACE('',(#2706),#2725,.T.);
#2706 = FACE_BOUND('',#2707,.T.);
#2707 = EDGE_LOOP('',(#2708,#2716,#2723,#2724));
#2708 = ORIENTED_EDGE('',*,*,#2709,.T.);
#2709 = EDGE_CURVE('',#2141,#2710,#2712,.T.);
#2710 = VERTEX_POINT('',#2711);
#2711 = CARTESIAN_POINT('',(-0.8,0.4,3.E-02));
#2712 = LINE('',#2713,#2714);
#2713 = CARTESIAN_POINT('',(-0.8,-0.4,3.E-02));
#2714 = VECTOR('',#2715,1.);
#2715 = DIRECTION('',(0.,1.,0.));
#2716 = ORIENTED_EDGE('',*,*,#2717,.T.);
#2717 = EDGE_CURVE('',#2710,#2647,#2718,.T.);
#2718 = CIRCLE('',#2719,3.E-02);
#2719 = AXIS2_PLACEMENT_3D('',#2720,#2721,#2722);
#2720 = CARTESIAN_POINT('',(-0.77,0.4,3.E-02));
#2721 = DIRECTION('',(0.,-1.,0.));
#2722 = DIRECTION('',(0.,0.,1.));
#2723 = ORIENTED_EDGE('',*,*,#2656,.F.);
#2724 = ORIENTED_EDGE('',*,*,#2140,.F.);
#2725 = CYLINDRICAL_SURFACE('',#2726,3.E-02);
#2726 = AXIS2_PLACEMENT_3D('',#2727,#2728,#2729);
#2727 = CARTESIAN_POINT('',(-0.77,-0.4,3.E-02));
#2728 = DIRECTION('',(0.,1.,0.));
#2729 = DIRECTION('',(-1.,0.,0.));
#2730 = ADVANCED_FACE('',(#2731),#2742,.F.);
#2731 = FACE_BOUND('',#2732,.F.);
#2732 = EDGE_LOOP('',(#2733,#2734,#2740,#2741));
#2733 = ORIENTED_EDGE('',*,*,#2197,.T.);
#2734 = ORIENTED_EDGE('',*,*,#2735,.T.);
#2735 = EDGE_CURVE('',#2198,#2664,#2736,.T.);
#2736 = LINE('',#2737,#2738);
#2737 = CARTESIAN_POINT('',(-0.725,-0.3,0.75));
#2738 = VECTOR('',#2739,1.);
#2739 = DIRECTION('',(-0.,-0.,-1.));
#2740 = ORIENTED_EDGE('',*,*,#2663,.T.);
#2741 = ORIENTED_EDGE('',*,*,#2183,.T.);
#2742 = PLANE('',#2743);
#2743 = AXIS2_PLACEMENT_3D('',#2744,#2745,#2746);
#2744 = CARTESIAN_POINT('',(-0.725,-0.3,0.75));
#2745 = DIRECTION('',(-1.,0.,0.));
#2746 = DIRECTION('',(0.,-1.,0.));
#2747 = ADVANCED_FACE('',(#2748),#2766,.F.);
#2748 = FACE_BOUND('',#2749,.F.);
#2749 = EDGE_LOOP('',(#2750,#2751,#2752,#2760));
#2750 = ORIENTED_EDGE('',*,*,#2149,.F.);
#2751 = ORIENTED_EDGE('',*,*,#2709,.T.);
#2752 = ORIENTED_EDGE('',*,*,#2753,.T.);
#2753 = EDGE_CURVE('',#2710,#2754,#2756,.T.);
#2754 = VERTEX_POINT('',#2755);
#2755 = CARTESIAN_POINT('',(-0.8,0.4,0.47));
#2756 = LINE('',#2757,#2758);
#2757 = CARTESIAN_POINT('',(-0.8,0.4,0.));
#2758 = VECTOR('',#2759,1.);
#2759 = DIRECTION('',(0.,0.,1.));
#2760 = ORIENTED_EDGE('',*,*,#2761,.F.);
#2761 = EDGE_CURVE('',#2150,#2754,#2762,.T.);
#2762 = LINE('',#2763,#2764);
#2763 = CARTESIAN_POINT('',(-0.8,-0.4,0.47));
#2764 = VECTOR('',#2765,1.);
#2765 = DIRECTION('',(0.,1.,0.));
#2766 = PLANE('',#2767);
#2767 = AXIS2_PLACEMENT_3D('',#2768,#2769,#2770);
#2768 = CARTESIAN_POINT('',(-0.8,-0.4,0.));
#2769 = DIRECTION('',(1.,0.,0.));
#2770 = DIRECTION('',(0.,0.,1.));
#2771 = ADVANCED_FACE('',(#2772),#2784,.T.);
#2772 = FACE_BOUND('',#2773,.T.);
#2773 = EDGE_LOOP('',(#2774,#2775,#2776,#2783));
#2774 = ORIENTED_EDGE('',*,*,#2157,.T.);
#2775 = ORIENTED_EDGE('',*,*,#2609,.T.);
#2776 = ORIENTED_EDGE('',*,*,#2777,.F.);
#2777 = EDGE_CURVE('',#2754,#2602,#2778,.T.);
#2778 = CIRCLE('',#2779,3.E-02);
#2779 = AXIS2_PLACEMENT_3D('',#2780,#2781,#2782);
#2780 = CARTESIAN_POINT('',(-0.77,0.4,0.47));
#2781 = DIRECTION('',(0.,1.,0.));
#2782 = DIRECTION('',(0.,-0.,1.));
#2783 = ORIENTED_EDGE('',*,*,#2761,.F.);
#2784 = CYLINDRICAL_SURFACE('',#2785,3.E-02);
#2785 = AXIS2_PLACEMENT_3D('',#2786,#2787,#2788);
#2786 = CARTESIAN_POINT('',(-0.77,-0.4,0.47));
#2787 = DIRECTION('',(0.,1.,0.));
#2788 = DIRECTION('',(-1.,0.,0.));
#2789 = ADVANCED_FACE('',(#2790),#2802,.F.);
#2790 = FACE_BOUND('',#2791,.F.);
#2791 = EDGE_LOOP('',(#2792,#2793,#2794,#2801));
#2792 = ORIENTED_EDGE('',*,*,#2735,.F.);
#2793 = ORIENTED_EDGE('',*,*,#2278,.T.);
#2794 = ORIENTED_EDGE('',*,*,#2795,.T.);
#2795 = EDGE_CURVE('',#2271,#2672,#2796,.T.);
#2796 = CIRCLE('',#2797,3.E-02);
#2797 = AXIS2_PLACEMENT_3D('',#2798,#2799,#2800);
#2798 = CARTESIAN_POINT('',(-0.53,-0.3,3.E-02));
#2799 = DIRECTION('',(-0.,1.,0.));
#2800 = DIRECTION('',(1.,0.,0.));
#2801 = ORIENTED_EDGE('',*,*,#2671,.T.);
#2802 = PLANE('',#2803);
#2803 = AXIS2_PLACEMENT_3D('',#2804,#2805,#2806);
#2804 = CARTESIAN_POINT('',(0.725,-0.3,0.75));
#2805 = DIRECTION('',(0.,1.,0.));
#2806 = DIRECTION('',(-1.,0.,0.));
#2807 = ADVANCED_FACE('',(#2808),#2820,.T.);
#2808 = FACE_BOUND('',#2809,.T.);
#2809 = EDGE_LOOP('',(#2810,#2811,#2812,#2813));
#2810 = ORIENTED_EDGE('',*,*,#2270,.F.);
#2811 = ORIENTED_EDGE('',*,*,#2795,.T.);
#2812 = ORIENTED_EDGE('',*,*,#2679,.T.);
#2813 = ORIENTED_EDGE('',*,*,#2814,.F.);
#2814 = EDGE_CURVE('',#2263,#2680,#2815,.T.);
#2815 = CIRCLE('',#2816,3.E-02);
#2816 = AXIS2_PLACEMENT_3D('',#2817,#2818,#2819);
#2817 = CARTESIAN_POINT('',(-0.53,0.3,3.E-02));
#2818 = DIRECTION('',(-0.,1.,0.));
#2819 = DIRECTION('',(1.,0.,0.));
#2820 = CYLINDRICAL_SURFACE('',#2821,3.E-02);
#2821 = AXIS2_PLACEMENT_3D('',#2822,#2823,#2824);
#2822 = CARTESIAN_POINT('',(-0.53,-0.4,3.E-02));
#2823 = DIRECTION('',(0.,1.,0.));
#2824 = DIRECTION('',(1.,0.,0.));
#2825 = ADVANCED_FACE('',(#2826),#2837,.F.);
#2826 = FACE_BOUND('',#2827,.F.);
#2827 = EDGE_LOOP('',(#2828,#2829,#2835,#2836));
#2828 = ORIENTED_EDGE('',*,*,#2262,.T.);
#2829 = ORIENTED_EDGE('',*,*,#2830,.T.);
#2830 = EDGE_CURVE('',#2255,#2688,#2831,.T.);
#2831 = LINE('',#2832,#2833);
#2832 = CARTESIAN_POINT('',(-0.725,0.3,0.75));
#2833 = VECTOR('',#2834,1.);
#2834 = DIRECTION('',(-0.,-0.,-1.));
#2835 = ORIENTED_EDGE('',*,*,#2687,.T.);
#2836 = ORIENTED_EDGE('',*,*,#2814,.F.);
#2837 = PLANE('',#2838);
#2838 = AXIS2_PLACEMENT_3D('',#2839,#2840,#2841);
#2839 = CARTESIAN_POINT('',(-0.725,0.3,0.75));
#2840 = DIRECTION('',(0.,-1.,0.));
#2841 = DIRECTION('',(1.,0.,0.));
#2842 = ADVANCED_FACE('',(#2843),#2854,.F.);
#2843 = FACE_BOUND('',#2844,.F.);
#2844 = EDGE_LOOP('',(#2845,#2846,#2847,#2853));
#2845 = ORIENTED_EDGE('',*,*,#2830,.F.);
#2846 = ORIENTED_EDGE('',*,*,#2254,.T.);
#2847 = ORIENTED_EDGE('',*,*,#2848,.F.);
#2848 = EDGE_CURVE('',#2649,#2247,#2849,.T.);
#2849 = LINE('',#2850,#2851);
#2850 = CARTESIAN_POINT('',(-0.725,0.4,0.375));
#2851 = VECTOR('',#2852,1.);
#2852 = DIRECTION('',(0.,0.,1.));
#2853 = ORIENTED_EDGE('',*,*,#2695,.T.);
#2854 = PLANE('',#2855);
#2855 = AXIS2_PLACEMENT_3D('',#2856,#2857,#2858);
#2856 = CARTESIAN_POINT('',(-0.725,0.5,0.75));
#2857 = DIRECTION('',(-1.,0.,0.));
#2858 = DIRECTION('',(0.,-1.,0.));
#2859 = ADVANCED_FACE('',(#2860),#2885,.F.);
#2860 = FACE_BOUND('',#2861,.F.);
#2861 = EDGE_LOOP('',(#2862,#2863,#2871,#2879));
#2862 = ORIENTED_EDGE('',*,*,#2238,.T.);
#2863 = ORIENTED_EDGE('',*,*,#2864,.T.);
#2864 = EDGE_CURVE('',#2231,#2865,#2867,.T.);
#2865 = VERTEX_POINT('',#2866);
#2866 = CARTESIAN_POINT('',(0.725,0.3,0.));
#2867 = LINE('',#2868,#2869);
#2868 = CARTESIAN_POINT('',(0.725,0.3,0.75));
#2869 = VECTOR('',#2870,1.);
#2870 = DIRECTION('',(-0.,-0.,-1.));
#2871 = ORIENTED_EDGE('',*,*,#2872,.T.);
#2872 = EDGE_CURVE('',#2865,#2873,#2875,.T.);
#2873 = VERTEX_POINT('',#2874);
#2874 = CARTESIAN_POINT('',(0.725,0.4,0.));
#2875 = LINE('',#2876,#2877);
#2876 = CARTESIAN_POINT('',(0.725,-5.E-02,0.));
#2877 = VECTOR('',#2878,1.);
#2878 = DIRECTION('',(0.,1.,0.));
#2879 = ORIENTED_EDGE('',*,*,#2880,.F.);
#2880 = EDGE_CURVE('',#2239,#2873,#2881,.T.);
#2881 = LINE('',#2882,#2883);
#2882 = CARTESIAN_POINT('',(0.725,0.4,0.375));
#2883 = VECTOR('',#2884,1.);
#2884 = DIRECTION('',(0.,0.,-1.));
#2885 = PLANE('',#2886);
#2886 = AXIS2_PLACEMENT_3D('',#2887,#2888,#2889);
#2887 = CARTESIAN_POINT('',(0.725,0.3,0.75));
#2888 = DIRECTION('',(1.,0.,0.));
#2889 = DIRECTION('',(-0.,1.,0.));
#2890 = ADVANCED_FACE('',(#2891),#2910,.F.);
#2891 = FACE_BOUND('',#2892,.F.);
#2892 = EDGE_LOOP('',(#2893,#2894,#2895,#2904));
#2893 = ORIENTED_EDGE('',*,*,#2864,.F.);
#2894 = ORIENTED_EDGE('',*,*,#2230,.T.);
#2895 = ORIENTED_EDGE('',*,*,#2896,.F.);
#2896 = EDGE_CURVE('',#2897,#2223,#2899,.T.);
#2897 = VERTEX_POINT('',#2898);
#2898 = CARTESIAN_POINT('',(0.53,0.3,-3.469446951954E-18));
#2899 = CIRCLE('',#2900,3.E-02);
#2900 = AXIS2_PLACEMENT_3D('',#2901,#2902,#2903);
#2901 = CARTESIAN_POINT('',(0.53,0.3,3.E-02));
#2902 = DIRECTION('',(0.,1.,-0.));
#2903 = DIRECTION('',(-1.,0.,0.));
#2904 = ORIENTED_EDGE('',*,*,#2905,.T.);
#2905 = EDGE_CURVE('',#2897,#2865,#2906,.T.);
#2906 = LINE('',#2907,#2908);
#2907 = CARTESIAN_POINT('',(-0.1125,0.3,0.));
#2908 = VECTOR('',#2909,1.);
#2909 = DIRECTION('',(1.,0.,0.));
#2910 = PLANE('',#2911);
#2911 = AXIS2_PLACEMENT_3D('',#2912,#2913,#2914);
#2912 = CARTESIAN_POINT('',(-0.725,0.3,0.75));
#2913 = DIRECTION('',(0.,-1.,0.));
#2914 = DIRECTION('',(1.,0.,0.));
#2915 = ADVANCED_FACE('',(#2916),#2935,.T.);
#2916 = FACE_BOUND('',#2917,.T.);
#2917 = EDGE_LOOP('',(#2918,#2919,#2927,#2934));
#2918 = ORIENTED_EDGE('',*,*,#2896,.F.);
#2919 = ORIENTED_EDGE('',*,*,#2920,.F.);
#2920 = EDGE_CURVE('',#2921,#2897,#2923,.T.);
#2921 = VERTEX_POINT('',#2922);
#2922 = CARTESIAN_POINT('',(0.53,-0.3,-3.469446951954E-18));
#2923 = LINE('',#2924,#2925);
#2924 = CARTESIAN_POINT('',(0.53,-0.4,-3.469446951954E-18));
#2925 = VECTOR('',#2926,1.);
#2926 = DIRECTION('',(0.,1.,0.));
#2927 = ORIENTED_EDGE('',*,*,#2928,.T.);
#2928 = EDGE_CURVE('',#2921,#2215,#2929,.T.);
#2929 = CIRCLE('',#2930,3.E-02);
#2930 = AXIS2_PLACEMENT_3D('',#2931,#2932,#2933);
#2931 = CARTESIAN_POINT('',(0.53,-0.3,3.E-02));
#2932 = DIRECTION('',(0.,1.,-0.));
#2933 = DIRECTION('',(-1.,0.,0.));
#2934 = ORIENTED_EDGE('',*,*,#2222,.T.);
#2935 = CYLINDRICAL_SURFACE('',#2936,3.E-02);
#2936 = AXIS2_PLACEMENT_3D('',#2937,#2938,#2939);
#2937 = CARTESIAN_POINT('',(0.53,-0.4,3.E-02));
#2938 = DIRECTION('',(0.,1.,0.));
#2939 = DIRECTION('',(-1.,0.,0.));
#2940 = ADVANCED_FACE('',(#2941),#2959,.F.);
#2941 = FACE_BOUND('',#2942,.F.);
#2942 = EDGE_LOOP('',(#2943,#2944,#2952,#2958));
#2943 = ORIENTED_EDGE('',*,*,#2214,.T.);
#2944 = ORIENTED_EDGE('',*,*,#2945,.T.);
#2945 = EDGE_CURVE('',#2207,#2946,#2948,.T.);
#2946 = VERTEX_POINT('',#2947);
#2947 = CARTESIAN_POINT('',(0.725,-0.3,0.));
#2948 = LINE('',#2949,#2950);
#2949 = CARTESIAN_POINT('',(0.725,-0.3,0.75));
#2950 = VECTOR('',#2951,1.);
#2951 = DIRECTION('',(-0.,-0.,-1.));
#2952 = ORIENTED_EDGE('',*,*,#2953,.T.);
#2953 = EDGE_CURVE('',#2946,#2921,#2954,.T.);
#2954 = LINE('',#2955,#2956);
#2955 = CARTESIAN_POINT('',(0.6125,-0.3,0.));
#2956 = VECTOR('',#2957,1.);
#2957 = DIRECTION('',(-1.,0.,0.));
#2958 = ORIENTED_EDGE('',*,*,#2928,.T.);
#2959 = PLANE('',#2960);
#2960 = AXIS2_PLACEMENT_3D('',#2961,#2962,#2963);
#2961 = CARTESIAN_POINT('',(0.725,-0.3,0.75));
#2962 = DIRECTION('',(0.,1.,0.));
#2963 = DIRECTION('',(-1.,0.,0.));
#2964 = ADVANCED_FACE('',(#2965),#2976,.F.);
#2965 = FACE_BOUND('',#2966,.F.);
#2966 = EDGE_LOOP('',(#2967,#2968,#2969,#2970));
#2967 = ORIENTED_EDGE('',*,*,#2945,.F.);
#2968 = ORIENTED_EDGE('',*,*,#2206,.T.);
#2969 = ORIENTED_EDGE('',*,*,#2328,.T.);
#2970 = ORIENTED_EDGE('',*,*,#2971,.T.);
#2971 = EDGE_CURVE('',#2319,#2946,#2972,.T.);
#2972 = LINE('',#2973,#2974);
#2973 = CARTESIAN_POINT('',(0.725,-0.45,0.));
#2974 = VECTOR('',#2975,1.);
#2975 = DIRECTION('',(0.,1.,0.));
#2976 = PLANE('',#2977);
#2977 = AXIS2_PLACEMENT_3D('',#2978,#2979,#2980);
#2978 = CARTESIAN_POINT('',(0.725,-0.5,0.75));
#2979 = DIRECTION('',(1.,0.,0.));
#2980 = DIRECTION('',(-0.,1.,0.));
#2981 = ADVANCED_FACE('',(#2982),#3007,.T.);
#2982 = FACE_BOUND('',#2983,.T.);
#2983 = EDGE_LOOP('',(#2984,#2992,#2993,#3001));
#2984 = ORIENTED_EDGE('',*,*,#2985,.T.);
#2985 = EDGE_CURVE('',#2986,#2287,#2988,.T.);
#2986 = VERTEX_POINT('',#2987);
#2987 = CARTESIAN_POINT('',(0.277128129211,0.32,1.5E-02));
#2988 = LINE('',#2989,#2990);
#2989 = CARTESIAN_POINT('',(0.277128129211,0.32,1.5E-02));
#2990 = VECTOR('',#2991,1.);
#2991 = DIRECTION('',(0.,0.,1.));
#2992 = ORIENTED_EDGE('',*,*,#2286,.T.);
#2993 = ORIENTED_EDGE('',*,*,#2994,.F.);
#2994 = EDGE_CURVE('',#2995,#2289,#2997,.T.);
#2995 = VERTEX_POINT('',#2996);
#2996 = CARTESIAN_POINT('',(0.277128129211,-0.32,1.5E-02));
#2997 = LINE('',#2998,#2999);
#2998 = CARTESIAN_POINT('',(0.277128129211,-0.32,1.5E-02));
#2999 = VECTOR('',#3000,1.);
#3000 = DIRECTION('',(0.,0.,1.));
#3001 = ORIENTED_EDGE('',*,*,#3002,.F.);
#3002 = EDGE_CURVE('',#2986,#2995,#3003,.T.);
#3003 = LINE('',#3004,#3005);
#3004 = CARTESIAN_POINT('',(0.277128129211,0.32,1.5E-02));
#3005 = VECTOR('',#3006,1.);
#3006 = DIRECTION('',(0.,-1.,0.));
#3007 = PLANE('',#3008);
#3008 = AXIS2_PLACEMENT_3D('',#3009,#3010,#3011);
#3009 = CARTESIAN_POINT('',(0.277128129211,0.32,1.5E-02));
#3010 = DIRECTION('',(1.,0.,0.));
#3011 = DIRECTION('',(0.,-1.,0.));
#3012 = ADVANCED_FACE('',(#3013),#3031,.T.);
#3013 = FACE_BOUND('',#3014,.T.);
#3014 = EDGE_LOOP('',(#3015,#3023,#3024,#3025));
#3015 = ORIENTED_EDGE('',*,*,#3016,.T.);
#3016 = EDGE_CURVE('',#3017,#2297,#3019,.T.);
#3017 = VERTEX_POINT('',#3018);
#3018 = CARTESIAN_POINT('',(-0.277128129211,0.,1.5E-02));
#3019 = LINE('',#3020,#3021);
#3020 = CARTESIAN_POINT('',(-0.277128129211,0.,1.5E-02));
#3021 = VECTOR('',#3022,1.);
#3022 = DIRECTION('',(0.,0.,1.));
#3023 = ORIENTED_EDGE('',*,*,#2304,.T.);
#3024 = ORIENTED_EDGE('',*,*,#2985,.F.);
#3025 = ORIENTED_EDGE('',*,*,#3026,.F.);
#3026 = EDGE_CURVE('',#3017,#2986,#3027,.T.);
#3027 = LINE('',#3028,#3029);
#3028 = CARTESIAN_POINT('',(-0.277128129211,0.,1.5E-02));
#3029 = VECTOR('',#3030,1.);
#3030 = DIRECTION('',(0.866025403784,0.5,0.));
#3031 = PLANE('',#3032);
#3032 = AXIS2_PLACEMENT_3D('',#3033,#3034,#3035);
#3033 = CARTESIAN_POINT('',(-0.277128129211,0.,1.5E-02));
#3034 = DIRECTION('',(-0.5,0.866025403784,0.));
#3035 = DIRECTION('',(0.866025403784,0.5,0.));
#3036 = ADVANCED_FACE('',(#3037),#3048,.T.);
#3037 = FACE_BOUND('',#3038,.T.);
#3038 = EDGE_LOOP('',(#3039,#3040,#3041,#3042));
#3039 = ORIENTED_EDGE('',*,*,#2994,.T.);
#3040 = ORIENTED_EDGE('',*,*,#2296,.T.);
#3041 = ORIENTED_EDGE('',*,*,#3016,.F.);
#3042 = ORIENTED_EDGE('',*,*,#3043,.F.);
#3043 = EDGE_CURVE('',#2995,#3017,#3044,.T.);
#3044 = LINE('',#3045,#3046);
#3045 = CARTESIAN_POINT('',(0.277128129211,-0.32,1.5E-02));
#3046 = VECTOR('',#3047,1.);
#3047 = DIRECTION('',(-0.866025403784,0.5,0.));
#3048 = PLANE('',#3049);
#3049 = AXIS2_PLACEMENT_3D('',#3050,#3051,#3052);
#3050 = CARTESIAN_POINT('',(0.277128129211,-0.32,1.5E-02));
#3051 = DIRECTION('',(-0.5,-0.866025403784,0.));
#3052 = DIRECTION('',(-0.866025403784,0.5,0.));
#3053 = ADVANCED_FACE('',(#3054),#3076,.F.);
#3054 = FACE_BOUND('',#3055,.F.);
#3055 = EDGE_LOOP('',(#3056,#3064,#3065,#3066,#3067,#3068,#3069,#3070));
#3056 = ORIENTED_EDGE('',*,*,#3057,.F.);
#3057 = EDGE_CURVE('',#2873,#3058,#3060,.T.);
#3058 = VERTEX_POINT('',#3059);
#3059 = CARTESIAN_POINT('',(0.77,0.4,-3.469446951954E-18));
#3060 = LINE('',#3061,#3062);
#3061 = CARTESIAN_POINT('',(0.5,0.4,0.));
#3062 = VECTOR('',#3063,1.);
#3063 = DIRECTION('',(1.,0.,0.));
#3064 = ORIENTED_EDGE('',*,*,#2872,.F.);
#3065 = ORIENTED_EDGE('',*,*,#2905,.F.);
#3066 = ORIENTED_EDGE('',*,*,#2920,.F.);
#3067 = ORIENTED_EDGE('',*,*,#2953,.F.);
#3068 = ORIENTED_EDGE('',*,*,#2971,.F.);
#3069 = ORIENTED_EDGE('',*,*,#2318,.T.);
#3070 = ORIENTED_EDGE('',*,*,#3071,.T.);
#3071 = EDGE_CURVE('',#2321,#3058,#3072,.T.);
#3072 = LINE('',#3073,#3074);
#3073 = CARTESIAN_POINT('',(0.77,-0.4,-3.469446951954E-18));
#3074 = VECTOR('',#3075,1.);
#3075 = DIRECTION('',(0.,1.,0.));
#3076 = PLANE('',#3077);
#3077 = AXIS2_PLACEMENT_3D('',#3078,#3079,#3080);
#3078 = CARTESIAN_POINT('',(0.5,-0.4,0.));
#3079 = DIRECTION('',(0.,0.,1.));
#3080 = DIRECTION('',(1.,0.,-0.));
#3081 = ADVANCED_FACE('',(#3082),#3101,.T.);
#3082 = FACE_BOUND('',#3083,.T.);
#3083 = EDGE_LOOP('',(#3084,#3085,#3086,#3095));
#3084 = ORIENTED_EDGE('',*,*,#2370,.T.);
#3085 = ORIENTED_EDGE('',*,*,#3071,.T.);
#3086 = ORIENTED_EDGE('',*,*,#3087,.F.);
#3087 = EDGE_CURVE('',#3088,#3058,#3090,.T.);
#3088 = VERTEX_POINT('',#3089);
#3089 = CARTESIAN_POINT('',(0.8,0.4,3.E-02));
#3090 = CIRCLE('',#3091,3.E-02);
#3091 = AXIS2_PLACEMENT_3D('',#3092,#3093,#3094);
#3092 = CARTESIAN_POINT('',(0.77,0.4,3.E-02));
#3093 = DIRECTION('',(0.,1.,0.));
#3094 = DIRECTION('',(0.,-0.,1.));
#3095 = ORIENTED_EDGE('',*,*,#3096,.F.);
#3096 = EDGE_CURVE('',#2363,#3088,#3097,.T.);
#3097 = LINE('',#3098,#3099);
#3098 = CARTESIAN_POINT('',(0.8,-0.4,3.E-02));
#3099 = VECTOR('',#3100,1.);
#3100 = DIRECTION('',(0.,1.,0.));
#3101 = CYLINDRICAL_SURFACE('',#3102,3.E-02);
#3102 = AXIS2_PLACEMENT_3D('',#3103,#3104,#3105);
#3103 = CARTESIAN_POINT('',(0.77,-0.4,3.E-02));
#3104 = DIRECTION('',(0.,1.,0.));
#3105 = DIRECTION('',(1.,0.,0.));
#3106 = ADVANCED_FACE('',(#3107),#3125,.T.);
#3107 = FACE_BOUND('',#3108,.T.);
#3108 = EDGE_LOOP('',(#3109,#3110,#3111,#3119));
#3109 = ORIENTED_EDGE('',*,*,#2362,.F.);
#3110 = ORIENTED_EDGE('',*,*,#3096,.T.);
#3111 = ORIENTED_EDGE('',*,*,#3112,.T.);
#3112 = EDGE_CURVE('',#3088,#3113,#3115,.T.);
#3113 = VERTEX_POINT('',#3114);
#3114 = CARTESIAN_POINT('',(0.8,0.4,0.47));
#3115 = LINE('',#3116,#3117);
#3116 = CARTESIAN_POINT('',(0.8,0.4,0.));
#3117 = VECTOR('',#3118,1.);
#3118 = DIRECTION('',(0.,0.,1.));
#3119 = ORIENTED_EDGE('',*,*,#3120,.F.);
#3120 = EDGE_CURVE('',#2354,#3113,#3121,.T.);
#3121 = LINE('',#3122,#3123);
#3122 = CARTESIAN_POINT('',(0.8,-0.4,0.47));
#3123 = VECTOR('',#3124,1.);
#3124 = DIRECTION('',(0.,1.,0.));
#3125 = PLANE('',#3126);
#3126 = AXIS2_PLACEMENT_3D('',#3127,#3128,#3129);
#3127 = CARTESIAN_POINT('',(0.8,-0.4,0.));
#3128 = DIRECTION('',(1.,0.,0.));
#3129 = DIRECTION('',(0.,0.,1.));
#3130 = ADVANCED_FACE('',(#3131),#3150,.T.);
#3131 = FACE_BOUND('',#3132,.T.);
#3132 = EDGE_LOOP('',(#3133,#3134,#3143,#3149));
#3133 = ORIENTED_EDGE('',*,*,#3120,.T.);
#3134 = ORIENTED_EDGE('',*,*,#3135,.T.);
#3135 = EDGE_CURVE('',#3113,#3136,#3138,.T.);
#3136 = VERTEX_POINT('',#3137);
#3137 = CARTESIAN_POINT('',(0.77,0.4,0.5));
#3138 = CIRCLE('',#3139,3.E-02);
#3139 = AXIS2_PLACEMENT_3D('',#3140,#3141,#3142);
#3140 = CARTESIAN_POINT('',(0.77,0.4,0.47));
#3141 = DIRECTION('',(0.,-1.,0.));
#3142 = DIRECTION('',(0.,0.,1.));
#3143 = ORIENTED_EDGE('',*,*,#3144,.F.);
#3144 = EDGE_CURVE('',#2346,#3136,#3145,.T.);
#3145 = LINE('',#3146,#3147);
#3146 = CARTESIAN_POINT('',(0.77,-0.4,0.5));
#3147 = VECTOR('',#3148,1.);
#3148 = DIRECTION('',(0.,1.,0.));
#3149 = ORIENTED_EDGE('',*,*,#2353,.F.);
#3150 = CYLINDRICAL_SURFACE('',#3151,3.E-02);
#3151 = AXIS2_PLACEMENT_3D('',#3152,#3153,#3154);
#3152 = CARTESIAN_POINT('',(0.77,-0.4,0.47));
#3153 = DIRECTION('',(0.,1.,0.));
#3154 = DIRECTION('',(1.,0.,0.));
#3155 = ADVANCED_FACE('',(#3156),#3197,.T.);
#3156 = FACE_BOUND('',#3157,.T.);
#3157 = EDGE_LOOP('',(#3158,#3166,#3174,#3180,#3181,#3189,#3195,#3196));
#3158 = ORIENTED_EDGE('',*,*,#3159,.F.);
#3159 = EDGE_CURVE('',#3160,#3136,#3162,.T.);
#3160 = VERTEX_POINT('',#3161);
#3161 = CARTESIAN_POINT('',(0.725,0.4,0.5));
#3162 = LINE('',#3163,#3164);
#3163 = CARTESIAN_POINT('',(0.5,0.4,0.5));
#3164 = VECTOR('',#3165,1.);
#3165 = DIRECTION('',(1.,0.,0.));
#3166 = ORIENTED_EDGE('',*,*,#3167,.F.);
#3167 = EDGE_CURVE('',#3168,#3160,#3170,.T.);
#3168 = VERTEX_POINT('',#3169);
#3169 = CARTESIAN_POINT('',(0.725,0.3,0.5));
#3170 = LINE('',#3171,#3172);
#3171 = CARTESIAN_POINT('',(0.725,-5.E-02,0.5));
#3172 = VECTOR('',#3173,1.);
#3173 = DIRECTION('',(0.,1.,0.));
#3174 = ORIENTED_EDGE('',*,*,#3175,.F.);
#3175 = EDGE_CURVE('',#2451,#3168,#3176,.T.);
#3176 = LINE('',#3177,#3178);
#3177 = CARTESIAN_POINT('',(-0.1125,0.3,0.5));
#3178 = VECTOR('',#3179,1.);
#3179 = DIRECTION('',(1.,0.,0.));
#3180 = ORIENTED_EDGE('',*,*,#2450,.F.);
#3181 = ORIENTED_EDGE('',*,*,#3182,.F.);
#3182 = EDGE_CURVE('',#3183,#2442,#3185,.T.);
#3183 = VERTEX_POINT('',#3184);
#3184 = CARTESIAN_POINT('',(0.725,-0.3,0.5));
#3185 = LINE('',#3186,#3187);
#3186 = CARTESIAN_POINT('',(0.6125,-0.3,0.5));
#3187 = VECTOR('',#3188,1.);
#3188 = DIRECTION('',(-1.,0.,0.));
#3189 = ORIENTED_EDGE('',*,*,#3190,.F.);
#3190 = EDGE_CURVE('',#2338,#3183,#3191,.T.);
#3191 = LINE('',#3192,#3193);
#3192 = CARTESIAN_POINT('',(0.725,-0.45,0.5));
#3193 = VECTOR('',#3194,1.);
#3194 = DIRECTION('',(0.,1.,0.));
#3195 = ORIENTED_EDGE('',*,*,#2345,.T.);
#3196 = ORIENTED_EDGE('',*,*,#3144,.T.);
#3197 = PLANE('',#3198);
#3198 = AXIS2_PLACEMENT_3D('',#3199,#3200,#3201);
#3199 = CARTESIAN_POINT('',(0.5,-0.4,0.5));
#3200 = DIRECTION('',(0.,0.,1.));
#3201 = DIRECTION('',(1.,0.,-0.));
#3202 = ADVANCED_FACE('',(#3203),#3214,.F.);
#3203 = FACE_BOUND('',#3204,.F.);
#3204 = EDGE_LOOP('',(#3205,#3211,#3212,#3213));
#3205 = ORIENTED_EDGE('',*,*,#3206,.F.);
#3206 = EDGE_CURVE('',#3183,#2386,#3207,.T.);
#3207 = LINE('',#3208,#3209);
#3208 = CARTESIAN_POINT('',(0.725,-0.3,0.75));
#3209 = VECTOR('',#3210,1.);
#3210 = DIRECTION('',(-0.,-0.,-1.));
#3211 = ORIENTED_EDGE('',*,*,#3190,.F.);
#3212 = ORIENTED_EDGE('',*,*,#2337,.T.);
#3213 = ORIENTED_EDGE('',*,*,#2395,.F.);
#3214 = PLANE('',#3215);
#3215 = AXIS2_PLACEMENT_3D('',#3216,#3217,#3218);
#3216 = CARTESIAN_POINT('',(0.725,-0.5,0.75));
#3217 = DIRECTION('',(1.,0.,0.));
#3218 = DIRECTION('',(-0.,1.,0.));
#3219 = ADVANCED_FACE('',(#3220),#3226,.F.);
#3220 = FACE_BOUND('',#3221,.F.);
#3221 = EDGE_LOOP('',(#3222,#3223,#3224,#3225));
#3222 = ORIENTED_EDGE('',*,*,#3182,.F.);
#3223 = ORIENTED_EDGE('',*,*,#3206,.T.);
#3224 = ORIENTED_EDGE('',*,*,#2385,.F.);
#3225 = ORIENTED_EDGE('',*,*,#2441,.T.);
#3226 = PLANE('',#3227);
#3227 = AXIS2_PLACEMENT_3D('',#3228,#3229,#3230);
#3228 = CARTESIAN_POINT('',(0.725,-0.3,0.75));
#3229 = DIRECTION('',(0.,1.,0.));
#3230 = DIRECTION('',(-1.,0.,0.));
#3231 = ADVANCED_FACE('',(#3232),#3248,.F.);
#3232 = FACE_BOUND('',#3233,.F.);
#3233 = EDGE_LOOP('',(#3234,#3235,#3241,#3242));
#3234 = ORIENTED_EDGE('',*,*,#3167,.F.);
#3235 = ORIENTED_EDGE('',*,*,#3236,.T.);
#3236 = EDGE_CURVE('',#3168,#2419,#3237,.T.);
#3237 = LINE('',#3238,#3239);
#3238 = CARTESIAN_POINT('',(0.725,0.3,0.75));
#3239 = VECTOR('',#3240,1.);
#3240 = DIRECTION('',(-0.,-0.,-1.));
#3241 = ORIENTED_EDGE('',*,*,#2426,.F.);
#3242 = ORIENTED_EDGE('',*,*,#3243,.F.);
#3243 = EDGE_CURVE('',#3160,#2410,#3244,.T.);
#3244 = LINE('',#3245,#3246);
#3245 = CARTESIAN_POINT('',(0.725,0.4,0.375));
#3246 = VECTOR('',#3247,1.);
#3247 = DIRECTION('',(0.,0.,-1.));
#3248 = PLANE('',#3249);
#3249 = AXIS2_PLACEMENT_3D('',#3250,#3251,#3252);
#3250 = CARTESIAN_POINT('',(0.725,0.3,0.75));
#3251 = DIRECTION('',(1.,0.,0.));
#3252 = DIRECTION('',(-0.,1.,0.));
#3253 = ADVANCED_FACE('',(#3254),#3260,.F.);
#3254 = FACE_BOUND('',#3255,.F.);
#3255 = EDGE_LOOP('',(#3256,#3257,#3258,#3259));
#3256 = ORIENTED_EDGE('',*,*,#3236,.F.);
#3257 = ORIENTED_EDGE('',*,*,#3175,.F.);
#3258 = ORIENTED_EDGE('',*,*,#2458,.F.);
#3259 = ORIENTED_EDGE('',*,*,#2418,.F.);
#3260 = PLANE('',#3261);
#3261 = AXIS2_PLACEMENT_3D('',#3262,#3263,#3264);
#3262 = CARTESIAN_POINT('',(-0.725,0.3,0.75));
#3263 = DIRECTION('',(0.,-1.,0.));
#3264 = DIRECTION('',(1.,0.,0.));
#3265 = ADVANCED_FACE('',(#3266),#3278,.T.);
#3266 = FACE_BOUND('',#3267,.T.);
#3267 = EDGE_LOOP('',(#3268,#3269,#3270,#3271,#3272,#3273,#3274,#3275,
    #3276,#3277));
#3268 = ORIENTED_EDGE('',*,*,#2646,.F.);
#3269 = ORIENTED_EDGE('',*,*,#2717,.F.);
#3270 = ORIENTED_EDGE('',*,*,#2753,.T.);
#3271 = ORIENTED_EDGE('',*,*,#2777,.T.);
#3272 = ORIENTED_EDGE('',*,*,#2601,.T.);
#3273 = ORIENTED_EDGE('',*,*,#2562,.F.);
#3274 = ORIENTED_EDGE('',*,*,#2489,.F.);
#3275 = ORIENTED_EDGE('',*,*,#2481,.F.);
#3276 = ORIENTED_EDGE('',*,*,#2473,.T.);
#3277 = ORIENTED_EDGE('',*,*,#2848,.F.);
#3278 = PLANE('',#3279);
#3279 = AXIS2_PLACEMENT_3D('',#3280,#3281,#3282);
#3280 = CARTESIAN_POINT('',(-0.8,0.4,0.));
#3281 = DIRECTION('',(0.,1.,0.));
#3282 = DIRECTION('',(0.,-0.,1.));
#3283 = ADVANCED_FACE('',(#3284),#3296,.T.);
#3284 = FACE_BOUND('',#3285,.T.);
#3285 = EDGE_LOOP('',(#3286,#3287,#3288,#3289,#3290,#3291,#3292,#3293,
    #3294,#3295));
#3286 = ORIENTED_EDGE('',*,*,#3057,.F.);
#3287 = ORIENTED_EDGE('',*,*,#2880,.F.);
#3288 = ORIENTED_EDGE('',*,*,#2514,.T.);
#3289 = ORIENTED_EDGE('',*,*,#2506,.T.);
#3290 = ORIENTED_EDGE('',*,*,#2498,.F.);
#3291 = ORIENTED_EDGE('',*,*,#3243,.F.);
#3292 = ORIENTED_EDGE('',*,*,#3159,.T.);
#3293 = ORIENTED_EDGE('',*,*,#3135,.F.);
#3294 = ORIENTED_EDGE('',*,*,#3112,.F.);
#3295 = ORIENTED_EDGE('',*,*,#3087,.T.);
#3296 = PLANE('',#3297);
#3297 = AXIS2_PLACEMENT_3D('',#3298,#3299,#3300);
#3298 = CARTESIAN_POINT('',(0.5,0.4,0.));
#3299 = DIRECTION('',(0.,1.,0.));
#3300 = DIRECTION('',(0.,-0.,1.));
#3301 = ADVANCED_FACE('',(#3302),#3307,.T.);
#3302 = FACE_BOUND('',#3303,.T.);
#3303 = EDGE_LOOP('',(#3304,#3305,#3306));
#3304 = ORIENTED_EDGE('',*,*,#3026,.T.);
#3305 = ORIENTED_EDGE('',*,*,#3002,.T.);
#3306 = ORIENTED_EDGE('',*,*,#3043,.T.);
#3307 = PLANE('',#3308);
#3308 = AXIS2_PLACEMENT_3D('',#3309,#3310,#3311);
#3309 = CARTESIAN_POINT('',(9.237604307034E-02,0.,1.5E-02));
#3310 = DIRECTION('',(-0.,-0.,-1.));
#3311 = DIRECTION('',(-1.,0.,0.));
#3312 = ( GEOMETRIC_REPRESENTATION_CONTEXT(3) 
GLOBAL_UNCERTAINTY_ASSIGNED_CONTEXT((#3316)) 
GLOBAL_UNIT_ASSIGNED_CONTEXT((#3313,#3314,#3315)) REPRESENTATION_CONTEXT
('Context #1','3D Context with UNIT and UNCERTAINTY') );
#3313 = ( LENGTH_UNIT() NAMED_UNIT(*) SI_UNIT(.MILLI.,.METRE.) );
#3314 = ( NAMED_UNIT(*) PLANE_ANGLE_UNIT() SI_UNIT($,.RADIAN.) );
#3315 = ( NAMED_UNIT(*) SI_UNIT($,.STERADIAN.) SOLID_ANGLE_UNIT() );
#3316 = UNCERTAINTY_MEASURE_WITH_UNIT(LENGTH_MEASURE(1.E-07),#3313,
  'distance_accuracy_value','confusion accuracy');
#3317 = CONTEXT_DEPENDENT_SHAPE_REPRESENTATION(#3318,#3320);
#3318 = ( REPRESENTATION_RELATIONSHIP('','',#1788,#10) 
REPRESENTATION_RELATIONSHIP_WITH_TRANSFORMATION(#3319) 
SHAPE_REPRESENTATION_RELATIONSHIP() );
#3319 = ITEM_DEFINED_TRANSFORMATION('','',#11,#31);
#3320 = PRODUCT_DEFINITION_SHAPE('Placement','Placement of an item',
  #3321);
#3321 = NEXT_ASSEMBLY_USAGE_OCCURRENCE('5','D1','',#5,#1783,$);
#3322 = PRODUCT_RELATED_PRODUCT_CATEGORY('part',$,(#1785));
#3323 = CONTEXT_DEPENDENT_SHAPE_REPRESENTATION(#3324,#3326);
#3324 = ( REPRESENTATION_RELATIONSHIP('','',#1788,#10) 
REPRESENTATION_RELATIONSHIP_WITH_TRANSFORMATION(#3325) 
SHAPE_REPRESENTATION_RELATIONSHIP() );
#3325 = ITEM_DEFINED_TRANSFORMATION('','',#11,#35);
#3326 = PRODUCT_DEFINITION_SHAPE('Placement','Placement of an item',
  #3327);
#3327 = NEXT_ASSEMBLY_USAGE_OCCURRENCE('6','D2','',#5,#1783,$);
#3328 = CONTEXT_DEPENDENT_SHAPE_REPRESENTATION(#3329,#3331);
#3329 = ( REPRESENTATION_RELATIONSHIP('','',#910,#10) 
REPRESENTATION_RELATIONSHIP_WITH_TRANSFORMATION(#3330) 
SHAPE_REPRESENTATION_RELATIONSHIP() );
#3330 = ITEM_DEFINED_TRANSFORMATION('','',#11,#39);
#3331 = PRODUCT_DEFINITION_SHAPE('Placement','Placement of an item',
  #3332);
#3332 = NEXT_ASSEMBLY_USAGE_OCCURRENCE('7','C2','',#5,#905,$);
#3333 = CONTEXT_DEPENDENT_SHAPE_REPRESENTATION(#3334,#3336);
#3334 = ( REPRESENTATION_RELATIONSHIP('','',#96,#10) 
REPRESENTATION_RELATIONSHIP_WITH_TRANSFORMATION(#3335) 
SHAPE_REPRESENTATION_RELATIONSHIP() );
#3335 = ITEM_DEFINED_TRANSFORMATION('','',#11,#43);
#3336 = PRODUCT_DEFINITION_SHAPE('Placement','Placement of an item',
  #3337);
#3337 = NEXT_ASSEMBLY_USAGE_OCCURRENCE('8','R9','',#5,#91,$);
#3338 = SHAPE_DEFINITION_REPRESENTATION(#3339,#3345);
#3339 = PRODUCT_DEFINITION_SHAPE('','',#3340);
#3340 = PRODUCT_DEFINITION('design','',#3341,#3344);
#3341 = PRODUCT_DEFINITION_FORMATION('','',#3342);
#3342 = PRODUCT('C_0805_2012Metric','C_0805_2012Metric','',(#3343));
#3343 = PRODUCT_CONTEXT('',#2,'mechanical');
#3344 = PRODUCT_DEFINITION_CONTEXT('part definition',#2,'design');
#3345 = ADVANCED_BREP_SHAPE_REPRESENTATION('',(#11,#3346),#4200);
#3346 = MANIFOLD_SOLID_BREP('',#3347);
#3347 = CLOSED_SHELL('',(#3348,#3424,#3455,#3480,#3505,#3529,#3553,#3578
    ,#3603,#3620,#3706,#3738,#3762,#3787,#3811,#3836,#3860,#3885,#3902,
    #3988,#4019,#4044,#4069,#4093,#4117,#4142,#4167,#4184));
#3348 = ADVANCED_FACE('',(#3349),#3419,.F.);
#3349 = FACE_BOUND('',#3350,.F.);
#3350 = EDGE_LOOP('',(#3351,#3361,#3370,#3378,#3387,#3395,#3404,#3412));
#3351 = ORIENTED_EDGE('',*,*,#3352,.F.);
#3352 = EDGE_CURVE('',#3353,#3355,#3357,.T.);
#3353 = VERTEX_POINT('',#3354);
#3354 = CARTESIAN_POINT('',(-1.,-0.625,4.E-02));
#3355 = VERTEX_POINT('',#3356);
#3356 = CARTESIAN_POINT('',(-1.,-0.625,1.21));
#3357 = LINE('',#3358,#3359);
#3358 = CARTESIAN_POINT('',(-1.,-0.625,0.));
#3359 = VECTOR('',#3360,1.);
#3360 = DIRECTION('',(0.,0.,1.));
#3361 = ORIENTED_EDGE('',*,*,#3362,.T.);
#3362 = EDGE_CURVE('',#3353,#3363,#3365,.T.);
#3363 = VERTEX_POINT('',#3364);
#3364 = CARTESIAN_POINT('',(-1.,-0.585,0.));
#3365 = CIRCLE('',#3366,4.E-02);
#3366 = AXIS2_PLACEMENT_3D('',#3367,#3368,#3369);
#3367 = CARTESIAN_POINT('',(-1.,-0.585,4.E-02));
#3368 = DIRECTION('',(1.,0.,-0.));
#3369 = DIRECTION('',(0.,0.,1.));
#3370 = ORIENTED_EDGE('',*,*,#3371,.T.);
#3371 = EDGE_CURVE('',#3363,#3372,#3374,.T.);
#3372 = VERTEX_POINT('',#3373);
#3373 = CARTESIAN_POINT('',(-1.,0.585,0.));
#3374 = LINE('',#3375,#3376);
#3375 = CARTESIAN_POINT('',(-1.,-0.625,0.));
#3376 = VECTOR('',#3377,1.);
#3377 = DIRECTION('',(0.,1.,0.));
#3378 = ORIENTED_EDGE('',*,*,#3379,.F.);
#3379 = EDGE_CURVE('',#3380,#3372,#3382,.T.);
#3380 = VERTEX_POINT('',#3381);
#3381 = CARTESIAN_POINT('',(-1.,0.625,4.E-02));
#3382 = CIRCLE('',#3383,4.E-02);
#3383 = AXIS2_PLACEMENT_3D('',#3384,#3385,#3386);
#3384 = CARTESIAN_POINT('',(-1.,0.585,4.E-02));
#3385 = DIRECTION('',(-1.,0.,0.));
#3386 = DIRECTION('',(0.,0.,1.));
#3387 = ORIENTED_EDGE('',*,*,#3388,.T.);
#3388 = EDGE_CURVE('',#3380,#3389,#3391,.T.);
#3389 = VERTEX_POINT('',#3390);
#3390 = CARTESIAN_POINT('',(-1.,0.625,1.21));
#3391 = LINE('',#3392,#3393);
#3392 = CARTESIAN_POINT('',(-1.,0.625,0.));
#3393 = VECTOR('',#3394,1.);
#3394 = DIRECTION('',(0.,0.,1.));
#3395 = ORIENTED_EDGE('',*,*,#3396,.T.);
#3396 = EDGE_CURVE('',#3389,#3397,#3399,.T.);
#3397 = VERTEX_POINT('',#3398);
#3398 = CARTESIAN_POINT('',(-1.,0.585,1.25));
#3399 = CIRCLE('',#3400,4.E-02);
#3400 = AXIS2_PLACEMENT_3D('',#3401,#3402,#3403);
#3401 = CARTESIAN_POINT('',(-1.,0.585,1.21));
#3402 = DIRECTION('',(1.,0.,-0.));
#3403 = DIRECTION('',(0.,0.,1.));
#3404 = ORIENTED_EDGE('',*,*,#3405,.F.);
#3405 = EDGE_CURVE('',#3406,#3397,#3408,.T.);
#3406 = VERTEX_POINT('',#3407);
#3407 = CARTESIAN_POINT('',(-1.,-0.585,1.25));
#3408 = LINE('',#3409,#3410);
#3409 = CARTESIAN_POINT('',(-1.,-0.625,1.25));
#3410 = VECTOR('',#3411,1.);
#3411 = DIRECTION('',(0.,1.,0.));
#3412 = ORIENTED_EDGE('',*,*,#3413,.F.);
#3413 = EDGE_CURVE('',#3355,#3406,#3414,.T.);
#3414 = CIRCLE('',#3415,4.E-02);
#3415 = AXIS2_PLACEMENT_3D('',#3416,#3417,#3418);
#3416 = CARTESIAN_POINT('',(-1.,-0.585,1.21));
#3417 = DIRECTION('',(-1.,0.,0.));
#3418 = DIRECTION('',(0.,0.,1.));
#3419 = PLANE('',#3420);
#3420 = AXIS2_PLACEMENT_3D('',#3421,#3422,#3423);
#3421 = CARTESIAN_POINT('',(-1.,-0.625,0.));
#3422 = DIRECTION('',(1.,0.,0.));
#3423 = DIRECTION('',(0.,0.,1.));
#3424 = ADVANCED_FACE('',(#3425),#3450,.F.);
#3425 = FACE_BOUND('',#3426,.F.);
#3426 = EDGE_LOOP('',(#3427,#3437,#3443,#3444));
#3427 = ORIENTED_EDGE('',*,*,#3428,.F.);
#3428 = EDGE_CURVE('',#3429,#3431,#3433,.T.);
#3429 = VERTEX_POINT('',#3430);
#3430 = CARTESIAN_POINT('',(-0.6,-0.625,4.E-02));
#3431 = VERTEX_POINT('',#3432);
#3432 = CARTESIAN_POINT('',(-0.6,-0.625,1.21));
#3433 = LINE('',#3434,#3435);
#3434 = CARTESIAN_POINT('',(-0.6,-0.625,0.));
#3435 = VECTOR('',#3436,1.);
#3436 = DIRECTION('',(0.,0.,1.));
#3437 = ORIENTED_EDGE('',*,*,#3438,.F.);
#3438 = EDGE_CURVE('',#3353,#3429,#3439,.T.);
#3439 = LINE('',#3440,#3441);
#3440 = CARTESIAN_POINT('',(-1.,-0.625,4.E-02));
#3441 = VECTOR('',#3442,1.);
#3442 = DIRECTION('',(1.,0.,0.));
#3443 = ORIENTED_EDGE('',*,*,#3352,.T.);
#3444 = ORIENTED_EDGE('',*,*,#3445,.T.);
#3445 = EDGE_CURVE('',#3355,#3431,#3446,.T.);
#3446 = LINE('',#3447,#3448);
#3447 = CARTESIAN_POINT('',(-1.,-0.625,1.21));
#3448 = VECTOR('',#3449,1.);
#3449 = DIRECTION('',(1.,0.,0.));
#3450 = PLANE('',#3451);
#3451 = AXIS2_PLACEMENT_3D('',#3452,#3453,#3454);
#3452 = CARTESIAN_POINT('',(-1.,-0.625,0.));
#3453 = DIRECTION('',(0.,1.,0.));
#3454 = DIRECTION('',(0.,-0.,1.));
#3455 = ADVANCED_FACE('',(#3456),#3475,.T.);
#3456 = FACE_BOUND('',#3457,.T.);
#3457 = EDGE_LOOP('',(#3458,#3459,#3467,#3474));
#3458 = ORIENTED_EDGE('',*,*,#3362,.T.);
#3459 = ORIENTED_EDGE('',*,*,#3460,.T.);
#3460 = EDGE_CURVE('',#3363,#3461,#3463,.T.);
#3461 = VERTEX_POINT('',#3462);
#3462 = CARTESIAN_POINT('',(-0.6,-0.585,0.));
#3463 = LINE('',#3464,#3465);
#3464 = CARTESIAN_POINT('',(-1.,-0.585,0.));
#3465 = VECTOR('',#3466,1.);
#3466 = DIRECTION('',(1.,0.,0.));
#3467 = ORIENTED_EDGE('',*,*,#3468,.F.);
#3468 = EDGE_CURVE('',#3429,#3461,#3469,.T.);
#3469 = CIRCLE('',#3470,4.E-02);
#3470 = AXIS2_PLACEMENT_3D('',#3471,#3472,#3473);
#3471 = CARTESIAN_POINT('',(-0.6,-0.585,4.E-02));
#3472 = DIRECTION('',(1.,0.,-0.));
#3473 = DIRECTION('',(0.,0.,1.));
#3474 = ORIENTED_EDGE('',*,*,#3438,.F.);
#3475 = CYLINDRICAL_SURFACE('',#3476,4.E-02);
#3476 = AXIS2_PLACEMENT_3D('',#3477,#3478,#3479);
#3477 = CARTESIAN_POINT('',(-1.,-0.585,4.E-02));
#3478 = DIRECTION('',(1.,0.,0.));
#3479 = DIRECTION('',(0.,-1.,0.));
#3480 = ADVANCED_FACE('',(#3481),#3500,.T.);
#3481 = FACE_BOUND('',#3482,.T.);
#3482 = EDGE_LOOP('',(#3483,#3484,#3493,#3499));
#3483 = ORIENTED_EDGE('',*,*,#3445,.T.);
#3484 = ORIENTED_EDGE('',*,*,#3485,.T.);
#3485 = EDGE_CURVE('',#3431,#3486,#3488,.T.);
#3486 = VERTEX_POINT('',#3487);
#3487 = CARTESIAN_POINT('',(-0.6,-0.585,1.25));
#3488 = CIRCLE('',#3489,4.E-02);
#3489 = AXIS2_PLACEMENT_3D('',#3490,#3491,#3492);
#3490 = CARTESIAN_POINT('',(-0.6,-0.585,1.21));
#3491 = DIRECTION('',(-1.,0.,0.));
#3492 = DIRECTION('',(0.,0.,1.));
#3493 = ORIENTED_EDGE('',*,*,#3494,.F.);
#3494 = EDGE_CURVE('',#3406,#3486,#3495,.T.);
#3495 = LINE('',#3496,#3497);
#3496 = CARTESIAN_POINT('',(-1.,-0.585,1.25));
#3497 = VECTOR('',#3498,1.);
#3498 = DIRECTION('',(1.,0.,0.));
#3499 = ORIENTED_EDGE('',*,*,#3413,.F.);
#3500 = CYLINDRICAL_SURFACE('',#3501,4.E-02);
#3501 = AXIS2_PLACEMENT_3D('',#3502,#3503,#3504);
#3502 = CARTESIAN_POINT('',(-1.,-0.585,1.21));
#3503 = DIRECTION('',(1.,0.,0.));
#3504 = DIRECTION('',(0.,-1.,0.));
#3505 = ADVANCED_FACE('',(#3506),#3524,.F.);
#3506 = FACE_BOUND('',#3507,.F.);
#3507 = EDGE_LOOP('',(#3508,#3509,#3510,#3518));
#3508 = ORIENTED_EDGE('',*,*,#3371,.F.);
#3509 = ORIENTED_EDGE('',*,*,#3460,.T.);
#3510 = ORIENTED_EDGE('',*,*,#3511,.T.);
#3511 = EDGE_CURVE('',#3461,#3512,#3514,.T.);
#3512 = VERTEX_POINT('',#3513);
#3513 = CARTESIAN_POINT('',(-0.6,0.585,0.));
#3514 = LINE('',#3515,#3516);
#3515 = CARTESIAN_POINT('',(-0.6,-0.625,0.));
#3516 = VECTOR('',#3517,1.);
#3517 = DIRECTION('',(0.,1.,0.));
#3518 = ORIENTED_EDGE('',*,*,#3519,.F.);
#3519 = EDGE_CURVE('',#3372,#3512,#3520,.T.);
#3520 = LINE('',#3521,#3522);
#3521 = CARTESIAN_POINT('',(-1.,0.585,0.));
#3522 = VECTOR('',#3523,1.);
#3523 = DIRECTION('',(1.,0.,0.));
#3524 = PLANE('',#3525);
#3525 = AXIS2_PLACEMENT_3D('',#3526,#3527,#3528);
#3526 = CARTESIAN_POINT('',(-1.,-0.625,0.));
#3527 = DIRECTION('',(0.,0.,1.));
#3528 = DIRECTION('',(1.,0.,-0.));
#3529 = ADVANCED_FACE('',(#3530),#3548,.T.);
#3530 = FACE_BOUND('',#3531,.T.);
#3531 = EDGE_LOOP('',(#3532,#3533,#3534,#3542));
#3532 = ORIENTED_EDGE('',*,*,#3405,.F.);
#3533 = ORIENTED_EDGE('',*,*,#3494,.T.);
#3534 = ORIENTED_EDGE('',*,*,#3535,.T.);
#3535 = EDGE_CURVE('',#3486,#3536,#3538,.T.);
#3536 = VERTEX_POINT('',#3537);
#3537 = CARTESIAN_POINT('',(-0.6,0.585,1.25));
#3538 = LINE('',#3539,#3540);
#3539 = CARTESIAN_POINT('',(-0.6,-0.625,1.25));
#3540 = VECTOR('',#3541,1.);
#3541 = DIRECTION('',(0.,1.,0.));
#3542 = ORIENTED_EDGE('',*,*,#3543,.F.);
#3543 = EDGE_CURVE('',#3397,#3536,#3544,.T.);
#3544 = LINE('',#3545,#3546);
#3545 = CARTESIAN_POINT('',(-1.,0.585,1.25));
#3546 = VECTOR('',#3547,1.);
#3547 = DIRECTION('',(1.,0.,0.));
#3548 = PLANE('',#3549);
#3549 = AXIS2_PLACEMENT_3D('',#3550,#3551,#3552);
#3550 = CARTESIAN_POINT('',(-1.,-0.625,1.25));
#3551 = DIRECTION('',(0.,0.,1.));
#3552 = DIRECTION('',(1.,0.,-0.));
#3553 = ADVANCED_FACE('',(#3554),#3573,.T.);
#3554 = FACE_BOUND('',#3555,.T.);
#3555 = EDGE_LOOP('',(#3556,#3564,#3571,#3572));
#3556 = ORIENTED_EDGE('',*,*,#3557,.T.);
#3557 = EDGE_CURVE('',#3380,#3558,#3560,.T.);
#3558 = VERTEX_POINT('',#3559);
#3559 = CARTESIAN_POINT('',(-0.6,0.625,4.E-02));
#3560 = LINE('',#3561,#3562);
#3561 = CARTESIAN_POINT('',(-1.,0.625,4.E-02));
#3562 = VECTOR('',#3563,1.);
#3563 = DIRECTION('',(1.,0.,0.));
#3564 = ORIENTED_EDGE('',*,*,#3565,.T.);
#3565 = EDGE_CURVE('',#3558,#3512,#3566,.T.);
#3566 = CIRCLE('',#3567,4.E-02);
#3567 = AXIS2_PLACEMENT_3D('',#3568,#3569,#3570);
#3568 = CARTESIAN_POINT('',(-0.6,0.585,4.E-02));
#3569 = DIRECTION('',(-1.,0.,0.));
#3570 = DIRECTION('',(0.,0.,1.));
#3571 = ORIENTED_EDGE('',*,*,#3519,.F.);
#3572 = ORIENTED_EDGE('',*,*,#3379,.F.);
#3573 = CYLINDRICAL_SURFACE('',#3574,4.E-02);
#3574 = AXIS2_PLACEMENT_3D('',#3575,#3576,#3577);
#3575 = CARTESIAN_POINT('',(-1.,0.585,4.E-02));
#3576 = DIRECTION('',(1.,0.,0.));
#3577 = DIRECTION('',(-0.,1.,0.));
#3578 = ADVANCED_FACE('',(#3579),#3598,.T.);
#3579 = FACE_BOUND('',#3580,.T.);
#3580 = EDGE_LOOP('',(#3581,#3582,#3583,#3592));
#3581 = ORIENTED_EDGE('',*,*,#3396,.T.);
#3582 = ORIENTED_EDGE('',*,*,#3543,.T.);
#3583 = ORIENTED_EDGE('',*,*,#3584,.F.);
#3584 = EDGE_CURVE('',#3585,#3536,#3587,.T.);
#3585 = VERTEX_POINT('',#3586);
#3586 = CARTESIAN_POINT('',(-0.6,0.625,1.21));
#3587 = CIRCLE('',#3588,4.E-02);
#3588 = AXIS2_PLACEMENT_3D('',#3589,#3590,#3591);
#3589 = CARTESIAN_POINT('',(-0.6,0.585,1.21));
#3590 = DIRECTION('',(1.,0.,-0.));
#3591 = DIRECTION('',(0.,0.,1.));
#3592 = ORIENTED_EDGE('',*,*,#3593,.F.);
#3593 = EDGE_CURVE('',#3389,#3585,#3594,.T.);
#3594 = LINE('',#3595,#3596);
#3595 = CARTESIAN_POINT('',(-1.,0.625,1.21));
#3596 = VECTOR('',#3597,1.);
#3597 = DIRECTION('',(1.,0.,0.));
#3598 = CYLINDRICAL_SURFACE('',#3599,4.E-02);
#3599 = AXIS2_PLACEMENT_3D('',#3600,#3601,#3602);
#3600 = CARTESIAN_POINT('',(-1.,0.585,1.21));
#3601 = DIRECTION('',(1.,0.,0.));
#3602 = DIRECTION('',(-0.,1.,0.));
#3603 = ADVANCED_FACE('',(#3604),#3615,.T.);
#3604 = FACE_BOUND('',#3605,.T.);
#3605 = EDGE_LOOP('',(#3606,#3612,#3613,#3614));
#3606 = ORIENTED_EDGE('',*,*,#3607,.F.);
#3607 = EDGE_CURVE('',#3558,#3585,#3608,.T.);
#3608 = LINE('',#3609,#3610);
#3609 = CARTESIAN_POINT('',(-0.6,0.625,0.));
#3610 = VECTOR('',#3611,1.);
#3611 = DIRECTION('',(0.,0.,1.));
#3612 = ORIENTED_EDGE('',*,*,#3557,.F.);
#3613 = ORIENTED_EDGE('',*,*,#3388,.T.);
#3614 = ORIENTED_EDGE('',*,*,#3593,.T.);
#3615 = PLANE('',#3616);
#3616 = AXIS2_PLACEMENT_3D('',#3617,#3618,#3619);
#3617 = CARTESIAN_POINT('',(-1.,0.625,0.));
#3618 = DIRECTION('',(0.,1.,0.));
#3619 = DIRECTION('',(0.,-0.,1.));
#3620 = ADVANCED_FACE('',(#3621,#3631),#3701,.T.);
#3621 = FACE_BOUND('',#3622,.T.);
#3622 = EDGE_LOOP('',(#3623,#3624,#3625,#3626,#3627,#3628,#3629,#3630));
#3623 = ORIENTED_EDGE('',*,*,#3428,.F.);
#3624 = ORIENTED_EDGE('',*,*,#3468,.T.);
#3625 = ORIENTED_EDGE('',*,*,#3511,.T.);
#3626 = ORIENTED_EDGE('',*,*,#3565,.F.);
#3627 = ORIENTED_EDGE('',*,*,#3607,.T.);
#3628 = ORIENTED_EDGE('',*,*,#3584,.T.);
#3629 = ORIENTED_EDGE('',*,*,#3535,.F.);
#3630 = ORIENTED_EDGE('',*,*,#3485,.F.);
#3631 = FACE_BOUND('',#3632,.T.);
#3632 = EDGE_LOOP('',(#3633,#3644,#3652,#3661,#3669,#3678,#3686,#3695));
#3633 = ORIENTED_EDGE('',*,*,#3634,.F.);
#3634 = EDGE_CURVE('',#3635,#3637,#3639,.T.);
#3635 = VERTEX_POINT('',#3636);
#3636 = CARTESIAN_POINT('',(-0.6,-0.585,8.E-02));
#3637 = VERTEX_POINT('',#3638);
#3638 = CARTESIAN_POINT('',(-0.6,-0.545,4.E-02));
#3639 = CIRCLE('',#3640,4.E-02);
#3640 = AXIS2_PLACEMENT_3D('',#3641,#3642,#3643);
#3641 = CARTESIAN_POINT('',(-0.6,-0.545,8.E-02));
#3642 = DIRECTION('',(1.,0.,-0.));
#3643 = DIRECTION('',(0.,0.,1.));
#3644 = ORIENTED_EDGE('',*,*,#3645,.T.);
#3645 = EDGE_CURVE('',#3635,#3646,#3648,.T.);
#3646 = VERTEX_POINT('',#3647);
#3647 = CARTESIAN_POINT('',(-0.6,-0.585,1.17));
#3648 = LINE('',#3649,#3650);
#3649 = CARTESIAN_POINT('',(-0.6,-0.585,4.E-02));
#3650 = VECTOR('',#3651,1.);
#3651 = DIRECTION('',(0.,0.,1.));
#3652 = ORIENTED_EDGE('',*,*,#3653,.T.);
#3653 = EDGE_CURVE('',#3646,#3654,#3656,.T.);
#3654 = VERTEX_POINT('',#3655);
#3655 = CARTESIAN_POINT('',(-0.6,-0.545,1.21));
#3656 = CIRCLE('',#3657,4.E-02);
#3657 = AXIS2_PLACEMENT_3D('',#3658,#3659,#3660);
#3658 = CARTESIAN_POINT('',(-0.6,-0.545,1.17));
#3659 = DIRECTION('',(-1.,0.,0.));
#3660 = DIRECTION('',(0.,0.,1.));
#3661 = ORIENTED_EDGE('',*,*,#3662,.T.);
#3662 = EDGE_CURVE('',#3654,#3663,#3665,.T.);
#3663 = VERTEX_POINT('',#3664);
#3664 = CARTESIAN_POINT('',(-0.6,0.545,1.21));
#3665 = LINE('',#3666,#3667);
#3666 = CARTESIAN_POINT('',(-0.6,-0.585,1.21));
#3667 = VECTOR('',#3668,1.);
#3668 = DIRECTION('',(0.,1.,0.));
#3669 = ORIENTED_EDGE('',*,*,#3670,.F.);
#3670 = EDGE_CURVE('',#3671,#3663,#3673,.T.);
#3671 = VERTEX_POINT('',#3672);
#3672 = CARTESIAN_POINT('',(-0.6,0.585,1.17));
#3673 = CIRCLE('',#3674,4.E-02);
#3674 = AXIS2_PLACEMENT_3D('',#3675,#3676,#3677);
#3675 = CARTESIAN_POINT('',(-0.6,0.545,1.17));
#3676 = DIRECTION('',(1.,0.,-0.));
#3677 = DIRECTION('',(0.,0.,1.));
#3678 = ORIENTED_EDGE('',*,*,#3679,.F.);
#3679 = EDGE_CURVE('',#3680,#3671,#3682,.T.);
#3680 = VERTEX_POINT('',#3681);
#3681 = CARTESIAN_POINT('',(-0.6,0.585,8.E-02));
#3682 = LINE('',#3683,#3684);
#3683 = CARTESIAN_POINT('',(-0.6,0.585,4.E-02));
#3684 = VECTOR('',#3685,1.);
#3685 = DIRECTION('',(0.,0.,1.));
#3686 = ORIENTED_EDGE('',*,*,#3687,.T.);
#3687 = EDGE_CURVE('',#3680,#3688,#3690,.T.);
#3688 = VERTEX_POINT('',#3689);
#3689 = CARTESIAN_POINT('',(-0.6,0.545,4.E-02));
#3690 = CIRCLE('',#3691,4.E-02);
#3691 = AXIS2_PLACEMENT_3D('',#3692,#3693,#3694);
#3692 = CARTESIAN_POINT('',(-0.6,0.545,8.E-02));
#3693 = DIRECTION('',(-1.,0.,0.));
#3694 = DIRECTION('',(0.,0.,1.));
#3695 = ORIENTED_EDGE('',*,*,#3696,.F.);
#3696 = EDGE_CURVE('',#3637,#3688,#3697,.T.);
#3697 = LINE('',#3698,#3699);
#3698 = CARTESIAN_POINT('',(-0.6,-0.585,4.E-02));
#3699 = VECTOR('',#3700,1.);
#3700 = DIRECTION('',(0.,1.,0.));
#3701 = PLANE('',#3702);
#3702 = AXIS2_PLACEMENT_3D('',#3703,#3704,#3705);
#3703 = CARTESIAN_POINT('',(-0.6,-0.625,0.));
#3704 = DIRECTION('',(1.,0.,0.));
#3705 = DIRECTION('',(0.,0.,1.));
#3706 = ADVANCED_FACE('',(#3707),#3733,.T.);
#3707 = FACE_BOUND('',#3708,.T.);
#3708 = EDGE_LOOP('',(#3709,#3710,#3718,#3727));
#3709 = ORIENTED_EDGE('',*,*,#3634,.T.);
#3710 = ORIENTED_EDGE('',*,*,#3711,.T.);
#3711 = EDGE_CURVE('',#3637,#3712,#3714,.T.);
#3712 = VERTEX_POINT('',#3713);
#3713 = CARTESIAN_POINT('',(0.6,-0.545,4.E-02));
#3714 = LINE('',#3715,#3716);
#3715 = CARTESIAN_POINT('',(-0.6,-0.545,4.E-02));
#3716 = VECTOR('',#3717,1.);
#3717 = DIRECTION('',(1.,0.,0.));
#3718 = ORIENTED_EDGE('',*,*,#3719,.F.);
#3719 = EDGE_CURVE('',#3720,#3712,#3722,.T.);
#3720 = VERTEX_POINT('',#3721);
#3721 = CARTESIAN_POINT('',(0.6,-0.585,8.E-02));
#3722 = CIRCLE('',#3723,4.E-02);
#3723 = AXIS2_PLACEMENT_3D('',#3724,#3725,#3726);
#3724 = CARTESIAN_POINT('',(0.6,-0.545,8.E-02));
#3725 = DIRECTION('',(1.,0.,-0.));
#3726 = DIRECTION('',(0.,0.,1.));
#3727 = ORIENTED_EDGE('',*,*,#3728,.F.);
#3728 = EDGE_CURVE('',#3635,#3720,#3729,.T.);
#3729 = LINE('',#3730,#3731);
#3730 = CARTESIAN_POINT('',(-0.6,-0.585,8.E-02));
#3731 = VECTOR('',#3732,1.);
#3732 = DIRECTION('',(1.,0.,0.));
#3733 = CYLINDRICAL_SURFACE('',#3734,4.E-02);
#3734 = AXIS2_PLACEMENT_3D('',#3735,#3736,#3737);
#3735 = CARTESIAN_POINT('',(-0.6,-0.545,8.E-02));
#3736 = DIRECTION('',(1.,0.,0.));
#3737 = DIRECTION('',(0.,-1.,0.));
#3738 = ADVANCED_FACE('',(#3739),#3757,.F.);
#3739 = FACE_BOUND('',#3740,.F.);
#3740 = EDGE_LOOP('',(#3741,#3742,#3743,#3751));
#3741 = ORIENTED_EDGE('',*,*,#3696,.F.);
#3742 = ORIENTED_EDGE('',*,*,#3711,.T.);
#3743 = ORIENTED_EDGE('',*,*,#3744,.T.);
#3744 = EDGE_CURVE('',#3712,#3745,#3747,.T.);
#3745 = VERTEX_POINT('',#3746);
#3746 = CARTESIAN_POINT('',(0.6,0.545,4.E-02));
#3747 = LINE('',#3748,#3749);
#3748 = CARTESIAN_POINT('',(0.6,-0.585,4.E-02));
#3749 = VECTOR('',#3750,1.);
#3750 = DIRECTION('',(0.,1.,0.));
#3751 = ORIENTED_EDGE('',*,*,#3752,.F.);
#3752 = EDGE_CURVE('',#3688,#3745,#3753,.T.);
#3753 = LINE('',#3754,#3755);
#3754 = CARTESIAN_POINT('',(-0.6,0.545,4.E-02));
#3755 = VECTOR('',#3756,1.);
#3756 = DIRECTION('',(1.,0.,0.));
#3757 = PLANE('',#3758);
#3758 = AXIS2_PLACEMENT_3D('',#3759,#3760,#3761);
#3759 = CARTESIAN_POINT('',(-0.6,-0.585,4.E-02));
#3760 = DIRECTION('',(0.,0.,1.));
#3761 = DIRECTION('',(1.,0.,-0.));
#3762 = ADVANCED_FACE('',(#3763),#3782,.T.);
#3763 = FACE_BOUND('',#3764,.T.);
#3764 = EDGE_LOOP('',(#3765,#3773,#3780,#3781));
#3765 = ORIENTED_EDGE('',*,*,#3766,.T.);
#3766 = EDGE_CURVE('',#3680,#3767,#3769,.T.);
#3767 = VERTEX_POINT('',#3768);
#3768 = CARTESIAN_POINT('',(0.6,0.585,8.E-02));
#3769 = LINE('',#3770,#3771);
#3770 = CARTESIAN_POINT('',(-0.6,0.585,8.E-02));
#3771 = VECTOR('',#3772,1.);
#3772 = DIRECTION('',(1.,0.,0.));
#3773 = ORIENTED_EDGE('',*,*,#3774,.T.);
#3774 = EDGE_CURVE('',#3767,#3745,#3775,.T.);
#3775 = CIRCLE('',#3776,4.E-02);
#3776 = AXIS2_PLACEMENT_3D('',#3777,#3778,#3779);
#3777 = CARTESIAN_POINT('',(0.6,0.545,8.E-02));
#3778 = DIRECTION('',(-1.,0.,0.));
#3779 = DIRECTION('',(0.,0.,1.));
#3780 = ORIENTED_EDGE('',*,*,#3752,.F.);
#3781 = ORIENTED_EDGE('',*,*,#3687,.F.);
#3782 = CYLINDRICAL_SURFACE('',#3783,4.E-02);
#3783 = AXIS2_PLACEMENT_3D('',#3784,#3785,#3786);
#3784 = CARTESIAN_POINT('',(-0.6,0.545,8.E-02));
#3785 = DIRECTION('',(1.,0.,0.));
#3786 = DIRECTION('',(-0.,1.,0.));
#3787 = ADVANCED_FACE('',(#3788),#3806,.T.);
#3788 = FACE_BOUND('',#3789,.T.);
#3789 = EDGE_LOOP('',(#3790,#3798,#3799,#3800));
#3790 = ORIENTED_EDGE('',*,*,#3791,.F.);
#3791 = EDGE_CURVE('',#3767,#3792,#3794,.T.);
#3792 = VERTEX_POINT('',#3793);
#3793 = CARTESIAN_POINT('',(0.6,0.585,1.17));
#3794 = LINE('',#3795,#3796);
#3795 = CARTESIAN_POINT('',(0.6,0.585,4.E-02));
#3796 = VECTOR('',#3797,1.);
#3797 = DIRECTION('',(0.,0.,1.));
#3798 = ORIENTED_EDGE('',*,*,#3766,.F.);
#3799 = ORIENTED_EDGE('',*,*,#3679,.T.);
#3800 = ORIENTED_EDGE('',*,*,#3801,.T.);
#3801 = EDGE_CURVE('',#3671,#3792,#3802,.T.);
#3802 = LINE('',#3803,#3804);
#3803 = CARTESIAN_POINT('',(-0.6,0.585,1.17));
#3804 = VECTOR('',#3805,1.);
#3805 = DIRECTION('',(1.,0.,0.));
#3806 = PLANE('',#3807);
#3807 = AXIS2_PLACEMENT_3D('',#3808,#3809,#3810);
#3808 = CARTESIAN_POINT('',(-0.6,0.585,4.E-02));
#3809 = DIRECTION('',(0.,1.,0.));
#3810 = DIRECTION('',(0.,-0.,1.));
#3811 = ADVANCED_FACE('',(#3812),#3831,.T.);
#3812 = FACE_BOUND('',#3813,.T.);
#3813 = EDGE_LOOP('',(#3814,#3815,#3823,#3830));
#3814 = ORIENTED_EDGE('',*,*,#3670,.T.);
#3815 = ORIENTED_EDGE('',*,*,#3816,.T.);
#3816 = EDGE_CURVE('',#3663,#3817,#3819,.T.);
#3817 = VERTEX_POINT('',#3818);
#3818 = CARTESIAN_POINT('',(0.6,0.545,1.21));
#3819 = LINE('',#3820,#3821);
#3820 = CARTESIAN_POINT('',(-0.6,0.545,1.21));
#3821 = VECTOR('',#3822,1.);
#3822 = DIRECTION('',(1.,0.,0.));
#3823 = ORIENTED_EDGE('',*,*,#3824,.F.);
#3824 = EDGE_CURVE('',#3792,#3817,#3825,.T.);
#3825 = CIRCLE('',#3826,4.E-02);
#3826 = AXIS2_PLACEMENT_3D('',#3827,#3828,#3829);
#3827 = CARTESIAN_POINT('',(0.6,0.545,1.17));
#3828 = DIRECTION('',(1.,0.,-0.));
#3829 = DIRECTION('',(0.,0.,1.));
#3830 = ORIENTED_EDGE('',*,*,#3801,.F.);
#3831 = CYLINDRICAL_SURFACE('',#3832,4.E-02);
#3832 = AXIS2_PLACEMENT_3D('',#3833,#3834,#3835);
#3833 = CARTESIAN_POINT('',(-0.6,0.545,1.17));
#3834 = DIRECTION('',(1.,0.,0.));
#3835 = DIRECTION('',(-0.,1.,0.));
#3836 = ADVANCED_FACE('',(#3837),#3855,.T.);
#3837 = FACE_BOUND('',#3838,.T.);
#3838 = EDGE_LOOP('',(#3839,#3840,#3848,#3854));
#3839 = ORIENTED_EDGE('',*,*,#3662,.F.);
#3840 = ORIENTED_EDGE('',*,*,#3841,.T.);
#3841 = EDGE_CURVE('',#3654,#3842,#3844,.T.);
#3842 = VERTEX_POINT('',#3843);
#3843 = CARTESIAN_POINT('',(0.6,-0.545,1.21));
#3844 = LINE('',#3845,#3846);
#3845 = CARTESIAN_POINT('',(-0.6,-0.545,1.21));
#3846 = VECTOR('',#3847,1.);
#3847 = DIRECTION('',(1.,0.,0.));
#3848 = ORIENTED_EDGE('',*,*,#3849,.T.);
#3849 = EDGE_CURVE('',#3842,#3817,#3850,.T.);
#3850 = LINE('',#3851,#3852);
#3851 = CARTESIAN_POINT('',(0.6,-0.585,1.21));
#3852 = VECTOR('',#3853,1.);
#3853 = DIRECTION('',(0.,1.,0.));
#3854 = ORIENTED_EDGE('',*,*,#3816,.F.);
#3855 = PLANE('',#3856);
#3856 = AXIS2_PLACEMENT_3D('',#3857,#3858,#3859);
#3857 = CARTESIAN_POINT('',(-0.6,-0.585,1.21));
#3858 = DIRECTION('',(0.,0.,1.));
#3859 = DIRECTION('',(1.,0.,-0.));
#3860 = ADVANCED_FACE('',(#3861),#3880,.T.);
#3861 = FACE_BOUND('',#3862,.T.);
#3862 = EDGE_LOOP('',(#3863,#3871,#3878,#3879));
#3863 = ORIENTED_EDGE('',*,*,#3864,.T.);
#3864 = EDGE_CURVE('',#3646,#3865,#3867,.T.);
#3865 = VERTEX_POINT('',#3866);
#3866 = CARTESIAN_POINT('',(0.6,-0.585,1.17));
#3867 = LINE('',#3868,#3869);
#3868 = CARTESIAN_POINT('',(-0.6,-0.585,1.17));
#3869 = VECTOR('',#3870,1.);
#3870 = DIRECTION('',(1.,0.,0.));
#3871 = ORIENTED_EDGE('',*,*,#3872,.T.);
#3872 = EDGE_CURVE('',#3865,#3842,#3873,.T.);
#3873 = CIRCLE('',#3874,4.E-02);
#3874 = AXIS2_PLACEMENT_3D('',#3875,#3876,#3877);
#3875 = CARTESIAN_POINT('',(0.6,-0.545,1.17));
#3876 = DIRECTION('',(-1.,0.,0.));
#3877 = DIRECTION('',(0.,0.,1.));
#3878 = ORIENTED_EDGE('',*,*,#3841,.F.);
#3879 = ORIENTED_EDGE('',*,*,#3653,.F.);
#3880 = CYLINDRICAL_SURFACE('',#3881,4.E-02);
#3881 = AXIS2_PLACEMENT_3D('',#3882,#3883,#3884);
#3882 = CARTESIAN_POINT('',(-0.6,-0.545,1.17));
#3883 = DIRECTION('',(1.,0.,0.));
#3884 = DIRECTION('',(0.,-1.,0.));
#3885 = ADVANCED_FACE('',(#3886),#3897,.F.);
#3886 = FACE_BOUND('',#3887,.F.);
#3887 = EDGE_LOOP('',(#3888,#3894,#3895,#3896));
#3888 = ORIENTED_EDGE('',*,*,#3889,.F.);
#3889 = EDGE_CURVE('',#3720,#3865,#3890,.T.);
#3890 = LINE('',#3891,#3892);
#3891 = CARTESIAN_POINT('',(0.6,-0.585,4.E-02));
#3892 = VECTOR('',#3893,1.);
#3893 = DIRECTION('',(0.,0.,1.));
#3894 = ORIENTED_EDGE('',*,*,#3728,.F.);
#3895 = ORIENTED_EDGE('',*,*,#3645,.T.);
#3896 = ORIENTED_EDGE('',*,*,#3864,.T.);
#3897 = PLANE('',#3898);
#3898 = AXIS2_PLACEMENT_3D('',#3899,#3900,#3901);
#3899 = CARTESIAN_POINT('',(-0.6,-0.585,4.E-02));
#3900 = DIRECTION('',(0.,1.,0.));
#3901 = DIRECTION('',(0.,-0.,1.));
#3902 = ADVANCED_FACE('',(#3903,#3973),#3983,.F.);
#3903 = FACE_BOUND('',#3904,.F.);
#3904 = EDGE_LOOP('',(#3905,#3915,#3924,#3932,#3941,#3949,#3958,#3966));
#3905 = ORIENTED_EDGE('',*,*,#3906,.F.);
#3906 = EDGE_CURVE('',#3907,#3909,#3911,.T.);
#3907 = VERTEX_POINT('',#3908);
#3908 = CARTESIAN_POINT('',(0.6,-0.625,4.E-02));
#3909 = VERTEX_POINT('',#3910);
#3910 = CARTESIAN_POINT('',(0.6,-0.625,1.21));
#3911 = LINE('',#3912,#3913);
#3912 = CARTESIAN_POINT('',(0.6,-0.625,0.));
#3913 = VECTOR('',#3914,1.);
#3914 = DIRECTION('',(0.,0.,1.));
#3915 = ORIENTED_EDGE('',*,*,#3916,.T.);
#3916 = EDGE_CURVE('',#3907,#3917,#3919,.T.);
#3917 = VERTEX_POINT('',#3918);
#3918 = CARTESIAN_POINT('',(0.6,-0.585,0.));
#3919 = CIRCLE('',#3920,4.E-02);
#3920 = AXIS2_PLACEMENT_3D('',#3921,#3922,#3923);
#3921 = CARTESIAN_POINT('',(0.6,-0.585,4.E-02));
#3922 = DIRECTION('',(1.,0.,-0.));
#3923 = DIRECTION('',(0.,0.,1.));
#3924 = ORIENTED_EDGE('',*,*,#3925,.T.);
#3925 = EDGE_CURVE('',#3917,#3926,#3928,.T.);
#3926 = VERTEX_POINT('',#3927);
#3927 = CARTESIAN_POINT('',(0.6,0.585,0.));
#3928 = LINE('',#3929,#3930);
#3929 = CARTESIAN_POINT('',(0.6,-0.625,0.));
#3930 = VECTOR('',#3931,1.);
#3931 = DIRECTION('',(0.,1.,0.));
#3932 = ORIENTED_EDGE('',*,*,#3933,.F.);
#3933 = EDGE_CURVE('',#3934,#3926,#3936,.T.);
#3934 = VERTEX_POINT('',#3935);
#3935 = CARTESIAN_POINT('',(0.6,0.625,4.E-02));
#3936 = CIRCLE('',#3937,4.E-02);
#3937 = AXIS2_PLACEMENT_3D('',#3938,#3939,#3940);
#3938 = CARTESIAN_POINT('',(0.6,0.585,4.E-02));
#3939 = DIRECTION('',(-1.,0.,0.));
#3940 = DIRECTION('',(0.,0.,1.));
#3941 = ORIENTED_EDGE('',*,*,#3942,.T.);
#3942 = EDGE_CURVE('',#3934,#3943,#3945,.T.);
#3943 = VERTEX_POINT('',#3944);
#3944 = CARTESIAN_POINT('',(0.6,0.625,1.21));
#3945 = LINE('',#3946,#3947);
#3946 = CARTESIAN_POINT('',(0.6,0.625,0.));
#3947 = VECTOR('',#3948,1.);
#3948 = DIRECTION('',(0.,0.,1.));
#3949 = ORIENTED_EDGE('',*,*,#3950,.T.);
#3950 = EDGE_CURVE('',#3943,#3951,#3953,.T.);
#3951 = VERTEX_POINT('',#3952);
#3952 = CARTESIAN_POINT('',(0.6,0.585,1.25));
#3953 = CIRCLE('',#3954,4.E-02);
#3954 = AXIS2_PLACEMENT_3D('',#3955,#3956,#3957);
#3955 = CARTESIAN_POINT('',(0.6,0.585,1.21));
#3956 = DIRECTION('',(1.,0.,-0.));
#3957 = DIRECTION('',(0.,0.,1.));
#3958 = ORIENTED_EDGE('',*,*,#3959,.F.);
#3959 = EDGE_CURVE('',#3960,#3951,#3962,.T.);
#3960 = VERTEX_POINT('',#3961);
#3961 = CARTESIAN_POINT('',(0.6,-0.585,1.25));
#3962 = LINE('',#3963,#3964);
#3963 = CARTESIAN_POINT('',(0.6,-0.625,1.25));
#3964 = VECTOR('',#3965,1.);
#3965 = DIRECTION('',(0.,1.,0.));
#3966 = ORIENTED_EDGE('',*,*,#3967,.F.);
#3967 = EDGE_CURVE('',#3909,#3960,#3968,.T.);
#3968 = CIRCLE('',#3969,4.E-02);
#3969 = AXIS2_PLACEMENT_3D('',#3970,#3971,#3972);
#3970 = CARTESIAN_POINT('',(0.6,-0.585,1.21));
#3971 = DIRECTION('',(-1.,0.,0.));
#3972 = DIRECTION('',(0.,0.,1.));
#3973 = FACE_BOUND('',#3974,.F.);
#3974 = EDGE_LOOP('',(#3975,#3976,#3977,#3978,#3979,#3980,#3981,#3982));
#3975 = ORIENTED_EDGE('',*,*,#3719,.F.);
#3976 = ORIENTED_EDGE('',*,*,#3889,.T.);
#3977 = ORIENTED_EDGE('',*,*,#3872,.T.);
#3978 = ORIENTED_EDGE('',*,*,#3849,.T.);
#3979 = ORIENTED_EDGE('',*,*,#3824,.F.);
#3980 = ORIENTED_EDGE('',*,*,#3791,.F.);
#3981 = ORIENTED_EDGE('',*,*,#3774,.T.);
#3982 = ORIENTED_EDGE('',*,*,#3744,.F.);
#3983 = PLANE('',#3984);
#3984 = AXIS2_PLACEMENT_3D('',#3985,#3986,#3987);
#3985 = CARTESIAN_POINT('',(0.6,-0.625,0.));
#3986 = DIRECTION('',(1.,0.,0.));
#3987 = DIRECTION('',(0.,0.,1.));
#3988 = ADVANCED_FACE('',(#3989),#4014,.F.);
#3989 = FACE_BOUND('',#3990,.F.);
#3990 = EDGE_LOOP('',(#3991,#4001,#4007,#4008));
#3991 = ORIENTED_EDGE('',*,*,#3992,.F.);
#3992 = EDGE_CURVE('',#3993,#3995,#3997,.T.);
#3993 = VERTEX_POINT('',#3994);
#3994 = CARTESIAN_POINT('',(1.,-0.625,4.E-02));
#3995 = VERTEX_POINT('',#3996);
#3996 = CARTESIAN_POINT('',(1.,-0.625,1.21));
#3997 = LINE('',#3998,#3999);
#3998 = CARTESIAN_POINT('',(1.,-0.625,0.));
#3999 = VECTOR('',#4000,1.);
#4000 = DIRECTION('',(0.,0.,1.));
#4001 = ORIENTED_EDGE('',*,*,#4002,.F.);
#4002 = EDGE_CURVE('',#3907,#3993,#4003,.T.);
#4003 = LINE('',#4004,#4005);
#4004 = CARTESIAN_POINT('',(0.6,-0.625,4.E-02));
#4005 = VECTOR('',#4006,1.);
#4006 = DIRECTION('',(1.,0.,0.));
#4007 = ORIENTED_EDGE('',*,*,#3906,.T.);
#4008 = ORIENTED_EDGE('',*,*,#4009,.T.);
#4009 = EDGE_CURVE('',#3909,#3995,#4010,.T.);
#4010 = LINE('',#4011,#4012);
#4011 = CARTESIAN_POINT('',(0.6,-0.625,1.21));
#4012 = VECTOR('',#4013,1.);
#4013 = DIRECTION('',(1.,0.,0.));
#4014 = PLANE('',#4015);
#4015 = AXIS2_PLACEMENT_3D('',#4016,#4017,#4018);
#4016 = CARTESIAN_POINT('',(0.6,-0.625,0.));
#4017 = DIRECTION('',(0.,1.,0.));
#4018 = DIRECTION('',(0.,-0.,1.));
#4019 = ADVANCED_FACE('',(#4020),#4039,.T.);
#4020 = FACE_BOUND('',#4021,.T.);
#4021 = EDGE_LOOP('',(#4022,#4023,#4031,#4038));
#4022 = ORIENTED_EDGE('',*,*,#3916,.T.);
#4023 = ORIENTED_EDGE('',*,*,#4024,.T.);
#4024 = EDGE_CURVE('',#3917,#4025,#4027,.T.);
#4025 = VERTEX_POINT('',#4026);
#4026 = CARTESIAN_POINT('',(1.,-0.585,0.));
#4027 = LINE('',#4028,#4029);
#4028 = CARTESIAN_POINT('',(0.6,-0.585,0.));
#4029 = VECTOR('',#4030,1.);
#4030 = DIRECTION('',(1.,0.,0.));
#4031 = ORIENTED_EDGE('',*,*,#4032,.F.);
#4032 = EDGE_CURVE('',#3993,#4025,#4033,.T.);
#4033 = CIRCLE('',#4034,4.E-02);
#4034 = AXIS2_PLACEMENT_3D('',#4035,#4036,#4037);
#4035 = CARTESIAN_POINT('',(1.,-0.585,4.E-02));
#4036 = DIRECTION('',(1.,0.,-0.));
#4037 = DIRECTION('',(0.,0.,1.));
#4038 = ORIENTED_EDGE('',*,*,#4002,.F.);
#4039 = CYLINDRICAL_SURFACE('',#4040,4.E-02);
#4040 = AXIS2_PLACEMENT_3D('',#4041,#4042,#4043);
#4041 = CARTESIAN_POINT('',(0.6,-0.585,4.E-02));
#4042 = DIRECTION('',(1.,0.,0.));
#4043 = DIRECTION('',(0.,-1.,0.));
#4044 = ADVANCED_FACE('',(#4045),#4064,.T.);
#4045 = FACE_BOUND('',#4046,.T.);
#4046 = EDGE_LOOP('',(#4047,#4048,#4057,#4063));
#4047 = ORIENTED_EDGE('',*,*,#4009,.T.);
#4048 = ORIENTED_EDGE('',*,*,#4049,.T.);
#4049 = EDGE_CURVE('',#3995,#4050,#4052,.T.);
#4050 = VERTEX_POINT('',#4051);
#4051 = CARTESIAN_POINT('',(1.,-0.585,1.25));
#4052 = CIRCLE('',#4053,4.E-02);
#4053 = AXIS2_PLACEMENT_3D('',#4054,#4055,#4056);
#4054 = CARTESIAN_POINT('',(1.,-0.585,1.21));
#4055 = DIRECTION('',(-1.,0.,0.));
#4056 = DIRECTION('',(0.,0.,1.));
#4057 = ORIENTED_EDGE('',*,*,#4058,.F.);
#4058 = EDGE_CURVE('',#3960,#4050,#4059,.T.);
#4059 = LINE('',#4060,#4061);
#4060 = CARTESIAN_POINT('',(0.6,-0.585,1.25));
#4061 = VECTOR('',#4062,1.);
#4062 = DIRECTION('',(1.,0.,0.));
#4063 = ORIENTED_EDGE('',*,*,#3967,.F.);
#4064 = CYLINDRICAL_SURFACE('',#4065,4.E-02);
#4065 = AXIS2_PLACEMENT_3D('',#4066,#4067,#4068);
#4066 = CARTESIAN_POINT('',(0.6,-0.585,1.21));
#4067 = DIRECTION('',(1.,0.,0.));
#4068 = DIRECTION('',(0.,-1.,0.));
#4069 = ADVANCED_FACE('',(#4070),#4088,.F.);
#4070 = FACE_BOUND('',#4071,.F.);
#4071 = EDGE_LOOP('',(#4072,#4073,#4074,#4082));
#4072 = ORIENTED_EDGE('',*,*,#3925,.F.);
#4073 = ORIENTED_EDGE('',*,*,#4024,.T.);
#4074 = ORIENTED_EDGE('',*,*,#4075,.T.);
#4075 = EDGE_CURVE('',#4025,#4076,#4078,.T.);
#4076 = VERTEX_POINT('',#4077);
#4077 = CARTESIAN_POINT('',(1.,0.585,0.));
#4078 = LINE('',#4079,#4080);
#4079 = CARTESIAN_POINT('',(1.,-0.625,0.));
#4080 = VECTOR('',#4081,1.);
#4081 = DIRECTION('',(0.,1.,0.));
#4082 = ORIENTED_EDGE('',*,*,#4083,.F.);
#4083 = EDGE_CURVE('',#3926,#4076,#4084,.T.);
#4084 = LINE('',#4085,#4086);
#4085 = CARTESIAN_POINT('',(0.6,0.585,0.));
#4086 = VECTOR('',#4087,1.);
#4087 = DIRECTION('',(1.,0.,0.));
#4088 = PLANE('',#4089);
#4089 = AXIS2_PLACEMENT_3D('',#4090,#4091,#4092);
#4090 = CARTESIAN_POINT('',(0.6,-0.625,0.));
#4091 = DIRECTION('',(0.,0.,1.));
#4092 = DIRECTION('',(1.,0.,-0.));
#4093 = ADVANCED_FACE('',(#4094),#4112,.T.);
#4094 = FACE_BOUND('',#4095,.T.);
#4095 = EDGE_LOOP('',(#4096,#4097,#4098,#4106));
#4096 = ORIENTED_EDGE('',*,*,#3959,.F.);
#4097 = ORIENTED_EDGE('',*,*,#4058,.T.);
#4098 = ORIENTED_EDGE('',*,*,#4099,.T.);
#4099 = EDGE_CURVE('',#4050,#4100,#4102,.T.);
#4100 = VERTEX_POINT('',#4101);
#4101 = CARTESIAN_POINT('',(1.,0.585,1.25));
#4102 = LINE('',#4103,#4104);
#4103 = CARTESIAN_POINT('',(1.,-0.625,1.25));
#4104 = VECTOR('',#4105,1.);
#4105 = DIRECTION('',(0.,1.,0.));
#4106 = ORIENTED_EDGE('',*,*,#4107,.F.);
#4107 = EDGE_CURVE('',#3951,#4100,#4108,.T.);
#4108 = LINE('',#4109,#4110);
#4109 = CARTESIAN_POINT('',(0.6,0.585,1.25));
#4110 = VECTOR('',#4111,1.);
#4111 = DIRECTION('',(1.,0.,0.));
#4112 = PLANE('',#4113);
#4113 = AXIS2_PLACEMENT_3D('',#4114,#4115,#4116);
#4114 = CARTESIAN_POINT('',(0.6,-0.625,1.25));
#4115 = DIRECTION('',(0.,0.,1.));
#4116 = DIRECTION('',(1.,0.,-0.));
#4117 = ADVANCED_FACE('',(#4118),#4137,.T.);
#4118 = FACE_BOUND('',#4119,.T.);
#4119 = EDGE_LOOP('',(#4120,#4128,#4135,#4136));
#4120 = ORIENTED_EDGE('',*,*,#4121,.T.);
#4121 = EDGE_CURVE('',#3934,#4122,#4124,.T.);
#4122 = VERTEX_POINT('',#4123);
#4123 = CARTESIAN_POINT('',(1.,0.625,4.E-02));
#4124 = LINE('',#4125,#4126);
#4125 = CARTESIAN_POINT('',(0.6,0.625,4.E-02));
#4126 = VECTOR('',#4127,1.);
#4127 = DIRECTION('',(1.,0.,0.));
#4128 = ORIENTED_EDGE('',*,*,#4129,.T.);
#4129 = EDGE_CURVE('',#4122,#4076,#4130,.T.);
#4130 = CIRCLE('',#4131,4.E-02);
#4131 = AXIS2_PLACEMENT_3D('',#4132,#4133,#4134);
#4132 = CARTESIAN_POINT('',(1.,0.585,4.E-02));
#4133 = DIRECTION('',(-1.,0.,0.));
#4134 = DIRECTION('',(0.,0.,1.));
#4135 = ORIENTED_EDGE('',*,*,#4083,.F.);
#4136 = ORIENTED_EDGE('',*,*,#3933,.F.);
#4137 = CYLINDRICAL_SURFACE('',#4138,4.E-02);
#4138 = AXIS2_PLACEMENT_3D('',#4139,#4140,#4141);
#4139 = CARTESIAN_POINT('',(0.6,0.585,4.E-02));
#4140 = DIRECTION('',(1.,0.,0.));
#4141 = DIRECTION('',(-0.,1.,0.));
#4142 = ADVANCED_FACE('',(#4143),#4162,.T.);
#4143 = FACE_BOUND('',#4144,.T.);
#4144 = EDGE_LOOP('',(#4145,#4146,#4147,#4156));
#4145 = ORIENTED_EDGE('',*,*,#3950,.T.);
#4146 = ORIENTED_EDGE('',*,*,#4107,.T.);
#4147 = ORIENTED_EDGE('',*,*,#4148,.F.);
#4148 = EDGE_CURVE('',#4149,#4100,#4151,.T.);
#4149 = VERTEX_POINT('',#4150);
#4150 = CARTESIAN_POINT('',(1.,0.625,1.21));
#4151 = CIRCLE('',#4152,4.E-02);
#4152 = AXIS2_PLACEMENT_3D('',#4153,#4154,#4155);
#4153 = CARTESIAN_POINT('',(1.,0.585,1.21));
#4154 = DIRECTION('',(1.,0.,-0.));
#4155 = DIRECTION('',(0.,0.,1.));
#4156 = ORIENTED_EDGE('',*,*,#4157,.F.);
#4157 = EDGE_CURVE('',#3943,#4149,#4158,.T.);
#4158 = LINE('',#4159,#4160);
#4159 = CARTESIAN_POINT('',(0.6,0.625,1.21));
#4160 = VECTOR('',#4161,1.);
#4161 = DIRECTION('',(1.,0.,0.));
#4162 = CYLINDRICAL_SURFACE('',#4163,4.E-02);
#4163 = AXIS2_PLACEMENT_3D('',#4164,#4165,#4166);
#4164 = CARTESIAN_POINT('',(0.6,0.585,1.21));
#4165 = DIRECTION('',(1.,0.,0.));
#4166 = DIRECTION('',(-0.,1.,0.));
#4167 = ADVANCED_FACE('',(#4168),#4179,.T.);
#4168 = FACE_BOUND('',#4169,.T.);
#4169 = EDGE_LOOP('',(#4170,#4176,#4177,#4178));
#4170 = ORIENTED_EDGE('',*,*,#4171,.F.);
#4171 = EDGE_CURVE('',#4122,#4149,#4172,.T.);
#4172 = LINE('',#4173,#4174);
#4173 = CARTESIAN_POINT('',(1.,0.625,0.));
#4174 = VECTOR('',#4175,1.);
#4175 = DIRECTION('',(0.,0.,1.));
#4176 = ORIENTED_EDGE('',*,*,#4121,.F.);
#4177 = ORIENTED_EDGE('',*,*,#3942,.T.);
#4178 = ORIENTED_EDGE('',*,*,#4157,.T.);
#4179 = PLANE('',#4180);
#4180 = AXIS2_PLACEMENT_3D('',#4181,#4182,#4183);
#4181 = CARTESIAN_POINT('',(0.6,0.625,0.));
#4182 = DIRECTION('',(0.,1.,0.));
#4183 = DIRECTION('',(0.,-0.,1.));
#4184 = ADVANCED_FACE('',(#4185),#4195,.T.);
#4185 = FACE_BOUND('',#4186,.T.);
#4186 = EDGE_LOOP('',(#4187,#4188,#4189,#4190,#4191,#4192,#4193,#4194));
#4187 = ORIENTED_EDGE('',*,*,#3992,.F.);
#4188 = ORIENTED_EDGE('',*,*,#4032,.T.);
#4189 = ORIENTED_EDGE('',*,*,#4075,.T.);
#4190 = ORIENTED_EDGE('',*,*,#4129,.F.);
#4191 = ORIENTED_EDGE('',*,*,#4171,.T.);
#4192 = ORIENTED_EDGE('',*,*,#4148,.T.);
#4193 = ORIENTED_EDGE('',*,*,#4099,.F.);
#4194 = ORIENTED_EDGE('',*,*,#4049,.F.);
#4195 = PLANE('',#4196);
#4196 = AXIS2_PLACEMENT_3D('',#4197,#4198,#4199);
#4197 = CARTESIAN_POINT('',(1.,-0.625,0.));
#4198 = DIRECTION('',(1.,0.,0.));
#4199 = DIRECTION('',(0.,0.,1.));
#4200 = ( GEOMETRIC_REPRESENTATION_CONTEXT(3) 
GLOBAL_UNCERTAINTY_ASSIGNED_CONTEXT((#4204)) 
GLOBAL_UNIT_ASSIGNED_CONTEXT((#4201,#4202,#4203)) REPRESENTATION_CONTEXT
('Context #1','3D Context with UNIT and UNCERTAINTY') );
#4201 = ( LENGTH_UNIT() NAMED_UNIT(*) SI_UNIT(.MILLI.,.METRE.) );
#4202 = ( NAMED_UNIT(*) PLANE_ANGLE_UNIT() SI_UNIT($,.RADIAN.) );
#4203 = ( NAMED_UNIT(*) SI_UNIT($,.STERADIAN.) SOLID_ANGLE_UNIT() );
#4204 = UNCERTAINTY_MEASURE_WITH_UNIT(LENGTH_MEASURE(1.E-07),#4201,
  'distance_accuracy_value','confusion accuracy');
#4205 = CONTEXT_DEPENDENT_SHAPE_REPRESENTATION(#4206,#4208);
#4206 = ( REPRESENTATION_RELATIONSHIP('','',#3345,#10) 
REPRESENTATION_RELATIONSHIP_WITH_TRANSFORMATION(#4207) 
SHAPE_REPRESENTATION_RELATIONSHIP() );
#4207 = ITEM_DEFINED_TRANSFORMATION('','',#11,#47);
#4208 = PRODUCT_DEFINITION_SHAPE('Placement','Placement of an item',
  #4209);
#4209 = NEXT_ASSEMBLY_USAGE_OCCURRENCE('9','C1','',#5,#3340,$);
#4210 = PRODUCT_RELATED_PRODUCT_CATEGORY('part',$,(#3342));
#4211 = CONTEXT_DEPENDENT_SHAPE_REPRESENTATION(#4212,#4214);
#4212 = ( REPRESENTATION_RELATIONSHIP('','',#96,#10) 
REPRESENTATION_RELATIONSHIP_WITH_TRANSFORMATION(#4213) 
SHAPE_REPRESENTATION_RELATIONSHIP() );
#4213 = ITEM_DEFINED_TRANSFORMATION('','',#11,#51);
#4214 = PRODUCT_DEFINITION_SHAPE('Placement','Placement of an item',
  #4215);
#4215 = NEXT_ASSEMBLY_USAGE_OCCURRENCE('10','R1','',#5,#91,$);
#4216 = CONTEXT_DEPENDENT_SHAPE_REPRESENTATION(#4217,#4219);
#4217 = ( REPRESENTATION_RELATIONSHIP('','',#910,#10) 
REPRESENTATION_RELATIONSHIP_WITH_TRANSFORMATION(#4218) 
SHAPE_REPRESENTATION_RELATIONSHIP() );
#4218 = ITEM_DEFINED_TRANSFORMATION('','',#11,#55);
#4219 = PRODUCT_DEFINITION_SHAPE('Placement','Placement of an item',
  #4220);
#4220 = NEXT_ASSEMBLY_USAGE_OCCURRENCE('11','C6','',#5,#905,$);
#4221 = CONTEXT_DEPENDENT_SHAPE_REPRESENTATION(#4222,#4224);
#4222 = ( REPRESENTATION_RELATIONSHIP('','',#910,#10) 
REPRESENTATION_RELATIONSHIP_WITH_TRANSFORMATION(#4223) 
SHAPE_REPRESENTATION_RELATIONSHIP() );
#4223 = ITEM_DEFINED_TRANSFORMATION('','',#11,#59);
#4224 = PRODUCT_DEFINITION_SHAPE('Placement','Placement of an item',
  #4225);
#4225 = NEXT_ASSEMBLY_USAGE_OCCURRENCE('12','C8','',#5,#905,$);
#4226 = CONTEXT_DEPENDENT_SHAPE_REPRESENTATION(#4227,#4229);
#4227 = ( REPRESENTATION_RELATIONSHIP('','',#96,#10) 
REPRESENTATION_RELATIONSHIP_WITH_TRANSFORMATION(#4228) 
SHAPE_REPRESENTATION_RELATIONSHIP() );
#4228 = ITEM_DEFINED_TRANSFORMATION('','',#11,#63);
#4229 = PRODUCT_DEFINITION_SHAPE('Placement','Placement of an item',
  #4230);
#4230 = NEXT_ASSEMBLY_USAGE_OCCURRENCE('13','R4','',#5,#91,$);
#4231 = CONTEXT_DEPENDENT_SHAPE_REPRESENTATION(#4232,#4234);
#4232 = ( REPRESENTATION_RELATIONSHIP('','',#96,#10) 
REPRESENTATION_RELATIONSHIP_WITH_TRANSFORMATION(#4233) 
SHAPE_REPRESENTATION_RELATIONSHIP() );
#4233 = ITEM_DEFINED_TRANSFORMATION('','',#11,#67);
#4234 = PRODUCT_DEFINITION_SHAPE('Placement','Placement of an item',
  #4235);
#4235 = NEXT_ASSEMBLY_USAGE_OCCURRENCE('14','R14','',#5,#91,$);
#4236 = CONTEXT_DEPENDENT_SHAPE_REPRESENTATION(#4237,#4239);
#4237 = ( REPRESENTATION_RELATIONSHIP('','',#3345,#10) 
REPRESENTATION_RELATIONSHIP_WITH_TRANSFORMATION(#4238) 
SHAPE_REPRESENTATION_RELATIONSHIP() );
#4238 = ITEM_DEFINED_TRANSFORMATION('','',#11,#71);
#4239 = PRODUCT_DEFINITION_SHAPE('Placement','Placement of an item',
  #4240);
#4240 = NEXT_ASSEMBLY_USAGE_OCCURRENCE('15','C3','',#5,#3340,$);
#4241 = CONTEXT_DEPENDENT_SHAPE_REPRESENTATION(#4242,#4244);
#4242 = ( REPRESENTATION_RELATIONSHIP('','',#96,#10) 
REPRESENTATION_RELATIONSHIP_WITH_TRANSFORMATION(#4243) 
SHAPE_REPRESENTATION_RELATIONSHIP() );
#4243 = ITEM_DEFINED_TRANSFORMATION('','',#11,#75);
#4244 = PRODUCT_DEFINITION_SHAPE('Placement','Placement of an item',
  #4245);
#4245 = NEXT_ASSEMBLY_USAGE_OCCURRENCE('16','R11','',#5,#91,$);
#4246 = SHAPE_DEFINITION_REPRESENTATION(#4247,#4253);
#4247 = PRODUCT_DEFINITION_SHAPE('','',#4248);
#4248 = PRODUCT_DEFINITION('design','',#4249,#4252);
#4249 = PRODUCT_DEFINITION_FORMATION('','',#4250);
#4250 = PRODUCT('moTi_PCB','moTi_PCB','',(#4251));
#4251 = PRODUCT_CONTEXT('',#2,'mechanical');
#4252 = PRODUCT_DEFINITION_CONTEXT('part definition',#2,'design');
#4253 = ADVANCED_BREP_SHAPE_REPRESENTATION('',(#11,#4254),#4808);
#4254 = MANIFOLD_SOLID_BREP('',#4255);
#4255 = CLOSED_SHELL('',(#4256,#4298,#4329,#4360,#4391,#4424,#4455,#4486
    ,#4517,#4550,#4581,#4612,#4643,#4676,#4707,#4738,#4760,#4784));
#4256 = ADVANCED_FACE('',(#4257),#4293,.F.);
#4257 = FACE_BOUND('',#4258,.T.);
#4258 = EDGE_LOOP('',(#4259,#4269,#4278,#4286));
#4259 = ORIENTED_EDGE('',*,*,#4260,.T.);
#4260 = EDGE_CURVE('',#4261,#4263,#4265,.T.);
#4261 = VERTEX_POINT('',#4262);
#4262 = CARTESIAN_POINT('',(93.135,-100.034987,0.));
#4263 = VERTEX_POINT('',#4264);
#4264 = CARTESIAN_POINT('',(93.135,-100.034987,0.82));
#4265 = LINE('',#4266,#4267);
#4266 = CARTESIAN_POINT('',(93.135,-100.034987,0.));
#4267 = VECTOR('',#4268,1.);
#4268 = DIRECTION('',(0.,0.,1.));
#4269 = ORIENTED_EDGE('',*,*,#4270,.T.);
#4270 = EDGE_CURVE('',#4263,#4271,#4273,.T.);
#4271 = VERTEX_POINT('',#4272);
#4272 = CARTESIAN_POINT('',(96.63,-100.034987,0.82));
#4273 = CIRCLE('',#4274,1.747644219158);
#4274 = AXIS2_PLACEMENT_3D('',#4275,#4276,#4277);
#4275 = CARTESIAN_POINT('',(94.8825,-100.0125355689,0.82));
#4276 = DIRECTION('',(0.,0.,1.));
#4277 = DIRECTION('',(-0.999917477965,-1.28466828599E-02,0.));
#4278 = ORIENTED_EDGE('',*,*,#4279,.F.);
#4279 = EDGE_CURVE('',#4280,#4271,#4282,.T.);
#4280 = VERTEX_POINT('',#4281);
#4281 = CARTESIAN_POINT('',(96.63,-100.034987,0.));
#4282 = LINE('',#4283,#4284);
#4283 = CARTESIAN_POINT('',(96.63,-100.034987,0.));
#4284 = VECTOR('',#4285,1.);
#4285 = DIRECTION('',(0.,0.,1.));
#4286 = ORIENTED_EDGE('',*,*,#4287,.F.);
#4287 = EDGE_CURVE('',#4261,#4280,#4288,.T.);
#4288 = CIRCLE('',#4289,1.747644219158);
#4289 = AXIS2_PLACEMENT_3D('',#4290,#4291,#4292);
#4290 = CARTESIAN_POINT('',(94.8825,-100.0125355689,0.));
#4291 = DIRECTION('',(0.,0.,1.));
#4292 = DIRECTION('',(-0.999917477965,-1.28466828599E-02,0.));
#4293 = CYLINDRICAL_SURFACE('',#4294,1.747644219158);
#4294 = AXIS2_PLACEMENT_3D('',#4295,#4296,#4297);
#4295 = CARTESIAN_POINT('',(94.8825,-100.0125355689,0.));
#4296 = DIRECTION('',(-0.,-0.,-1.));
#4297 = DIRECTION('',(-0.999917477965,-1.28466828599E-02,0.));
#4298 = ADVANCED_FACE('',(#4299),#4324,.T.);
#4299 = FACE_BOUND('',#4300,.T.);
#4300 = EDGE_LOOP('',(#4301,#4302,#4310,#4318));
#4301 = ORIENTED_EDGE('',*,*,#4279,.T.);
#4302 = ORIENTED_EDGE('',*,*,#4303,.T.);
#4303 = EDGE_CURVE('',#4271,#4304,#4306,.T.);
#4304 = VERTEX_POINT('',#4305);
#4305 = CARTESIAN_POINT('',(105.885,-100.034987,0.82));
#4306 = LINE('',#4307,#4308);
#4307 = CARTESIAN_POINT('',(96.63,-100.034987,0.82));
#4308 = VECTOR('',#4309,1.);
#4309 = DIRECTION('',(1.,0.,0.));
#4310 = ORIENTED_EDGE('',*,*,#4311,.F.);
#4311 = EDGE_CURVE('',#4312,#4304,#4314,.T.);
#4312 = VERTEX_POINT('',#4313);
#4313 = CARTESIAN_POINT('',(105.885,-100.034987,0.));
#4314 = LINE('',#4315,#4316);
#4315 = CARTESIAN_POINT('',(105.885,-100.034987,0.));
#4316 = VECTOR('',#4317,1.);
#4317 = DIRECTION('',(0.,0.,1.));
#4318 = ORIENTED_EDGE('',*,*,#4319,.F.);
#4319 = EDGE_CURVE('',#4280,#4312,#4320,.T.);
#4320 = LINE('',#4321,#4322);
#4321 = CARTESIAN_POINT('',(96.63,-100.034987,0.));
#4322 = VECTOR('',#4323,1.);
#4323 = DIRECTION('',(1.,0.,0.));
#4324 = PLANE('',#4325);
#4325 = AXIS2_PLACEMENT_3D('',#4326,#4327,#4328);
#4326 = CARTESIAN_POINT('',(96.63,-100.034987,0.));
#4327 = DIRECTION('',(0.,1.,0.));
#4328 = DIRECTION('',(1.,0.,0.));
#4329 = ADVANCED_FACE('',(#4330),#4355,.T.);
#4330 = FACE_BOUND('',#4331,.T.);
#4331 = EDGE_LOOP('',(#4332,#4333,#4341,#4349));
#4332 = ORIENTED_EDGE('',*,*,#4311,.T.);
#4333 = ORIENTED_EDGE('',*,*,#4334,.T.);
#4334 = EDGE_CURVE('',#4304,#4335,#4337,.T.);
#4335 = VERTEX_POINT('',#4336);
#4336 = CARTESIAN_POINT('',(105.885,-138.034987,0.82));
#4337 = LINE('',#4338,#4339);
#4338 = CARTESIAN_POINT('',(105.885,-100.034987,0.82));
#4339 = VECTOR('',#4340,1.);
#4340 = DIRECTION('',(0.,-1.,0.));
#4341 = ORIENTED_EDGE('',*,*,#4342,.F.);
#4342 = EDGE_CURVE('',#4343,#4335,#4345,.T.);
#4343 = VERTEX_POINT('',#4344);
#4344 = CARTESIAN_POINT('',(105.885,-138.034987,0.));
#4345 = LINE('',#4346,#4347);
#4346 = CARTESIAN_POINT('',(105.885,-138.034987,0.));
#4347 = VECTOR('',#4348,1.);
#4348 = DIRECTION('',(0.,0.,1.));
#4349 = ORIENTED_EDGE('',*,*,#4350,.F.);
#4350 = EDGE_CURVE('',#4312,#4343,#4351,.T.);
#4351 = LINE('',#4352,#4353);
#4352 = CARTESIAN_POINT('',(105.885,-100.034987,0.));
#4353 = VECTOR('',#4354,1.);
#4354 = DIRECTION('',(0.,-1.,0.));
#4355 = PLANE('',#4356);
#4356 = AXIS2_PLACEMENT_3D('',#4357,#4358,#4359);
#4357 = CARTESIAN_POINT('',(105.885,-100.034987,0.));
#4358 = DIRECTION('',(1.,0.,-0.));
#4359 = DIRECTION('',(0.,-1.,0.));
#4360 = ADVANCED_FACE('',(#4361),#4386,.T.);
#4361 = FACE_BOUND('',#4362,.T.);
#4362 = EDGE_LOOP('',(#4363,#4364,#4372,#4380));
#4363 = ORIENTED_EDGE('',*,*,#4342,.T.);
#4364 = ORIENTED_EDGE('',*,*,#4365,.T.);
#4365 = EDGE_CURVE('',#4335,#4366,#4368,.T.);
#4366 = VERTEX_POINT('',#4367);
#4367 = CARTESIAN_POINT('',(105.31,-138.034987,0.82));
#4368 = LINE('',#4369,#4370);
#4369 = CARTESIAN_POINT('',(105.885,-138.034987,0.82));
#4370 = VECTOR('',#4371,1.);
#4371 = DIRECTION('',(-1.,0.,0.));
#4372 = ORIENTED_EDGE('',*,*,#4373,.F.);
#4373 = EDGE_CURVE('',#4374,#4366,#4376,.T.);
#4374 = VERTEX_POINT('',#4375);
#4375 = CARTESIAN_POINT('',(105.31,-138.034987,0.));
#4376 = LINE('',#4377,#4378);
#4377 = CARTESIAN_POINT('',(105.31,-138.034987,0.));
#4378 = VECTOR('',#4379,1.);
#4379 = DIRECTION('',(0.,0.,1.));
#4380 = ORIENTED_EDGE('',*,*,#4381,.F.);
#4381 = EDGE_CURVE('',#4343,#4374,#4382,.T.);
#4382 = LINE('',#4383,#4384);
#4383 = CARTESIAN_POINT('',(105.885,-138.034987,0.));
#4384 = VECTOR('',#4385,1.);
#4385 = DIRECTION('',(-1.,0.,0.));
#4386 = PLANE('',#4387);
#4387 = AXIS2_PLACEMENT_3D('',#4388,#4389,#4390);
#4388 = CARTESIAN_POINT('',(105.885,-138.034987,0.));
#4389 = DIRECTION('',(0.,-1.,0.));
#4390 = DIRECTION('',(-1.,0.,0.));
#4391 = ADVANCED_FACE('',(#4392),#4419,.F.);
#4392 = FACE_BOUND('',#4393,.T.);
#4393 = EDGE_LOOP('',(#4394,#4395,#4404,#4412));
#4394 = ORIENTED_EDGE('',*,*,#4373,.T.);
#4395 = ORIENTED_EDGE('',*,*,#4396,.T.);
#4396 = EDGE_CURVE('',#4366,#4397,#4399,.T.);
#4397 = VERTEX_POINT('',#4398);
#4398 = CARTESIAN_POINT('',(104.81,-138.534987,0.82));
#4399 = CIRCLE('',#4400,0.500001333575);
#4400 = AXIS2_PLACEMENT_3D('',#4401,#4402,#4403);
#4401 = CARTESIAN_POINT('',(105.31000133357,-138.5349883335,0.82));
#4402 = DIRECTION('',(0.,0.,1.));
#4403 = DIRECTION('',(-2.667139134199E-06,0.999999999996,0.));
#4404 = ORIENTED_EDGE('',*,*,#4405,.F.);
#4405 = EDGE_CURVE('',#4406,#4397,#4408,.T.);
#4406 = VERTEX_POINT('',#4407);
#4407 = CARTESIAN_POINT('',(104.81,-138.534987,0.));
#4408 = LINE('',#4409,#4410);
#4409 = CARTESIAN_POINT('',(104.81,-138.534987,0.));
#4410 = VECTOR('',#4411,1.);
#4411 = DIRECTION('',(0.,0.,1.));
#4412 = ORIENTED_EDGE('',*,*,#4413,.F.);
#4413 = EDGE_CURVE('',#4374,#4406,#4414,.T.);
#4414 = CIRCLE('',#4415,0.500001333575);
#4415 = AXIS2_PLACEMENT_3D('',#4416,#4417,#4418);
#4416 = CARTESIAN_POINT('',(105.31000133357,-138.5349883335,0.));
#4417 = DIRECTION('',(0.,0.,1.));
#4418 = DIRECTION('',(-2.667139134199E-06,0.999999999996,0.));
#4419 = CYLINDRICAL_SURFACE('',#4420,0.500001333575);
#4420 = AXIS2_PLACEMENT_3D('',#4421,#4422,#4423);
#4421 = CARTESIAN_POINT('',(105.31000133357,-138.5349883335,0.));
#4422 = DIRECTION('',(-0.,-0.,-1.));
#4423 = DIRECTION('',(-2.667139134199E-06,0.999999999996,0.));
#4424 = ADVANCED_FACE('',(#4425),#4450,.T.);
#4425 = FACE_BOUND('',#4426,.T.);
#4426 = EDGE_LOOP('',(#4427,#4428,#4436,#4444));
#4427 = ORIENTED_EDGE('',*,*,#4405,.T.);
#4428 = ORIENTED_EDGE('',*,*,#4429,.T.);
#4429 = EDGE_CURVE('',#4397,#4430,#4432,.T.);
#4430 = VERTEX_POINT('',#4431);
#4431 = CARTESIAN_POINT('',(104.81,-142.034987,0.82));
#4432 = LINE('',#4433,#4434);
#4433 = CARTESIAN_POINT('',(104.81,-138.534987,0.82));
#4434 = VECTOR('',#4435,1.);
#4435 = DIRECTION('',(0.,-1.,0.));
#4436 = ORIENTED_EDGE('',*,*,#4437,.F.);
#4437 = EDGE_CURVE('',#4438,#4430,#4440,.T.);
#4438 = VERTEX_POINT('',#4439);
#4439 = CARTESIAN_POINT('',(104.81,-142.034987,0.));
#4440 = LINE('',#4441,#4442);
#4441 = CARTESIAN_POINT('',(104.81,-142.034987,0.));
#4442 = VECTOR('',#4443,1.);
#4443 = DIRECTION('',(0.,0.,1.));
#4444 = ORIENTED_EDGE('',*,*,#4445,.F.);
#4445 = EDGE_CURVE('',#4406,#4438,#4446,.T.);
#4446 = LINE('',#4447,#4448);
#4447 = CARTESIAN_POINT('',(104.81,-138.534987,0.));
#4448 = VECTOR('',#4449,1.);
#4449 = DIRECTION('',(0.,-1.,0.));
#4450 = PLANE('',#4451);
#4451 = AXIS2_PLACEMENT_3D('',#4452,#4453,#4454);
#4452 = CARTESIAN_POINT('',(104.81,-138.534987,0.));
#4453 = DIRECTION('',(1.,0.,-0.));
#4454 = DIRECTION('',(0.,-1.,0.));
#4455 = ADVANCED_FACE('',(#4456),#4481,.T.);
#4456 = FACE_BOUND('',#4457,.T.);
#4457 = EDGE_LOOP('',(#4458,#4459,#4467,#4475));
#4458 = ORIENTED_EDGE('',*,*,#4437,.T.);
#4459 = ORIENTED_EDGE('',*,*,#4460,.T.);
#4460 = EDGE_CURVE('',#4430,#4461,#4463,.T.);
#4461 = VERTEX_POINT('',#4462);
#4462 = CARTESIAN_POINT('',(101.11,-142.034987,0.82));
#4463 = LINE('',#4464,#4465);
#4464 = CARTESIAN_POINT('',(104.81,-142.034987,0.82));
#4465 = VECTOR('',#4466,1.);
#4466 = DIRECTION('',(-1.,0.,0.));
#4467 = ORIENTED_EDGE('',*,*,#4468,.F.);
#4468 = EDGE_CURVE('',#4469,#4461,#4471,.T.);
#4469 = VERTEX_POINT('',#4470);
#4470 = CARTESIAN_POINT('',(101.11,-142.034987,0.));
#4471 = LINE('',#4472,#4473);
#4472 = CARTESIAN_POINT('',(101.11,-142.034987,0.));
#4473 = VECTOR('',#4474,1.);
#4474 = DIRECTION('',(0.,0.,1.));
#4475 = ORIENTED_EDGE('',*,*,#4476,.F.);
#4476 = EDGE_CURVE('',#4438,#4469,#4477,.T.);
#4477 = LINE('',#4478,#4479);
#4478 = CARTESIAN_POINT('',(104.81,-142.034987,0.));
#4479 = VECTOR('',#4480,1.);
#4480 = DIRECTION('',(-1.,0.,0.));
#4481 = PLANE('',#4482);
#4482 = AXIS2_PLACEMENT_3D('',#4483,#4484,#4485);
#4483 = CARTESIAN_POINT('',(104.81,-142.034987,0.));
#4484 = DIRECTION('',(0.,-1.,0.));
#4485 = DIRECTION('',(-1.,0.,0.));
#4486 = ADVANCED_FACE('',(#4487),#4512,.T.);
#4487 = FACE_BOUND('',#4488,.T.);
#4488 = EDGE_LOOP('',(#4489,#4490,#4498,#4506));
#4489 = ORIENTED_EDGE('',*,*,#4468,.T.);
#4490 = ORIENTED_EDGE('',*,*,#4491,.T.);
#4491 = EDGE_CURVE('',#4461,#4492,#4494,.T.);
#4492 = VERTEX_POINT('',#4493);
#4493 = CARTESIAN_POINT('',(101.11,-139.134979,0.82));
#4494 = LINE('',#4495,#4496);
#4495 = CARTESIAN_POINT('',(101.11,-142.034987,0.82));
#4496 = VECTOR('',#4497,1.);
#4497 = DIRECTION('',(0.,1.,0.));
#4498 = ORIENTED_EDGE('',*,*,#4499,.F.);
#4499 = EDGE_CURVE('',#4500,#4492,#4502,.T.);
#4500 = VERTEX_POINT('',#4501);
#4501 = CARTESIAN_POINT('',(101.11,-139.134979,0.));
#4502 = LINE('',#4503,#4504);
#4503 = CARTESIAN_POINT('',(101.11,-139.134979,0.));
#4504 = VECTOR('',#4505,1.);
#4505 = DIRECTION('',(0.,0.,1.));
#4506 = ORIENTED_EDGE('',*,*,#4507,.F.);
#4507 = EDGE_CURVE('',#4469,#4500,#4508,.T.);
#4508 = LINE('',#4509,#4510);
#4509 = CARTESIAN_POINT('',(101.11,-142.034987,0.));
#4510 = VECTOR('',#4511,1.);
#4511 = DIRECTION('',(0.,1.,0.));
#4512 = PLANE('',#4513);
#4513 = AXIS2_PLACEMENT_3D('',#4514,#4515,#4516);
#4514 = CARTESIAN_POINT('',(101.11,-142.034987,0.));
#4515 = DIRECTION('',(-1.,0.,0.));
#4516 = DIRECTION('',(0.,1.,0.));
#4517 = ADVANCED_FACE('',(#4518),#4545,.F.);
#4518 = FACE_BOUND('',#4519,.T.);
#4519 = EDGE_LOOP('',(#4520,#4521,#4530,#4538));
#4520 = ORIENTED_EDGE('',*,*,#4499,.T.);
#4521 = ORIENTED_EDGE('',*,*,#4522,.T.);
#4522 = EDGE_CURVE('',#4492,#4523,#4525,.T.);
#4523 = VERTEX_POINT('',#4524);
#4524 = CARTESIAN_POINT('',(99.91,-139.165021,0.82));
#4525 = CIRCLE('',#4526,0.600187995915);
#4526 = AXIS2_PLACEMENT_3D('',#4527,#4528,#4529);
#4527 = CARTESIAN_POINT('',(100.50999999989,-139.1499999959,0.82));
#4528 = DIRECTION('',(0.,0.,1.));
#4529 = DIRECTION('',(0.999686771788,2.502715149982E-02,-0.));
#4530 = ORIENTED_EDGE('',*,*,#4531,.F.);
#4531 = EDGE_CURVE('',#4532,#4523,#4534,.T.);
#4532 = VERTEX_POINT('',#4533);
#4533 = CARTESIAN_POINT('',(99.91,-139.165021,0.));
#4534 = LINE('',#4535,#4536);
#4535 = CARTESIAN_POINT('',(99.91,-139.165021,0.));
#4536 = VECTOR('',#4537,1.);
#4537 = DIRECTION('',(0.,0.,1.));
#4538 = ORIENTED_EDGE('',*,*,#4539,.F.);
#4539 = EDGE_CURVE('',#4500,#4532,#4540,.T.);
#4540 = CIRCLE('',#4541,0.600187995915);
#4541 = AXIS2_PLACEMENT_3D('',#4542,#4543,#4544);
#4542 = CARTESIAN_POINT('',(100.50999999989,-139.1499999959,0.));
#4543 = DIRECTION('',(0.,0.,1.));
#4544 = DIRECTION('',(0.999686771788,2.502715149982E-02,-0.));
#4545 = CYLINDRICAL_SURFACE('',#4546,0.600187995915);
#4546 = AXIS2_PLACEMENT_3D('',#4547,#4548,#4549);
#4547 = CARTESIAN_POINT('',(100.50999999989,-139.1499999959,0.));
#4548 = DIRECTION('',(-0.,-0.,-1.));
#4549 = DIRECTION('',(0.999686771788,2.502715149982E-02,-0.));
#4550 = ADVANCED_FACE('',(#4551),#4576,.T.);
#4551 = FACE_BOUND('',#4552,.T.);
#4552 = EDGE_LOOP('',(#4553,#4554,#4562,#4570));
#4553 = ORIENTED_EDGE('',*,*,#4531,.T.);
#4554 = ORIENTED_EDGE('',*,*,#4555,.T.);
#4555 = EDGE_CURVE('',#4523,#4556,#4558,.T.);
#4556 = VERTEX_POINT('',#4557);
#4557 = CARTESIAN_POINT('',(99.91,-142.034987,0.82));
#4558 = LINE('',#4559,#4560);
#4559 = CARTESIAN_POINT('',(99.91,-139.165021,0.82));
#4560 = VECTOR('',#4561,1.);
#4561 = DIRECTION('',(0.,-1.,0.));
#4562 = ORIENTED_EDGE('',*,*,#4563,.F.);
#4563 = EDGE_CURVE('',#4564,#4556,#4566,.T.);
#4564 = VERTEX_POINT('',#4565);
#4565 = CARTESIAN_POINT('',(99.91,-142.034987,0.));
#4566 = LINE('',#4567,#4568);
#4567 = CARTESIAN_POINT('',(99.91,-142.034987,0.));
#4568 = VECTOR('',#4569,1.);
#4569 = DIRECTION('',(0.,0.,1.));
#4570 = ORIENTED_EDGE('',*,*,#4571,.F.);
#4571 = EDGE_CURVE('',#4532,#4564,#4572,.T.);
#4572 = LINE('',#4573,#4574);
#4573 = CARTESIAN_POINT('',(99.91,-139.165021,0.));
#4574 = VECTOR('',#4575,1.);
#4575 = DIRECTION('',(0.,-1.,0.));
#4576 = PLANE('',#4577);
#4577 = AXIS2_PLACEMENT_3D('',#4578,#4579,#4580);
#4578 = CARTESIAN_POINT('',(99.91,-139.165021,0.));
#4579 = DIRECTION('',(1.,0.,-0.));
#4580 = DIRECTION('',(0.,-1.,0.));
#4581 = ADVANCED_FACE('',(#4582),#4607,.T.);
#4582 = FACE_BOUND('',#4583,.T.);
#4583 = EDGE_LOOP('',(#4584,#4585,#4593,#4601));
#4584 = ORIENTED_EDGE('',*,*,#4563,.T.);
#4585 = ORIENTED_EDGE('',*,*,#4586,.T.);
#4586 = EDGE_CURVE('',#4556,#4587,#4589,.T.);
#4587 = VERTEX_POINT('',#4588);
#4588 = CARTESIAN_POINT('',(84.96,-142.034987,0.82));
#4589 = LINE('',#4590,#4591);
#4590 = CARTESIAN_POINT('',(99.91,-142.034987,0.82));
#4591 = VECTOR('',#4592,1.);
#4592 = DIRECTION('',(-1.,0.,0.));
#4593 = ORIENTED_EDGE('',*,*,#4594,.F.);
#4594 = EDGE_CURVE('',#4595,#4587,#4597,.T.);
#4595 = VERTEX_POINT('',#4596);
#4596 = CARTESIAN_POINT('',(84.96,-142.034987,0.));
#4597 = LINE('',#4598,#4599);
#4598 = CARTESIAN_POINT('',(84.96,-142.034987,0.));
#4599 = VECTOR('',#4600,1.);
#4600 = DIRECTION('',(0.,0.,1.));
#4601 = ORIENTED_EDGE('',*,*,#4602,.F.);
#4602 = EDGE_CURVE('',#4564,#4595,#4603,.T.);
#4603 = LINE('',#4604,#4605);
#4604 = CARTESIAN_POINT('',(99.91,-142.034987,0.));
#4605 = VECTOR('',#4606,1.);
#4606 = DIRECTION('',(-1.,0.,0.));
#4607 = PLANE('',#4608);
#4608 = AXIS2_PLACEMENT_3D('',#4609,#4610,#4611);
#4609 = CARTESIAN_POINT('',(99.91,-142.034987,0.));
#4610 = DIRECTION('',(0.,-1.,0.));
#4611 = DIRECTION('',(-1.,0.,0.));
#4612 = ADVANCED_FACE('',(#4613),#4638,.T.);
#4613 = FACE_BOUND('',#4614,.T.);
#4614 = EDGE_LOOP('',(#4615,#4616,#4624,#4632));
#4615 = ORIENTED_EDGE('',*,*,#4594,.T.);
#4616 = ORIENTED_EDGE('',*,*,#4617,.T.);
#4617 = EDGE_CURVE('',#4587,#4618,#4620,.T.);
#4618 = VERTEX_POINT('',#4619);
#4619 = CARTESIAN_POINT('',(84.96,-138.534987,0.82));
#4620 = LINE('',#4621,#4622);
#4621 = CARTESIAN_POINT('',(84.96,-142.034987,0.82));
#4622 = VECTOR('',#4623,1.);
#4623 = DIRECTION('',(0.,1.,0.));
#4624 = ORIENTED_EDGE('',*,*,#4625,.F.);
#4625 = EDGE_CURVE('',#4626,#4618,#4628,.T.);
#4626 = VERTEX_POINT('',#4627);
#4627 = CARTESIAN_POINT('',(84.96,-138.534987,0.));
#4628 = LINE('',#4629,#4630);
#4629 = CARTESIAN_POINT('',(84.96,-138.534987,0.));
#4630 = VECTOR('',#4631,1.);
#4631 = DIRECTION('',(0.,0.,1.));
#4632 = ORIENTED_EDGE('',*,*,#4633,.F.);
#4633 = EDGE_CURVE('',#4595,#4626,#4634,.T.);
#4634 = LINE('',#4635,#4636);
#4635 = CARTESIAN_POINT('',(84.96,-142.034987,0.));
#4636 = VECTOR('',#4637,1.);
#4637 = DIRECTION('',(0.,1.,0.));
#4638 = PLANE('',#4639);
#4639 = AXIS2_PLACEMENT_3D('',#4640,#4641,#4642);
#4640 = CARTESIAN_POINT('',(84.96,-142.034987,0.));
#4641 = DIRECTION('',(-1.,0.,0.));
#4642 = DIRECTION('',(0.,1.,0.));
#4643 = ADVANCED_FACE('',(#4644),#4671,.F.);
#4644 = FACE_BOUND('',#4645,.T.);
#4645 = EDGE_LOOP('',(#4646,#4647,#4656,#4664));
#4646 = ORIENTED_EDGE('',*,*,#4625,.T.);
#4647 = ORIENTED_EDGE('',*,*,#4648,.T.);
#4648 = EDGE_CURVE('',#4618,#4649,#4651,.T.);
#4649 = VERTEX_POINT('',#4650);
#4650 = CARTESIAN_POINT('',(84.46,-138.034987,0.82));
#4651 = CIRCLE('',#4652,0.500001333575);
#4652 = AXIS2_PLACEMENT_3D('',#4653,#4654,#4655);
#4653 = CARTESIAN_POINT('',(84.459998666427,-138.5349883335,0.82));
#4654 = DIRECTION('',(0.,0.,1.));
#4655 = DIRECTION('',(0.999999999996,2.667139134199E-06,-0.));
#4656 = ORIENTED_EDGE('',*,*,#4657,.F.);
#4657 = EDGE_CURVE('',#4658,#4649,#4660,.T.);
#4658 = VERTEX_POINT('',#4659);
#4659 = CARTESIAN_POINT('',(84.46,-138.034987,0.));
#4660 = LINE('',#4661,#4662);
#4661 = CARTESIAN_POINT('',(84.46,-138.034987,0.));
#4662 = VECTOR('',#4663,1.);
#4663 = DIRECTION('',(0.,0.,1.));
#4664 = ORIENTED_EDGE('',*,*,#4665,.F.);
#4665 = EDGE_CURVE('',#4626,#4658,#4666,.T.);
#4666 = CIRCLE('',#4667,0.500001333575);
#4667 = AXIS2_PLACEMENT_3D('',#4668,#4669,#4670);
#4668 = CARTESIAN_POINT('',(84.459998666427,-138.5349883335,0.));
#4669 = DIRECTION('',(0.,0.,1.));
#4670 = DIRECTION('',(0.999999999996,2.667139134199E-06,-0.));
#4671 = CYLINDRICAL_SURFACE('',#4672,0.500001333575);
#4672 = AXIS2_PLACEMENT_3D('',#4673,#4674,#4675);
#4673 = CARTESIAN_POINT('',(84.459998666427,-138.5349883335,0.));
#4674 = DIRECTION('',(-0.,-0.,-1.));
#4675 = DIRECTION('',(0.999999999996,2.667139134199E-06,-0.));
#4676 = ADVANCED_FACE('',(#4677),#4702,.T.);
#4677 = FACE_BOUND('',#4678,.T.);
#4678 = EDGE_LOOP('',(#4679,#4680,#4688,#4696));
#4679 = ORIENTED_EDGE('',*,*,#4657,.T.);
#4680 = ORIENTED_EDGE('',*,*,#4681,.T.);
#4681 = EDGE_CURVE('',#4649,#4682,#4684,.T.);
#4682 = VERTEX_POINT('',#4683);
#4683 = CARTESIAN_POINT('',(83.885,-138.034987,0.82));
#4684 = LINE('',#4685,#4686);
#4685 = CARTESIAN_POINT('',(84.46,-138.034987,0.82));
#4686 = VECTOR('',#4687,1.);
#4687 = DIRECTION('',(-1.,0.,0.));
#4688 = ORIENTED_EDGE('',*,*,#4689,.F.);
#4689 = EDGE_CURVE('',#4690,#4682,#4692,.T.);
#4690 = VERTEX_POINT('',#4691);
#4691 = CARTESIAN_POINT('',(83.885,-138.034987,0.));
#4692 = LINE('',#4693,#4694);
#4693 = CARTESIAN_POINT('',(83.885,-138.034987,0.));
#4694 = VECTOR('',#4695,1.);
#4695 = DIRECTION('',(0.,0.,1.));
#4696 = ORIENTED_EDGE('',*,*,#4697,.F.);
#4697 = EDGE_CURVE('',#4658,#4690,#4698,.T.);
#4698 = LINE('',#4699,#4700);
#4699 = CARTESIAN_POINT('',(84.46,-138.034987,0.));
#4700 = VECTOR('',#4701,1.);
#4701 = DIRECTION('',(-1.,0.,0.));
#4702 = PLANE('',#4703);
#4703 = AXIS2_PLACEMENT_3D('',#4704,#4705,#4706);
#4704 = CARTESIAN_POINT('',(84.46,-138.034987,0.));
#4705 = DIRECTION('',(0.,-1.,0.));
#4706 = DIRECTION('',(-1.,0.,0.));
#4707 = ADVANCED_FACE('',(#4708),#4733,.T.);
#4708 = FACE_BOUND('',#4709,.T.);
#4709 = EDGE_LOOP('',(#4710,#4711,#4719,#4727));
#4710 = ORIENTED_EDGE('',*,*,#4689,.T.);
#4711 = ORIENTED_EDGE('',*,*,#4712,.T.);
#4712 = EDGE_CURVE('',#4682,#4713,#4715,.T.);
#4713 = VERTEX_POINT('',#4714);
#4714 = CARTESIAN_POINT('',(83.885,-100.034987,0.82));
#4715 = LINE('',#4716,#4717);
#4716 = CARTESIAN_POINT('',(83.885,-138.034987,0.82));
#4717 = VECTOR('',#4718,1.);
#4718 = DIRECTION('',(0.,1.,0.));
#4719 = ORIENTED_EDGE('',*,*,#4720,.F.);
#4720 = EDGE_CURVE('',#4721,#4713,#4723,.T.);
#4721 = VERTEX_POINT('',#4722);
#4722 = CARTESIAN_POINT('',(83.885,-100.034987,0.));
#4723 = LINE('',#4724,#4725);
#4724 = CARTESIAN_POINT('',(83.885,-100.034987,0.));
#4725 = VECTOR('',#4726,1.);
#4726 = DIRECTION('',(0.,0.,1.));
#4727 = ORIENTED_EDGE('',*,*,#4728,.F.);
#4728 = EDGE_CURVE('',#4690,#4721,#4729,.T.);
#4729 = LINE('',#4730,#4731);
#4730 = CARTESIAN_POINT('',(83.885,-138.034987,0.));
#4731 = VECTOR('',#4732,1.);
#4732 = DIRECTION('',(0.,1.,0.));
#4733 = PLANE('',#4734);
#4734 = AXIS2_PLACEMENT_3D('',#4735,#4736,#4737);
#4735 = CARTESIAN_POINT('',(83.885,-138.034987,0.));
#4736 = DIRECTION('',(-1.,0.,0.));
#4737 = DIRECTION('',(0.,1.,0.));
#4738 = ADVANCED_FACE('',(#4739),#4755,.T.);
#4739 = FACE_BOUND('',#4740,.T.);
#4740 = EDGE_LOOP('',(#4741,#4742,#4748,#4749));
#4741 = ORIENTED_EDGE('',*,*,#4720,.T.);
#4742 = ORIENTED_EDGE('',*,*,#4743,.T.);
#4743 = EDGE_CURVE('',#4713,#4263,#4744,.T.);
#4744 = LINE('',#4745,#4746);
#4745 = CARTESIAN_POINT('',(83.885,-100.034987,0.82));
#4746 = VECTOR('',#4747,1.);
#4747 = DIRECTION('',(1.,0.,0.));
#4748 = ORIENTED_EDGE('',*,*,#4260,.F.);
#4749 = ORIENTED_EDGE('',*,*,#4750,.F.);
#4750 = EDGE_CURVE('',#4721,#4261,#4751,.T.);
#4751 = LINE('',#4752,#4753);
#4752 = CARTESIAN_POINT('',(83.885,-100.034987,0.));
#4753 = VECTOR('',#4754,1.);
#4754 = DIRECTION('',(1.,0.,0.));
#4755 = PLANE('',#4756);
#4756 = AXIS2_PLACEMENT_3D('',#4757,#4758,#4759);
#4757 = CARTESIAN_POINT('',(83.885,-100.034987,0.));
#4758 = DIRECTION('',(0.,1.,0.));
#4759 = DIRECTION('',(1.,0.,0.));
#4760 = ADVANCED_FACE('',(#4761),#4779,.F.);
#4761 = FACE_BOUND('',#4762,.T.);
#4762 = EDGE_LOOP('',(#4763,#4764,#4765,#4766,#4767,#4768,#4769,#4770,
    #4771,#4772,#4773,#4774,#4775,#4776,#4777,#4778));
#4763 = ORIENTED_EDGE('',*,*,#4287,.T.);
#4764 = ORIENTED_EDGE('',*,*,#4319,.T.);
#4765 = ORIENTED_EDGE('',*,*,#4350,.T.);
#4766 = ORIENTED_EDGE('',*,*,#4381,.T.);
#4767 = ORIENTED_EDGE('',*,*,#4413,.T.);
#4768 = ORIENTED_EDGE('',*,*,#4445,.T.);
#4769 = ORIENTED_EDGE('',*,*,#4476,.T.);
#4770 = ORIENTED_EDGE('',*,*,#4507,.T.);
#4771 = ORIENTED_EDGE('',*,*,#4539,.T.);
#4772 = ORIENTED_EDGE('',*,*,#4571,.T.);
#4773 = ORIENTED_EDGE('',*,*,#4602,.T.);
#4774 = ORIENTED_EDGE('',*,*,#4633,.T.);
#4775 = ORIENTED_EDGE('',*,*,#4665,.T.);
#4776 = ORIENTED_EDGE('',*,*,#4697,.T.);
#4777 = ORIENTED_EDGE('',*,*,#4728,.T.);
#4778 = ORIENTED_EDGE('',*,*,#4750,.T.);
#4779 = PLANE('',#4780);
#4780 = AXIS2_PLACEMENT_3D('',#4781,#4782,#4783);
#4781 = CARTESIAN_POINT('',(0.,0.,0.));
#4782 = DIRECTION('',(0.,0.,1.));
#4783 = DIRECTION('',(1.,0.,-0.));
#4784 = ADVANCED_FACE('',(#4785),#4803,.T.);
#4785 = FACE_BOUND('',#4786,.F.);
#4786 = EDGE_LOOP('',(#4787,#4788,#4789,#4790,#4791,#4792,#4793,#4794,
    #4795,#4796,#4797,#4798,#4799,#4800,#4801,#4802));
#4787 = ORIENTED_EDGE('',*,*,#4270,.T.);
#4788 = ORIENTED_EDGE('',*,*,#4303,.T.);
#4789 = ORIENTED_EDGE('',*,*,#4334,.T.);
#4790 = ORIENTED_EDGE('',*,*,#4365,.T.);
#4791 = ORIENTED_EDGE('',*,*,#4396,.T.);
#4792 = ORIENTED_EDGE('',*,*,#4429,.T.);
#4793 = ORIENTED_EDGE('',*,*,#4460,.T.);
#4794 = ORIENTED_EDGE('',*,*,#4491,.T.);
#4795 = ORIENTED_EDGE('',*,*,#4522,.T.);
#4796 = ORIENTED_EDGE('',*,*,#4555,.T.);
#4797 = ORIENTED_EDGE('',*,*,#4586,.T.);
#4798 = ORIENTED_EDGE('',*,*,#4617,.T.);
#4799 = ORIENTED_EDGE('',*,*,#4648,.T.);
#4800 = ORIENTED_EDGE('',*,*,#4681,.T.);
#4801 = ORIENTED_EDGE('',*,*,#4712,.T.);
#4802 = ORIENTED_EDGE('',*,*,#4743,.T.);
#4803 = PLANE('',#4804);
#4804 = AXIS2_PLACEMENT_3D('',#4805,#4806,#4807);
#4805 = CARTESIAN_POINT('',(0.,0.,0.82));
#4806 = DIRECTION('',(0.,0.,1.));
#4807 = DIRECTION('',(1.,0.,-0.));
#4808 = ( GEOMETRIC_REPRESENTATION_CONTEXT(3) 
GLOBAL_UNCERTAINTY_ASSIGNED_CONTEXT((#4812)) 
GLOBAL_UNIT_ASSIGNED_CONTEXT((#4809,#4810,#4811)) REPRESENTATION_CONTEXT
('Context #1','3D Context with UNIT and UNCERTAINTY') );
#4809 = ( LENGTH_UNIT() NAMED_UNIT(*) SI_UNIT(.MILLI.,.METRE.) );
#4810 = ( NAMED_UNIT(*) PLANE_ANGLE_UNIT() SI_UNIT($,.RADIAN.) );
#4811 = ( NAMED_UNIT(*) SI_UNIT($,.STERADIAN.) SOLID_ANGLE_UNIT() );
#4812 = UNCERTAINTY_MEASURE_WITH_UNIT(LENGTH_MEASURE(1.E-07),#4809,
  'distance_accuracy_value','confusion accuracy');
#4813 = CONTEXT_DEPENDENT_SHAPE_REPRESENTATION(#4814,#4816);
#4814 = ( REPRESENTATION_RELATIONSHIP('','',#4253,#10) 
REPRESENTATION_RELATIONSHIP_WITH_TRANSFORMATION(#4815) 
SHAPE_REPRESENTATION_RELATIONSHIP() );
#4815 = ITEM_DEFINED_TRANSFORMATION('','',#11,#79);
#4816 = PRODUCT_DEFINITION_SHAPE('Placement','Placement of an item',
  #4817);
#4817 = NEXT_ASSEMBLY_USAGE_OCCURRENCE('17','=>[0:1:1:6]','',#5,#4248,$
  );
#4818 = PRODUCT_RELATED_PRODUCT_CATEGORY('part',$,(#4250));
#4819 = MECHANICAL_DESIGN_GEOMETRIC_PRESENTATION_REPRESENTATION('',(
    #4820,#4828,#4835,#4842,#4849,#4856,#4863,#4870,#4877,#4884,#4891,
    #4899,#4906,#4913,#4920,#4927,#4934,#4941,#4948,#4955,#4962,#4969,
    #4976,#4983,#4990,#4997,#5004,#5011),#1765);
#4820 = STYLED_ITEM('color',(#4821),#913);
#4821 = PRESENTATION_STYLE_ASSIGNMENT((#4822));
#4822 = SURFACE_STYLE_USAGE(.BOTH.,#4823);
#4823 = SURFACE_SIDE_STYLE('',(#4824));
#4824 = SURFACE_STYLE_FILL_AREA(#4825);
#4825 = FILL_AREA_STYLE('',(#4826));
#4826 = FILL_AREA_STYLE_COLOUR('',#4827);
#4827 = COLOUR_RGB('',0.823999987314,0.819999987296,0.781000009244);
#4828 = STYLED_ITEM('color',(#4829),#989);
#4829 = PRESENTATION_STYLE_ASSIGNMENT((#4830));
#4830 = SURFACE_STYLE_USAGE(.BOTH.,#4831);
#4831 = SURFACE_SIDE_STYLE('',(#4832));
#4832 = SURFACE_STYLE_FILL_AREA(#4833);
#4833 = FILL_AREA_STYLE('',(#4834));
#4834 = FILL_AREA_STYLE_COLOUR('',#4827);
#4835 = STYLED_ITEM('color',(#4836),#1020);
#4836 = PRESENTATION_STYLE_ASSIGNMENT((#4837));
#4837 = SURFACE_STYLE_USAGE(.BOTH.,#4838);
#4838 = SURFACE_SIDE_STYLE('',(#4839));
#4839 = SURFACE_STYLE_FILL_AREA(#4840);
#4840 = FILL_AREA_STYLE('',(#4841));
#4841 = FILL_AREA_STYLE_COLOUR('',#4827);
#4842 = STYLED_ITEM('color',(#4843),#1045);
#4843 = PRESENTATION_STYLE_ASSIGNMENT((#4844));
#4844 = SURFACE_STYLE_USAGE(.BOTH.,#4845);
#4845 = SURFACE_SIDE_STYLE('',(#4846));
#4846 = SURFACE_STYLE_FILL_AREA(#4847);
#4847 = FILL_AREA_STYLE('',(#4848));
#4848 = FILL_AREA_STYLE_COLOUR('',#4827);
#4849 = STYLED_ITEM('color',(#4850),#1070);
#4850 = PRESENTATION_STYLE_ASSIGNMENT((#4851));
#4851 = SURFACE_STYLE_USAGE(.BOTH.,#4852);
#4852 = SURFACE_SIDE_STYLE('',(#4853));
#4853 = SURFACE_STYLE_FILL_AREA(#4854);
#4854 = FILL_AREA_STYLE('',(#4855));
#4855 = FILL_AREA_STYLE_COLOUR('',#4827);
#4856 = STYLED_ITEM('color',(#4857),#1094);
#4857 = PRESENTATION_STYLE_ASSIGNMENT((#4858));
#4858 = SURFACE_STYLE_USAGE(.BOTH.,#4859);
#4859 = SURFACE_SIDE_STYLE('',(#4860));
#4860 = SURFACE_STYLE_FILL_AREA(#4861);
#4861 = FILL_AREA_STYLE('',(#4862));
#4862 = FILL_AREA_STYLE_COLOUR('',#4827);
#4863 = STYLED_ITEM('color',(#4864),#1118);
#4864 = PRESENTATION_STYLE_ASSIGNMENT((#4865));
#4865 = SURFACE_STYLE_USAGE(.BOTH.,#4866);
#4866 = SURFACE_SIDE_STYLE('',(#4867));
#4867 = SURFACE_STYLE_FILL_AREA(#4868);
#4868 = FILL_AREA_STYLE('',(#4869));
#4869 = FILL_AREA_STYLE_COLOUR('',#4827);
#4870 = STYLED_ITEM('color',(#4871),#1143);
#4871 = PRESENTATION_STYLE_ASSIGNMENT((#4872));
#4872 = SURFACE_STYLE_USAGE(.BOTH.,#4873);
#4873 = SURFACE_SIDE_STYLE('',(#4874));
#4874 = SURFACE_STYLE_FILL_AREA(#4875);
#4875 = FILL_AREA_STYLE('',(#4876));
#4876 = FILL_AREA_STYLE_COLOUR('',#4827);
#4877 = STYLED_ITEM('color',(#4878),#1168);
#4878 = PRESENTATION_STYLE_ASSIGNMENT((#4879));
#4879 = SURFACE_STYLE_USAGE(.BOTH.,#4880);
#4880 = SURFACE_SIDE_STYLE('',(#4881));
#4881 = SURFACE_STYLE_FILL_AREA(#4882);
#4882 = FILL_AREA_STYLE('',(#4883));
#4883 = FILL_AREA_STYLE_COLOUR('',#4827);
#4884 = STYLED_ITEM('color',(#4885),#1185);
#4885 = PRESENTATION_STYLE_ASSIGNMENT((#4886));
#4886 = SURFACE_STYLE_USAGE(.BOTH.,#4887);
#4887 = SURFACE_SIDE_STYLE('',(#4888));
#4888 = SURFACE_STYLE_FILL_AREA(#4889);
#4889 = FILL_AREA_STYLE('',(#4890));
#4890 = FILL_AREA_STYLE_COLOUR('',#4827);
#4891 = STYLED_ITEM('color',(#4892),#1271);
#4892 = PRESENTATION_STYLE_ASSIGNMENT((#4893));
#4893 = SURFACE_STYLE_USAGE(.BOTH.,#4894);
#4894 = SURFACE_SIDE_STYLE('',(#4895));
#4895 = SURFACE_STYLE_FILL_AREA(#4896);
#4896 = FILL_AREA_STYLE('',(#4897));
#4897 = FILL_AREA_STYLE_COLOUR('',#4898);
#4898 = COLOUR_RGB('',0.379000005575,0.270000008848,0.214999999939);
#4899 = STYLED_ITEM('color',(#4900),#1303);
#4900 = PRESENTATION_STYLE_ASSIGNMENT((#4901));
#4901 = SURFACE_STYLE_USAGE(.BOTH.,#4902);
#4902 = SURFACE_SIDE_STYLE('',(#4903));
#4903 = SURFACE_STYLE_FILL_AREA(#4904);
#4904 = FILL_AREA_STYLE('',(#4905));
#4905 = FILL_AREA_STYLE_COLOUR('',#4898);
#4906 = STYLED_ITEM('color',(#4907),#1327);
#4907 = PRESENTATION_STYLE_ASSIGNMENT((#4908));
#4908 = SURFACE_STYLE_USAGE(.BOTH.,#4909);
#4909 = SURFACE_SIDE_STYLE('',(#4910));
#4910 = SURFACE_STYLE_FILL_AREA(#4911);
#4911 = FILL_AREA_STYLE('',(#4912));
#4912 = FILL_AREA_STYLE_COLOUR('',#4898);
#4913 = STYLED_ITEM('color',(#4914),#1352);
#4914 = PRESENTATION_STYLE_ASSIGNMENT((#4915));
#4915 = SURFACE_STYLE_USAGE(.BOTH.,#4916);
#4916 = SURFACE_SIDE_STYLE('',(#4917));
#4917 = SURFACE_STYLE_FILL_AREA(#4918);
#4918 = FILL_AREA_STYLE('',(#4919));
#4919 = FILL_AREA_STYLE_COLOUR('',#4898);
#4920 = STYLED_ITEM('color',(#4921),#1376);
#4921 = PRESENTATION_STYLE_ASSIGNMENT((#4922));
#4922 = SURFACE_STYLE_USAGE(.BOTH.,#4923);
#4923 = SURFACE_SIDE_STYLE('',(#4924));
#4924 = SURFACE_STYLE_FILL_AREA(#4925);
#4925 = FILL_AREA_STYLE('',(#4926));
#4926 = FILL_AREA_STYLE_COLOUR('',#4898);
#4927 = STYLED_ITEM('color',(#4928),#1401);
#4928 = PRESENTATION_STYLE_ASSIGNMENT((#4929));
#4929 = SURFACE_STYLE_USAGE(.BOTH.,#4930);
#4930 = SURFACE_SIDE_STYLE('',(#4931));
#4931 = SURFACE_STYLE_FILL_AREA(#4932);
#4932 = FILL_AREA_STYLE('',(#4933));
#4933 = FILL_AREA_STYLE_COLOUR('',#4898);
#4934 = STYLED_ITEM('color',(#4935),#1425);
#4935 = PRESENTATION_STYLE_ASSIGNMENT((#4936));
#4936 = SURFACE_STYLE_USAGE(.BOTH.,#4937);
#4937 = SURFACE_SIDE_STYLE('',(#4938));
#4938 = SURFACE_STYLE_FILL_AREA(#4939);
#4939 = FILL_AREA_STYLE('',(#4940));
#4940 = FILL_AREA_STYLE_COLOUR('',#4898);
#4941 = STYLED_ITEM('color',(#4942),#1450);
#4942 = PRESENTATION_STYLE_ASSIGNMENT((#4943));
#4943 = SURFACE_STYLE_USAGE(.BOTH.,#4944);
#4944 = SURFACE_SIDE_STYLE('',(#4945));
#4945 = SURFACE_STYLE_FILL_AREA(#4946);
#4946 = FILL_AREA_STYLE('',(#4947));
#4947 = FILL_AREA_STYLE_COLOUR('',#4898);
#4948 = STYLED_ITEM('color',(#4949),#1467);
#4949 = PRESENTATION_STYLE_ASSIGNMENT((#4950));
#4950 = SURFACE_STYLE_USAGE(.BOTH.,#4951);
#4951 = SURFACE_SIDE_STYLE('',(#4952));
#4952 = SURFACE_STYLE_FILL_AREA(#4953);
#4953 = FILL_AREA_STYLE('',(#4954));
#4954 = FILL_AREA_STYLE_COLOUR('',#4827);
#4955 = STYLED_ITEM('color',(#4956),#1553);
#4956 = PRESENTATION_STYLE_ASSIGNMENT((#4957));
#4957 = SURFACE_STYLE_USAGE(.BOTH.,#4958);
#4958 = SURFACE_SIDE_STYLE('',(#4959));
#4959 = SURFACE_STYLE_FILL_AREA(#4960);
#4960 = FILL_AREA_STYLE('',(#4961));
#4961 = FILL_AREA_STYLE_COLOUR('',#4827);
#4962 = STYLED_ITEM('color',(#4963),#1584);
#4963 = PRESENTATION_STYLE_ASSIGNMENT((#4964));
#4964 = SURFACE_STYLE_USAGE(.BOTH.,#4965);
#4965 = SURFACE_SIDE_STYLE('',(#4966));
#4966 = SURFACE_STYLE_FILL_AREA(#4967);
#4967 = FILL_AREA_STYLE('',(#4968));
#4968 = FILL_AREA_STYLE_COLOUR('',#4827);
#4969 = STYLED_ITEM('color',(#4970),#1609);
#4970 = PRESENTATION_STYLE_ASSIGNMENT((#4971));
#4971 = SURFACE_STYLE_USAGE(.BOTH.,#4972);
#4972 = SURFACE_SIDE_STYLE('',(#4973));
#4973 = SURFACE_STYLE_FILL_AREA(#4974);
#4974 = FILL_AREA_STYLE('',(#4975));
#4975 = FILL_AREA_STYLE_COLOUR('',#4827);
#4976 = STYLED_ITEM('color',(#4977),#1634);
#4977 = PRESENTATION_STYLE_ASSIGNMENT((#4978));
#4978 = SURFACE_STYLE_USAGE(.BOTH.,#4979);
#4979 = SURFACE_SIDE_STYLE('',(#4980));
#4980 = SURFACE_STYLE_FILL_AREA(#4981);
#4981 = FILL_AREA_STYLE('',(#4982));
#4982 = FILL_AREA_STYLE_COLOUR('',#4827);
#4983 = STYLED_ITEM('color',(#4984),#1658);
#4984 = PRESENTATION_STYLE_ASSIGNMENT((#4985));
#4985 = SURFACE_STYLE_USAGE(.BOTH.,#4986);
#4986 = SURFACE_SIDE_STYLE('',(#4987));
#4987 = SURFACE_STYLE_FILL_AREA(#4988);
#4988 = FILL_AREA_STYLE('',(#4989));
#4989 = FILL_AREA_STYLE_COLOUR('',#4827);
#4990 = STYLED_ITEM('color',(#4991),#1682);
#4991 = PRESENTATION_STYLE_ASSIGNMENT((#4992));
#4992 = SURFACE_STYLE_USAGE(.BOTH.,#4993);
#4993 = SURFACE_SIDE_STYLE('',(#4994));
#4994 = SURFACE_STYLE_FILL_AREA(#4995);
#4995 = FILL_AREA_STYLE('',(#4996));
#4996 = FILL_AREA_STYLE_COLOUR('',#4827);
#4997 = STYLED_ITEM('color',(#4998),#1707);
#4998 = PRESENTATION_STYLE_ASSIGNMENT((#4999));
#4999 = SURFACE_STYLE_USAGE(.BOTH.,#5000);
#5000 = SURFACE_SIDE_STYLE('',(#5001));
#5001 = SURFACE_STYLE_FILL_AREA(#5002);
#5002 = FILL_AREA_STYLE('',(#5003));
#5003 = FILL_AREA_STYLE_COLOUR('',#4827);
#5004 = STYLED_ITEM('color',(#5005),#1732);
#5005 = PRESENTATION_STYLE_ASSIGNMENT((#5006));
#5006 = SURFACE_STYLE_USAGE(.BOTH.,#5007);
#5007 = SURFACE_SIDE_STYLE('',(#5008));
#5008 = SURFACE_STYLE_FILL_AREA(#5009);
#5009 = FILL_AREA_STYLE('',(#5010));
#5010 = FILL_AREA_STYLE_COLOUR('',#4827);
#5011 = STYLED_ITEM('color',(#5012),#1749);
#5012 = PRESENTATION_STYLE_ASSIGNMENT((#5013));
#5013 = SURFACE_STYLE_USAGE(.BOTH.,#5014);
#5014 = SURFACE_SIDE_STYLE('',(#5015));
#5015 = SURFACE_STYLE_FILL_AREA(#5016);
#5016 = FILL_AREA_STYLE('',(#5017));
#5017 = FILL_AREA_STYLE_COLOUR('',#4827);
#5018 = MECHANICAL_DESIGN_GEOMETRIC_PRESENTATION_REPRESENTATION('',(
    #5019,#5026,#5033,#5040,#5047,#5054,#5061,#5068,#5076,#5083,#5090,
    #5097,#5104,#5111,#5119,#5126,#5133,#5140,#5147,#5154,#5161,#5168,
    #5175,#5182,#5189,#5196),#887);
#5019 = STYLED_ITEM('color',(#5020),#99);
#5020 = PRESENTATION_STYLE_ASSIGNMENT((#5021));
#5021 = SURFACE_STYLE_USAGE(.BOTH.,#5022);
#5022 = SURFACE_SIDE_STYLE('',(#5023));
#5023 = SURFACE_STYLE_FILL_AREA(#5024);
#5024 = FILL_AREA_STYLE('',(#5025));
#5025 = FILL_AREA_STYLE_COLOUR('',#4827);
#5026 = STYLED_ITEM('color',(#5027),#139);
#5027 = PRESENTATION_STYLE_ASSIGNMENT((#5028));
#5028 = SURFACE_STYLE_USAGE(.BOTH.,#5029);
#5029 = SURFACE_SIDE_STYLE('',(#5030));
#5030 = SURFACE_STYLE_FILL_AREA(#5031);
#5031 = FILL_AREA_STYLE('',(#5032));
#5032 = FILL_AREA_STYLE_COLOUR('',#4827);
#5033 = STYLED_ITEM('color',(#5034),#222);
#5034 = PRESENTATION_STYLE_ASSIGNMENT((#5035));
#5035 = SURFACE_STYLE_USAGE(.BOTH.,#5036);
#5036 = SURFACE_SIDE_STYLE('',(#5037));
#5037 = SURFACE_STYLE_FILL_AREA(#5038);
#5038 = FILL_AREA_STYLE('',(#5039));
#5039 = FILL_AREA_STYLE_COLOUR('',#4827);
#5040 = STYLED_ITEM('color',(#5041),#247);
#5041 = PRESENTATION_STYLE_ASSIGNMENT((#5042));
#5042 = SURFACE_STYLE_USAGE(.BOTH.,#5043);
#5043 = SURFACE_SIDE_STYLE('',(#5044));
#5044 = SURFACE_STYLE_FILL_AREA(#5045);
#5045 = FILL_AREA_STYLE('',(#5046));
#5046 = FILL_AREA_STYLE_COLOUR('',#4827);
#5047 = STYLED_ITEM('color',(#5048),#272);
#5048 = PRESENTATION_STYLE_ASSIGNMENT((#5049));
#5049 = SURFACE_STYLE_USAGE(.BOTH.,#5050);
#5050 = SURFACE_SIDE_STYLE('',(#5051));
#5051 = SURFACE_STYLE_FILL_AREA(#5052);
#5052 = FILL_AREA_STYLE('',(#5053));
#5053 = FILL_AREA_STYLE_COLOUR('',#4827);
#5054 = STYLED_ITEM('color',(#5055),#339);
#5055 = PRESENTATION_STYLE_ASSIGNMENT((#5056));
#5056 = SURFACE_STYLE_USAGE(.BOTH.,#5057);
#5057 = SURFACE_SIDE_STYLE('',(#5058));
#5058 = SURFACE_STYLE_FILL_AREA(#5059);
#5059 = FILL_AREA_STYLE('',(#5060));
#5060 = FILL_AREA_STYLE_COLOUR('',#4827);
#5061 = STYLED_ITEM('color',(#5062),#356);
#5062 = PRESENTATION_STYLE_ASSIGNMENT((#5063));
#5063 = SURFACE_STYLE_USAGE(.BOTH.,#5064);
#5064 = SURFACE_SIDE_STYLE('',(#5065));
#5065 = SURFACE_STYLE_FILL_AREA(#5066);
#5066 = FILL_AREA_STYLE('',(#5067));
#5067 = FILL_AREA_STYLE_COLOUR('',#4827);
#5068 = STYLED_ITEM('color',(#5069),#373);
#5069 = PRESENTATION_STYLE_ASSIGNMENT((#5070));
#5070 = SURFACE_STYLE_USAGE(.BOTH.,#5071);
#5071 = SURFACE_SIDE_STYLE('',(#5072));
#5072 = SURFACE_STYLE_FILL_AREA(#5073);
#5073 = FILL_AREA_STYLE('',(#5074));
#5074 = FILL_AREA_STYLE_COLOUR('',#5075);
#5075 = COLOUR_RGB('',0.894999966383,0.890999961016,0.813000030345);
#5076 = STYLED_ITEM('color',(#5077),#422);
#5077 = PRESENTATION_STYLE_ASSIGNMENT((#5078));
#5078 = SURFACE_STYLE_USAGE(.BOTH.,#5079);
#5079 = SURFACE_SIDE_STYLE('',(#5080));
#5080 = SURFACE_STYLE_FILL_AREA(#5081);
#5081 = FILL_AREA_STYLE('',(#5082));
#5082 = FILL_AREA_STYLE_COLOUR('',#4827);
#5083 = STYLED_ITEM('color',(#5084),#439);
#5084 = PRESENTATION_STYLE_ASSIGNMENT((#5085));
#5085 = SURFACE_STYLE_USAGE(.BOTH.,#5086);
#5086 = SURFACE_SIDE_STYLE('',(#5087));
#5087 = SURFACE_STYLE_FILL_AREA(#5088);
#5088 = FILL_AREA_STYLE('',(#5089));
#5089 = FILL_AREA_STYLE_COLOUR('',#4827);
#5090 = STYLED_ITEM('color',(#5091),#456);
#5091 = PRESENTATION_STYLE_ASSIGNMENT((#5092));
#5092 = SURFACE_STYLE_USAGE(.BOTH.,#5093);
#5093 = SURFACE_SIDE_STYLE('',(#5094));
#5094 = SURFACE_STYLE_FILL_AREA(#5095);
#5095 = FILL_AREA_STYLE('',(#5096));
#5096 = FILL_AREA_STYLE_COLOUR('',#5075);
#5097 = STYLED_ITEM('color',(#5098),#505);
#5098 = PRESENTATION_STYLE_ASSIGNMENT((#5099));
#5099 = SURFACE_STYLE_USAGE(.BOTH.,#5100);
#5100 = SURFACE_SIDE_STYLE('',(#5101));
#5101 = SURFACE_STYLE_FILL_AREA(#5102);
#5102 = FILL_AREA_STYLE('',(#5103));
#5103 = FILL_AREA_STYLE_COLOUR('',#5075);
#5104 = STYLED_ITEM('color',(#5105),#522);
#5105 = PRESENTATION_STYLE_ASSIGNMENT((#5106));
#5106 = SURFACE_STYLE_USAGE(.BOTH.,#5107);
#5107 = SURFACE_SIDE_STYLE('',(#5108));
#5108 = SURFACE_STYLE_FILL_AREA(#5109);
#5109 = FILL_AREA_STYLE('',(#5110));
#5110 = FILL_AREA_STYLE_COLOUR('',#4827);
#5111 = STYLED_ITEM('color',(#5112),#591);
#5112 = PRESENTATION_STYLE_ASSIGNMENT((#5113));
#5113 = SURFACE_STYLE_USAGE(.BOTH.,#5114);
#5114 = SURFACE_SIDE_STYLE('',(#5115));
#5115 = SURFACE_STYLE_FILL_AREA(#5116);
#5116 = FILL_AREA_STYLE('',(#5117));
#5117 = FILL_AREA_STYLE_COLOUR('',#5118);
#5118 = COLOUR_RGB('',8.200000279077E-02,8.600000121357E-02,
  9.399999706163E-02);
#5119 = STYLED_ITEM('color',(#5120),#622);
#5120 = PRESENTATION_STYLE_ASSIGNMENT((#5121));
#5121 = SURFACE_STYLE_USAGE(.BOTH.,#5122);
#5122 = SURFACE_SIDE_STYLE('',(#5123));
#5123 = SURFACE_STYLE_FILL_AREA(#5124);
#5124 = FILL_AREA_STYLE('',(#5125));
#5125 = FILL_AREA_STYLE_COLOUR('',#5118);
#5126 = STYLED_ITEM('color',(#5127),#646);
#5127 = PRESENTATION_STYLE_ASSIGNMENT((#5128));
#5128 = SURFACE_STYLE_USAGE(.BOTH.,#5129);
#5129 = SURFACE_SIDE_STYLE('',(#5130));
#5130 = SURFACE_STYLE_FILL_AREA(#5131);
#5131 = FILL_AREA_STYLE('',(#5132));
#5132 = FILL_AREA_STYLE_COLOUR('',#4827);
#5133 = STYLED_ITEM('color',(#5134),#715);
#5134 = PRESENTATION_STYLE_ASSIGNMENT((#5135));
#5135 = SURFACE_STYLE_USAGE(.BOTH.,#5136);
#5136 = SURFACE_SIDE_STYLE('',(#5137));
#5137 = SURFACE_STYLE_FILL_AREA(#5138);
#5138 = FILL_AREA_STYLE('',(#5139));
#5139 = FILL_AREA_STYLE_COLOUR('',#5118);
#5140 = STYLED_ITEM('color',(#5141),#739);
#5141 = PRESENTATION_STYLE_ASSIGNMENT((#5142));
#5142 = SURFACE_STYLE_USAGE(.BOTH.,#5143);
#5143 = SURFACE_SIDE_STYLE('',(#5144));
#5144 = SURFACE_STYLE_FILL_AREA(#5145);
#5145 = FILL_AREA_STYLE('',(#5146));
#5146 = FILL_AREA_STYLE_COLOUR('',#4827);
#5147 = STYLED_ITEM('color',(#5148),#756);
#5148 = PRESENTATION_STYLE_ASSIGNMENT((#5149));
#5149 = SURFACE_STYLE_USAGE(.BOTH.,#5150);
#5150 = SURFACE_SIDE_STYLE('',(#5151));
#5151 = SURFACE_STYLE_FILL_AREA(#5152);
#5152 = FILL_AREA_STYLE('',(#5153));
#5153 = FILL_AREA_STYLE_COLOUR('',#4827);
#5154 = STYLED_ITEM('color',(#5155),#773);
#5155 = PRESENTATION_STYLE_ASSIGNMENT((#5156));
#5156 = SURFACE_STYLE_USAGE(.BOTH.,#5157);
#5157 = SURFACE_SIDE_STYLE('',(#5158));
#5158 = SURFACE_STYLE_FILL_AREA(#5159);
#5159 = FILL_AREA_STYLE('',(#5160));
#5160 = FILL_AREA_STYLE_COLOUR('',#4827);
#5161 = STYLED_ITEM('color',(#5162),#790);
#5162 = PRESENTATION_STYLE_ASSIGNMENT((#5163));
#5163 = SURFACE_STYLE_USAGE(.BOTH.,#5164);
#5164 = SURFACE_SIDE_STYLE('',(#5165));
#5165 = SURFACE_STYLE_FILL_AREA(#5166);
#5166 = FILL_AREA_STYLE('',(#5167));
#5167 = FILL_AREA_STYLE_COLOUR('',#4827);
#5168 = STYLED_ITEM('color',(#5169),#807);
#5169 = PRESENTATION_STYLE_ASSIGNMENT((#5170));
#5170 = SURFACE_STYLE_USAGE(.BOTH.,#5171);
#5171 = SURFACE_SIDE_STYLE('',(#5172));
#5172 = SURFACE_STYLE_FILL_AREA(#5173);
#5173 = FILL_AREA_STYLE('',(#5174));
#5174 = FILL_AREA_STYLE_COLOUR('',#4827);
#5175 = STYLED_ITEM('color',(#5176),#824);
#5176 = PRESENTATION_STYLE_ASSIGNMENT((#5177));
#5177 = SURFACE_STYLE_USAGE(.BOTH.,#5178);
#5178 = SURFACE_SIDE_STYLE('',(#5179));
#5179 = SURFACE_STYLE_FILL_AREA(#5180);
#5180 = FILL_AREA_STYLE('',(#5181));
#5181 = FILL_AREA_STYLE_COLOUR('',#4827);
#5182 = STYLED_ITEM('color',(#5183),#841);
#5183 = PRESENTATION_STYLE_ASSIGNMENT((#5184));
#5184 = SURFACE_STYLE_USAGE(.BOTH.,#5185);
#5185 = SURFACE_SIDE_STYLE('',(#5186));
#5186 = SURFACE_STYLE_FILL_AREA(#5187);
#5187 = FILL_AREA_STYLE('',(#5188));
#5188 = FILL_AREA_STYLE_COLOUR('',#4827);
#5189 = STYLED_ITEM('color',(#5190),#858);
#5190 = PRESENTATION_STYLE_ASSIGNMENT((#5191));
#5191 = SURFACE_STYLE_USAGE(.BOTH.,#5192);
#5192 = SURFACE_SIDE_STYLE('',(#5193));
#5193 = SURFACE_STYLE_FILL_AREA(#5194);
#5194 = FILL_AREA_STYLE('',(#5195));
#5195 = FILL_AREA_STYLE_COLOUR('',#5118);
#5196 = STYLED_ITEM('color',(#5197),#875);
#5197 = PRESENTATION_STYLE_ASSIGNMENT((#5198));
#5198 = SURFACE_STYLE_USAGE(.BOTH.,#5199);
#5199 = SURFACE_SIDE_STYLE('',(#5200));
#5200 = SURFACE_STYLE_FILL_AREA(#5201);
#5201 = FILL_AREA_STYLE('',(#5202));
#5202 = FILL_AREA_STYLE_COLOUR('',#5118);
#5203 = MECHANICAL_DESIGN_GEOMETRIC_PRESENTATION_REPRESENTATION('',(
    #5204,#5211,#5218,#5225,#5232,#5239,#5246,#5253,#5260,#5267,#5274,
    #5281,#5288,#5295,#5302,#5309,#5316,#5323,#5330,#5337,#5344,#5351,
    #5358,#5365,#5372,#5379,#5386,#5393),#4200);
#5204 = STYLED_ITEM('color',(#5205),#3348);
#5205 = PRESENTATION_STYLE_ASSIGNMENT((#5206));
#5206 = SURFACE_STYLE_USAGE(.BOTH.,#5207);
#5207 = SURFACE_SIDE_STYLE('',(#5208));
#5208 = SURFACE_STYLE_FILL_AREA(#5209);
#5209 = FILL_AREA_STYLE('',(#5210));
#5210 = FILL_AREA_STYLE_COLOUR('',#4827);
#5211 = STYLED_ITEM('color',(#5212),#3424);
#5212 = PRESENTATION_STYLE_ASSIGNMENT((#5213));
#5213 = SURFACE_STYLE_USAGE(.BOTH.,#5214);
#5214 = SURFACE_SIDE_STYLE('',(#5215));
#5215 = SURFACE_STYLE_FILL_AREA(#5216);
#5216 = FILL_AREA_STYLE('',(#5217));
#5217 = FILL_AREA_STYLE_COLOUR('',#4827);
#5218 = STYLED_ITEM('color',(#5219),#3455);
#5219 = PRESENTATION_STYLE_ASSIGNMENT((#5220));
#5220 = SURFACE_STYLE_USAGE(.BOTH.,#5221);
#5221 = SURFACE_SIDE_STYLE('',(#5222));
#5222 = SURFACE_STYLE_FILL_AREA(#5223);
#5223 = FILL_AREA_STYLE('',(#5224));
#5224 = FILL_AREA_STYLE_COLOUR('',#4827);
#5225 = STYLED_ITEM('color',(#5226),#3480);
#5226 = PRESENTATION_STYLE_ASSIGNMENT((#5227));
#5227 = SURFACE_STYLE_USAGE(.BOTH.,#5228);
#5228 = SURFACE_SIDE_STYLE('',(#5229));
#5229 = SURFACE_STYLE_FILL_AREA(#5230);
#5230 = FILL_AREA_STYLE('',(#5231));
#5231 = FILL_AREA_STYLE_COLOUR('',#4827);
#5232 = STYLED_ITEM('color',(#5233),#3505);
#5233 = PRESENTATION_STYLE_ASSIGNMENT((#5234));
#5234 = SURFACE_STYLE_USAGE(.BOTH.,#5235);
#5235 = SURFACE_SIDE_STYLE('',(#5236));
#5236 = SURFACE_STYLE_FILL_AREA(#5237);
#5237 = FILL_AREA_STYLE('',(#5238));
#5238 = FILL_AREA_STYLE_COLOUR('',#4827);
#5239 = STYLED_ITEM('color',(#5240),#3529);
#5240 = PRESENTATION_STYLE_ASSIGNMENT((#5241));
#5241 = SURFACE_STYLE_USAGE(.BOTH.,#5242);
#5242 = SURFACE_SIDE_STYLE('',(#5243));
#5243 = SURFACE_STYLE_FILL_AREA(#5244);
#5244 = FILL_AREA_STYLE('',(#5245));
#5245 = FILL_AREA_STYLE_COLOUR('',#4827);
#5246 = STYLED_ITEM('color',(#5247),#3553);
#5247 = PRESENTATION_STYLE_ASSIGNMENT((#5248));
#5248 = SURFACE_STYLE_USAGE(.BOTH.,#5249);
#5249 = SURFACE_SIDE_STYLE('',(#5250));
#5250 = SURFACE_STYLE_FILL_AREA(#5251);
#5251 = FILL_AREA_STYLE('',(#5252));
#5252 = FILL_AREA_STYLE_COLOUR('',#4827);
#5253 = STYLED_ITEM('color',(#5254),#3578);
#5254 = PRESENTATION_STYLE_ASSIGNMENT((#5255));
#5255 = SURFACE_STYLE_USAGE(.BOTH.,#5256);
#5256 = SURFACE_SIDE_STYLE('',(#5257));
#5257 = SURFACE_STYLE_FILL_AREA(#5258);
#5258 = FILL_AREA_STYLE('',(#5259));
#5259 = FILL_AREA_STYLE_COLOUR('',#4827);
#5260 = STYLED_ITEM('color',(#5261),#3603);
#5261 = PRESENTATION_STYLE_ASSIGNMENT((#5262));
#5262 = SURFACE_STYLE_USAGE(.BOTH.,#5263);
#5263 = SURFACE_SIDE_STYLE('',(#5264));
#5264 = SURFACE_STYLE_FILL_AREA(#5265);
#5265 = FILL_AREA_STYLE('',(#5266));
#5266 = FILL_AREA_STYLE_COLOUR('',#4827);
#5267 = STYLED_ITEM('color',(#5268),#3620);
#5268 = PRESENTATION_STYLE_ASSIGNMENT((#5269));
#5269 = SURFACE_STYLE_USAGE(.BOTH.,#5270);
#5270 = SURFACE_SIDE_STYLE('',(#5271));
#5271 = SURFACE_STYLE_FILL_AREA(#5272);
#5272 = FILL_AREA_STYLE('',(#5273));
#5273 = FILL_AREA_STYLE_COLOUR('',#4827);
#5274 = STYLED_ITEM('color',(#5275),#3706);
#5275 = PRESENTATION_STYLE_ASSIGNMENT((#5276));
#5276 = SURFACE_STYLE_USAGE(.BOTH.,#5277);
#5277 = SURFACE_SIDE_STYLE('',(#5278));
#5278 = SURFACE_STYLE_FILL_AREA(#5279);
#5279 = FILL_AREA_STYLE('',(#5280));
#5280 = FILL_AREA_STYLE_COLOUR('',#4898);
#5281 = STYLED_ITEM('color',(#5282),#3738);
#5282 = PRESENTATION_STYLE_ASSIGNMENT((#5283));
#5283 = SURFACE_STYLE_USAGE(.BOTH.,#5284);
#5284 = SURFACE_SIDE_STYLE('',(#5285));
#5285 = SURFACE_STYLE_FILL_AREA(#5286);
#5286 = FILL_AREA_STYLE('',(#5287));
#5287 = FILL_AREA_STYLE_COLOUR('',#4898);
#5288 = STYLED_ITEM('color',(#5289),#3762);
#5289 = PRESENTATION_STYLE_ASSIGNMENT((#5290));
#5290 = SURFACE_STYLE_USAGE(.BOTH.,#5291);
#5291 = SURFACE_SIDE_STYLE('',(#5292));
#5292 = SURFACE_STYLE_FILL_AREA(#5293);
#5293 = FILL_AREA_STYLE('',(#5294));
#5294 = FILL_AREA_STYLE_COLOUR('',#4898);
#5295 = STYLED_ITEM('color',(#5296),#3787);
#5296 = PRESENTATION_STYLE_ASSIGNMENT((#5297));
#5297 = SURFACE_STYLE_USAGE(.BOTH.,#5298);
#5298 = SURFACE_SIDE_STYLE('',(#5299));
#5299 = SURFACE_STYLE_FILL_AREA(#5300);
#5300 = FILL_AREA_STYLE('',(#5301));
#5301 = FILL_AREA_STYLE_COLOUR('',#4898);
#5302 = STYLED_ITEM('color',(#5303),#3811);
#5303 = PRESENTATION_STYLE_ASSIGNMENT((#5304));
#5304 = SURFACE_STYLE_USAGE(.BOTH.,#5305);
#5305 = SURFACE_SIDE_STYLE('',(#5306));
#5306 = SURFACE_STYLE_FILL_AREA(#5307);
#5307 = FILL_AREA_STYLE('',(#5308));
#5308 = FILL_AREA_STYLE_COLOUR('',#4898);
#5309 = STYLED_ITEM('color',(#5310),#3836);
#5310 = PRESENTATION_STYLE_ASSIGNMENT((#5311));
#5311 = SURFACE_STYLE_USAGE(.BOTH.,#5312);
#5312 = SURFACE_SIDE_STYLE('',(#5313));
#5313 = SURFACE_STYLE_FILL_AREA(#5314);
#5314 = FILL_AREA_STYLE('',(#5315));
#5315 = FILL_AREA_STYLE_COLOUR('',#4898);
#5316 = STYLED_ITEM('color',(#5317),#3860);
#5317 = PRESENTATION_STYLE_ASSIGNMENT((#5318));
#5318 = SURFACE_STYLE_USAGE(.BOTH.,#5319);
#5319 = SURFACE_SIDE_STYLE('',(#5320));
#5320 = SURFACE_STYLE_FILL_AREA(#5321);
#5321 = FILL_AREA_STYLE('',(#5322));
#5322 = FILL_AREA_STYLE_COLOUR('',#4898);
#5323 = STYLED_ITEM('color',(#5324),#3885);
#5324 = PRESENTATION_STYLE_ASSIGNMENT((#5325));
#5325 = SURFACE_STYLE_USAGE(.BOTH.,#5326);
#5326 = SURFACE_SIDE_STYLE('',(#5327));
#5327 = SURFACE_STYLE_FILL_AREA(#5328);
#5328 = FILL_AREA_STYLE('',(#5329));
#5329 = FILL_AREA_STYLE_COLOUR('',#4898);
#5330 = STYLED_ITEM('color',(#5331),#3902);
#5331 = PRESENTATION_STYLE_ASSIGNMENT((#5332));
#5332 = SURFACE_STYLE_USAGE(.BOTH.,#5333);
#5333 = SURFACE_SIDE_STYLE('',(#5334));
#5334 = SURFACE_STYLE_FILL_AREA(#5335);
#5335 = FILL_AREA_STYLE('',(#5336));
#5336 = FILL_AREA_STYLE_COLOUR('',#4827);
#5337 = STYLED_ITEM('color',(#5338),#3988);
#5338 = PRESENTATION_STYLE_ASSIGNMENT((#5339));
#5339 = SURFACE_STYLE_USAGE(.BOTH.,#5340);
#5340 = SURFACE_SIDE_STYLE('',(#5341));
#5341 = SURFACE_STYLE_FILL_AREA(#5342);
#5342 = FILL_AREA_STYLE('',(#5343));
#5343 = FILL_AREA_STYLE_COLOUR('',#4827);
#5344 = STYLED_ITEM('color',(#5345),#4019);
#5345 = PRESENTATION_STYLE_ASSIGNMENT((#5346));
#5346 = SURFACE_STYLE_USAGE(.BOTH.,#5347);
#5347 = SURFACE_SIDE_STYLE('',(#5348));
#5348 = SURFACE_STYLE_FILL_AREA(#5349);
#5349 = FILL_AREA_STYLE('',(#5350));
#5350 = FILL_AREA_STYLE_COLOUR('',#4827);
#5351 = STYLED_ITEM('color',(#5352),#4044);
#5352 = PRESENTATION_STYLE_ASSIGNMENT((#5353));
#5353 = SURFACE_STYLE_USAGE(.BOTH.,#5354);
#5354 = SURFACE_SIDE_STYLE('',(#5355));
#5355 = SURFACE_STYLE_FILL_AREA(#5356);
#5356 = FILL_AREA_STYLE('',(#5357));
#5357 = FILL_AREA_STYLE_COLOUR('',#4827);
#5358 = STYLED_ITEM('color',(#5359),#4069);
#5359 = PRESENTATION_STYLE_ASSIGNMENT((#5360));
#5360 = SURFACE_STYLE_USAGE(.BOTH.,#5361);
#5361 = SURFACE_SIDE_STYLE('',(#5362));
#5362 = SURFACE_STYLE_FILL_AREA(#5363);
#5363 = FILL_AREA_STYLE('',(#5364));
#5364 = FILL_AREA_STYLE_COLOUR('',#4827);
#5365 = STYLED_ITEM('color',(#5366),#4093);
#5366 = PRESENTATION_STYLE_ASSIGNMENT((#5367));
#5367 = SURFACE_STYLE_USAGE(.BOTH.,#5368);
#5368 = SURFACE_SIDE_STYLE('',(#5369));
#5369 = SURFACE_STYLE_FILL_AREA(#5370);
#5370 = FILL_AREA_STYLE('',(#5371));
#5371 = FILL_AREA_STYLE_COLOUR('',#4827);
#5372 = STYLED_ITEM('color',(#5373),#4117);
#5373 = PRESENTATION_STYLE_ASSIGNMENT((#5374));
#5374 = SURFACE_STYLE_USAGE(.BOTH.,#5375);
#5375 = SURFACE_SIDE_STYLE('',(#5376));
#5376 = SURFACE_STYLE_FILL_AREA(#5377);
#5377 = FILL_AREA_STYLE('',(#5378));
#5378 = FILL_AREA_STYLE_COLOUR('',#4827);
#5379 = STYLED_ITEM('color',(#5380),#4142);
#5380 = PRESENTATION_STYLE_ASSIGNMENT((#5381));
#5381 = SURFACE_STYLE_USAGE(.BOTH.,#5382);
#5382 = SURFACE_SIDE_STYLE('',(#5383));
#5383 = SURFACE_STYLE_FILL_AREA(#5384);
#5384 = FILL_AREA_STYLE('',(#5385));
#5385 = FILL_AREA_STYLE_COLOUR('',#4827);
#5386 = STYLED_ITEM('color',(#5387),#4167);
#5387 = PRESENTATION_STYLE_ASSIGNMENT((#5388));
#5388 = SURFACE_STYLE_USAGE(.BOTH.,#5389);
#5389 = SURFACE_SIDE_STYLE('',(#5390));
#5390 = SURFACE_STYLE_FILL_AREA(#5391);
#5391 = FILL_AREA_STYLE('',(#5392));
#5392 = FILL_AREA_STYLE_COLOUR('',#4827);
#5393 = STYLED_ITEM('color',(#5394),#4184);
#5394 = PRESENTATION_STYLE_ASSIGNMENT((#5395));
#5395 = SURFACE_STYLE_USAGE(.BOTH.,#5396);
#5396 = SURFACE_SIDE_STYLE('',(#5397));
#5397 = SURFACE_STYLE_FILL_AREA(#5398);
#5398 = FILL_AREA_STYLE('',(#5399));
#5399 = FILL_AREA_STYLE_COLOUR('',#4827);
#5400 = MECHANICAL_DESIGN_GEOMETRIC_PRESENTATION_REPRESENTATION('',(
    #5401,#5408,#5415,#5422,#5429,#5436,#5443,#5450,#5458,#5465,#5472,
    #5479,#5486,#5493,#5500,#5507,#5514,#5521,#5528,#5535,#5542,#5549,
    #5556,#5563,#5570,#5577,#5584,#5591,#5598,#5605,#5612,#5619,#5626,
    #5633,#5640,#5647,#5655,#5662,#5669,#5676,#5683,#5690,#5697,#5704,
    #5711,#5718,#5725,#5732,#5739,#5746),#3312);
#5401 = STYLED_ITEM('color',(#5402),#1791);
#5402 = PRESENTATION_STYLE_ASSIGNMENT((#5403));
#5403 = SURFACE_STYLE_USAGE(.BOTH.,#5404);
#5404 = SURFACE_SIDE_STYLE('',(#5405));
#5405 = SURFACE_STYLE_FILL_AREA(#5406);
#5406 = FILL_AREA_STYLE('',(#5407));
#5407 = FILL_AREA_STYLE_COLOUR('',#5075);
#5408 = STYLED_ITEM('color',(#5409),#1831);
#5409 = PRESENTATION_STYLE_ASSIGNMENT((#5410));
#5410 = SURFACE_STYLE_USAGE(.BOTH.,#5411);
#5411 = SURFACE_SIDE_STYLE('',(#5412));
#5412 = SURFACE_STYLE_FILL_AREA(#5413);
#5413 = FILL_AREA_STYLE('',(#5414));
#5414 = FILL_AREA_STYLE_COLOUR('',#5075);
#5415 = STYLED_ITEM('color',(#5416),#1878);
#5416 = PRESENTATION_STYLE_ASSIGNMENT((#5417));
#5417 = SURFACE_STYLE_USAGE(.BOTH.,#5418);
#5418 = SURFACE_SIDE_STYLE('',(#5419));
#5419 = SURFACE_STYLE_FILL_AREA(#5420);
#5420 = FILL_AREA_STYLE('',(#5421));
#5421 = FILL_AREA_STYLE_COLOUR('',#5075);
#5422 = STYLED_ITEM('color',(#5423),#1957);
#5423 = PRESENTATION_STYLE_ASSIGNMENT((#5424));
#5424 = SURFACE_STYLE_USAGE(.BOTH.,#5425);
#5425 = SURFACE_SIDE_STYLE('',(#5426));
#5426 = SURFACE_STYLE_FILL_AREA(#5427);
#5427 = FILL_AREA_STYLE('',(#5428));
#5428 = FILL_AREA_STYLE_COLOUR('',#5075);
#5429 = STYLED_ITEM('color',(#5430),#1981);
#5430 = PRESENTATION_STYLE_ASSIGNMENT((#5431));
#5431 = SURFACE_STYLE_USAGE(.BOTH.,#5432);
#5432 = SURFACE_SIDE_STYLE('',(#5433));
#5433 = SURFACE_STYLE_FILL_AREA(#5434);
#5434 = FILL_AREA_STYLE('',(#5435));
#5435 = FILL_AREA_STYLE_COLOUR('',#5075);
#5436 = STYLED_ITEM('color',(#5437),#2021);
#5437 = PRESENTATION_STYLE_ASSIGNMENT((#5438));
#5438 = SURFACE_STYLE_USAGE(.BOTH.,#5439);
#5439 = SURFACE_SIDE_STYLE('',(#5440));
#5440 = SURFACE_STYLE_FILL_AREA(#5441);
#5441 = FILL_AREA_STYLE('',(#5442));
#5442 = FILL_AREA_STYLE_COLOUR('',#5075);
#5443 = STYLED_ITEM('color',(#5444),#2052);
#5444 = PRESENTATION_STYLE_ASSIGNMENT((#5445));
#5445 = SURFACE_STYLE_USAGE(.BOTH.,#5446);
#5446 = SURFACE_SIDE_STYLE('',(#5447));
#5447 = SURFACE_STYLE_FILL_AREA(#5448);
#5448 = FILL_AREA_STYLE('',(#5449));
#5449 = FILL_AREA_STYLE_COLOUR('',#5075);
#5450 = STYLED_ITEM('color',(#5451),#2069);
#5451 = PRESENTATION_STYLE_ASSIGNMENT((#5452));
#5452 = SURFACE_STYLE_USAGE(.BOTH.,#5453);
#5453 = SURFACE_SIDE_STYLE('',(#5454));
#5454 = SURFACE_STYLE_FILL_AREA(#5455);
#5455 = FILL_AREA_STYLE('',(#5456));
#5456 = FILL_AREA_STYLE_COLOUR('',#5457);
#5457 = COLOUR_RGB('',0.859000020776,0.737999965183,0.495999988746);
#5458 = STYLED_ITEM('color',(#5459),#2102);
#5459 = PRESENTATION_STYLE_ASSIGNMENT((#5460));
#5460 = SURFACE_STYLE_USAGE(.BOTH.,#5461);
#5461 = SURFACE_SIDE_STYLE('',(#5462));
#5462 = SURFACE_STYLE_FILL_AREA(#5463);
#5463 = FILL_AREA_STYLE('',(#5464));
#5464 = FILL_AREA_STYLE_COLOUR('',#5075);
#5465 = STYLED_ITEM('color',(#5466),#2126);
#5466 = PRESENTATION_STYLE_ASSIGNMENT((#5467));
#5467 = SURFACE_STYLE_USAGE(.BOTH.,#5468);
#5468 = SURFACE_SIDE_STYLE('',(#5469));
#5469 = SURFACE_STYLE_FILL_AREA(#5470);
#5470 = FILL_AREA_STYLE('',(#5471));
#5471 = FILL_AREA_STYLE_COLOUR('',#5457);
#5472 = STYLED_ITEM('color',(#5473),#2193);
#5473 = PRESENTATION_STYLE_ASSIGNMENT((#5474));
#5474 = SURFACE_STYLE_USAGE(.BOTH.,#5475);
#5475 = SURFACE_SIDE_STYLE('',(#5476));
#5476 = SURFACE_STYLE_FILL_AREA(#5477);
#5477 = FILL_AREA_STYLE('',(#5478));
#5478 = FILL_AREA_STYLE_COLOUR('',#5075);
#5479 = STYLED_ITEM('color',(#5480),#2314);
#5480 = PRESENTATION_STYLE_ASSIGNMENT((#5481));
#5481 = SURFACE_STYLE_USAGE(.BOTH.,#5482);
#5482 = SURFACE_SIDE_STYLE('',(#5483));
#5483 = SURFACE_STYLE_FILL_AREA(#5484);
#5484 = FILL_AREA_STYLE('',(#5485));
#5485 = FILL_AREA_STYLE_COLOUR('',#5457);
#5486 = STYLED_ITEM('color',(#5487),#2381);
#5487 = PRESENTATION_STYLE_ASSIGNMENT((#5488));
#5488 = SURFACE_STYLE_USAGE(.BOTH.,#5489);
#5489 = SURFACE_SIDE_STYLE('',(#5490));
#5490 = SURFACE_STYLE_FILL_AREA(#5491);
#5491 = FILL_AREA_STYLE('',(#5492));
#5492 = FILL_AREA_STYLE_COLOUR('',#5075);
#5493 = STYLED_ITEM('color',(#5494),#2405);
#5494 = PRESENTATION_STYLE_ASSIGNMENT((#5495));
#5495 = SURFACE_STYLE_USAGE(.BOTH.,#5496);
#5496 = SURFACE_SIDE_STYLE('',(#5497));
#5497 = SURFACE_STYLE_FILL_AREA(#5498);
#5498 = FILL_AREA_STYLE('',(#5499));
#5499 = FILL_AREA_STYLE_COLOUR('',#5075);
#5500 = STYLED_ITEM('color',(#5501),#2436);
#5501 = PRESENTATION_STYLE_ASSIGNMENT((#5502));
#5502 = SURFACE_STYLE_USAGE(.BOTH.,#5503);
#5503 = SURFACE_SIDE_STYLE('',(#5504));
#5504 = SURFACE_STYLE_FILL_AREA(#5505);
#5505 = FILL_AREA_STYLE('',(#5506));
#5506 = FILL_AREA_STYLE_COLOUR('',#5457);
#5507 = STYLED_ITEM('color',(#5508),#2469);
#5508 = PRESENTATION_STYLE_ASSIGNMENT((#5509));
#5509 = SURFACE_STYLE_USAGE(.BOTH.,#5510);
#5510 = SURFACE_SIDE_STYLE('',(#5511));
#5511 = SURFACE_STYLE_FILL_AREA(#5512);
#5512 = FILL_AREA_STYLE('',(#5513));
#5513 = FILL_AREA_STYLE_COLOUR('',#5075);
#5514 = STYLED_ITEM('color',(#5515),#2525);
#5515 = PRESENTATION_STYLE_ASSIGNMENT((#5516));
#5516 = SURFACE_STYLE_USAGE(.BOTH.,#5517);
#5517 = SURFACE_SIDE_STYLE('',(#5518));
#5518 = SURFACE_STYLE_FILL_AREA(#5519);
#5519 = FILL_AREA_STYLE('',(#5520));
#5520 = FILL_AREA_STYLE_COLOUR('',#5457);
#5521 = STYLED_ITEM('color',(#5522),#2549);
#5522 = PRESENTATION_STYLE_ASSIGNMENT((#5523));
#5523 = SURFACE_STYLE_USAGE(.BOTH.,#5524);
#5524 = SURFACE_SIDE_STYLE('',(#5525));
#5525 = SURFACE_STYLE_FILL_AREA(#5526);
#5526 = FILL_AREA_STYLE('',(#5527));
#5527 = FILL_AREA_STYLE_COLOUR('',#5457);
#5528 = STYLED_ITEM('color',(#5529),#2573);
#5529 = PRESENTATION_STYLE_ASSIGNMENT((#5530));
#5530 = SURFACE_STYLE_USAGE(.BOTH.,#5531);
#5531 = SURFACE_SIDE_STYLE('',(#5532));
#5532 = SURFACE_STYLE_FILL_AREA(#5533);
#5533 = FILL_AREA_STYLE('',(#5534));
#5534 = FILL_AREA_STYLE_COLOUR('',#5457);
#5535 = STYLED_ITEM('color',(#5536),#2597);
#5536 = PRESENTATION_STYLE_ASSIGNMENT((#5537));
#5537 = SURFACE_STYLE_USAGE(.BOTH.,#5538);
#5538 = SURFACE_SIDE_STYLE('',(#5539));
#5539 = SURFACE_STYLE_FILL_AREA(#5540);
#5540 = FILL_AREA_STYLE('',(#5541));
#5541 = FILL_AREA_STYLE_COLOUR('',#5457);
#5542 = STYLED_ITEM('color',(#5543),#2630);
#5543 = PRESENTATION_STYLE_ASSIGNMENT((#5544));
#5544 = SURFACE_STYLE_USAGE(.BOTH.,#5545);
#5545 = SURFACE_SIDE_STYLE('',(#5546));
#5546 = SURFACE_STYLE_FILL_AREA(#5547);
#5547 = FILL_AREA_STYLE('',(#5548));
#5548 = FILL_AREA_STYLE_COLOUR('',#5457);
#5549 = STYLED_ITEM('color',(#5550),#2642);
#5550 = PRESENTATION_STYLE_ASSIGNMENT((#5551));
#5551 = SURFACE_STYLE_USAGE(.BOTH.,#5552);
#5552 = SURFACE_SIDE_STYLE('',(#5553));
#5553 = SURFACE_STYLE_FILL_AREA(#5554);
#5554 = FILL_AREA_STYLE('',(#5555));
#5555 = FILL_AREA_STYLE_COLOUR('',#5457);
#5556 = STYLED_ITEM('color',(#5557),#2705);
#5557 = PRESENTATION_STYLE_ASSIGNMENT((#5558));
#5558 = SURFACE_STYLE_USAGE(.BOTH.,#5559);
#5559 = SURFACE_SIDE_STYLE('',(#5560));
#5560 = SURFACE_STYLE_FILL_AREA(#5561);
#5561 = FILL_AREA_STYLE('',(#5562));
#5562 = FILL_AREA_STYLE_COLOUR('',#5457);
#5563 = STYLED_ITEM('color',(#5564),#2730);
#5564 = PRESENTATION_STYLE_ASSIGNMENT((#5565));
#5565 = SURFACE_STYLE_USAGE(.BOTH.,#5566);
#5566 = SURFACE_SIDE_STYLE('',(#5567));
#5567 = SURFACE_STYLE_FILL_AREA(#5568);
#5568 = FILL_AREA_STYLE('',(#5569));
#5569 = FILL_AREA_STYLE_COLOUR('',#5457);
#5570 = STYLED_ITEM('color',(#5571),#2747);
#5571 = PRESENTATION_STYLE_ASSIGNMENT((#5572));
#5572 = SURFACE_STYLE_USAGE(.BOTH.,#5573);
#5573 = SURFACE_SIDE_STYLE('',(#5574));
#5574 = SURFACE_STYLE_FILL_AREA(#5575);
#5575 = FILL_AREA_STYLE('',(#5576));
#5576 = FILL_AREA_STYLE_COLOUR('',#5457);
#5577 = STYLED_ITEM('color',(#5578),#2771);
#5578 = PRESENTATION_STYLE_ASSIGNMENT((#5579));
#5579 = SURFACE_STYLE_USAGE(.BOTH.,#5580);
#5580 = SURFACE_SIDE_STYLE('',(#5581));
#5581 = SURFACE_STYLE_FILL_AREA(#5582);
#5582 = FILL_AREA_STYLE('',(#5583));
#5583 = FILL_AREA_STYLE_COLOUR('',#5457);
#5584 = STYLED_ITEM('color',(#5585),#2789);
#5585 = PRESENTATION_STYLE_ASSIGNMENT((#5586));
#5586 = SURFACE_STYLE_USAGE(.BOTH.,#5587);
#5587 = SURFACE_SIDE_STYLE('',(#5588));
#5588 = SURFACE_STYLE_FILL_AREA(#5589);
#5589 = FILL_AREA_STYLE('',(#5590));
#5590 = FILL_AREA_STYLE_COLOUR('',#5457);
#5591 = STYLED_ITEM('color',(#5592),#2807);
#5592 = PRESENTATION_STYLE_ASSIGNMENT((#5593));
#5593 = SURFACE_STYLE_USAGE(.BOTH.,#5594);
#5594 = SURFACE_SIDE_STYLE('',(#5595));
#5595 = SURFACE_STYLE_FILL_AREA(#5596);
#5596 = FILL_AREA_STYLE('',(#5597));
#5597 = FILL_AREA_STYLE_COLOUR('',#5457);
#5598 = STYLED_ITEM('color',(#5599),#2825);
#5599 = PRESENTATION_STYLE_ASSIGNMENT((#5600));
#5600 = SURFACE_STYLE_USAGE(.BOTH.,#5601);
#5601 = SURFACE_SIDE_STYLE('',(#5602));
#5602 = SURFACE_STYLE_FILL_AREA(#5603);
#5603 = FILL_AREA_STYLE('',(#5604));
#5604 = FILL_AREA_STYLE_COLOUR('',#5457);
#5605 = STYLED_ITEM('color',(#5606),#2842);
#5606 = PRESENTATION_STYLE_ASSIGNMENT((#5607));
#5607 = SURFACE_STYLE_USAGE(.BOTH.,#5608);
#5608 = SURFACE_SIDE_STYLE('',(#5609));
#5609 = SURFACE_STYLE_FILL_AREA(#5610);
#5610 = FILL_AREA_STYLE('',(#5611));
#5611 = FILL_AREA_STYLE_COLOUR('',#5457);
#5612 = STYLED_ITEM('color',(#5613),#2859);
#5613 = PRESENTATION_STYLE_ASSIGNMENT((#5614));
#5614 = SURFACE_STYLE_USAGE(.BOTH.,#5615);
#5615 = SURFACE_SIDE_STYLE('',(#5616));
#5616 = SURFACE_STYLE_FILL_AREA(#5617);
#5617 = FILL_AREA_STYLE('',(#5618));
#5618 = FILL_AREA_STYLE_COLOUR('',#5457);
#5619 = STYLED_ITEM('color',(#5620),#2890);
#5620 = PRESENTATION_STYLE_ASSIGNMENT((#5621));
#5621 = SURFACE_STYLE_USAGE(.BOTH.,#5622);
#5622 = SURFACE_SIDE_STYLE('',(#5623));
#5623 = SURFACE_STYLE_FILL_AREA(#5624);
#5624 = FILL_AREA_STYLE('',(#5625));
#5625 = FILL_AREA_STYLE_COLOUR('',#5457);
#5626 = STYLED_ITEM('color',(#5627),#2915);
#5627 = PRESENTATION_STYLE_ASSIGNMENT((#5628));
#5628 = SURFACE_STYLE_USAGE(.BOTH.,#5629);
#5629 = SURFACE_SIDE_STYLE('',(#5630));
#5630 = SURFACE_STYLE_FILL_AREA(#5631);
#5631 = FILL_AREA_STYLE('',(#5632));
#5632 = FILL_AREA_STYLE_COLOUR('',#5457);
#5633 = STYLED_ITEM('color',(#5634),#2940);
#5634 = PRESENTATION_STYLE_ASSIGNMENT((#5635));
#5635 = SURFACE_STYLE_USAGE(.BOTH.,#5636);
#5636 = SURFACE_SIDE_STYLE('',(#5637));
#5637 = SURFACE_STYLE_FILL_AREA(#5638);
#5638 = FILL_AREA_STYLE('',(#5639));
#5639 = FILL_AREA_STYLE_COLOUR('',#5457);
#5640 = STYLED_ITEM('color',(#5641),#2964);
#5641 = PRESENTATION_STYLE_ASSIGNMENT((#5642));
#5642 = SURFACE_STYLE_USAGE(.BOTH.,#5643);
#5643 = SURFACE_SIDE_STYLE('',(#5644));
#5644 = SURFACE_STYLE_FILL_AREA(#5645);
#5645 = FILL_AREA_STYLE('',(#5646));
#5646 = FILL_AREA_STYLE_COLOUR('',#5457);
#5647 = STYLED_ITEM('color',(#5648),#2981);
#5648 = PRESENTATION_STYLE_ASSIGNMENT((#5649));
#5649 = SURFACE_STYLE_USAGE(.BOTH.,#5650);
#5650 = SURFACE_SIDE_STYLE('',(#5651));
#5651 = SURFACE_STYLE_FILL_AREA(#5652);
#5652 = FILL_AREA_STYLE('',(#5653));
#5653 = FILL_AREA_STYLE_COLOUR('',#5654);
#5654 = COLOUR_RGB('',0.340000006699,0.68000001254,0.444999988852);
#5655 = STYLED_ITEM('color',(#5656),#3012);
#5656 = PRESENTATION_STYLE_ASSIGNMENT((#5657));
#5657 = SURFACE_STYLE_USAGE(.BOTH.,#5658);
#5658 = SURFACE_SIDE_STYLE('',(#5659));
#5659 = SURFACE_STYLE_FILL_AREA(#5660);
#5660 = FILL_AREA_STYLE('',(#5661));
#5661 = FILL_AREA_STYLE_COLOUR('',#5654);
#5662 = STYLED_ITEM('color',(#5663),#3036);
#5663 = PRESENTATION_STYLE_ASSIGNMENT((#5664));
#5664 = SURFACE_STYLE_USAGE(.BOTH.,#5665);
#5665 = SURFACE_SIDE_STYLE('',(#5666));
#5666 = SURFACE_STYLE_FILL_AREA(#5667);
#5667 = FILL_AREA_STYLE('',(#5668));
#5668 = FILL_AREA_STYLE_COLOUR('',#5654);
#5669 = STYLED_ITEM('color',(#5670),#3053);
#5670 = PRESENTATION_STYLE_ASSIGNMENT((#5671));
#5671 = SURFACE_STYLE_USAGE(.BOTH.,#5672);
#5672 = SURFACE_SIDE_STYLE('',(#5673));
#5673 = SURFACE_STYLE_FILL_AREA(#5674);
#5674 = FILL_AREA_STYLE('',(#5675));
#5675 = FILL_AREA_STYLE_COLOUR('',#5457);
#5676 = STYLED_ITEM('color',(#5677),#3081);
#5677 = PRESENTATION_STYLE_ASSIGNMENT((#5678));
#5678 = SURFACE_STYLE_USAGE(.BOTH.,#5679);
#5679 = SURFACE_SIDE_STYLE('',(#5680));
#5680 = SURFACE_STYLE_FILL_AREA(#5681);
#5681 = FILL_AREA_STYLE('',(#5682));
#5682 = FILL_AREA_STYLE_COLOUR('',#5457);
#5683 = STYLED_ITEM('color',(#5684),#3106);
#5684 = PRESENTATION_STYLE_ASSIGNMENT((#5685));
#5685 = SURFACE_STYLE_USAGE(.BOTH.,#5686);
#5686 = SURFACE_SIDE_STYLE('',(#5687));
#5687 = SURFACE_STYLE_FILL_AREA(#5688);
#5688 = FILL_AREA_STYLE('',(#5689));
#5689 = FILL_AREA_STYLE_COLOUR('',#5457);
#5690 = STYLED_ITEM('color',(#5691),#3130);
#5691 = PRESENTATION_STYLE_ASSIGNMENT((#5692));
#5692 = SURFACE_STYLE_USAGE(.BOTH.,#5693);
#5693 = SURFACE_SIDE_STYLE('',(#5694));
#5694 = SURFACE_STYLE_FILL_AREA(#5695);
#5695 = FILL_AREA_STYLE('',(#5696));
#5696 = FILL_AREA_STYLE_COLOUR('',#5457);
#5697 = STYLED_ITEM('color',(#5698),#3155);
#5698 = PRESENTATION_STYLE_ASSIGNMENT((#5699));
#5699 = SURFACE_STYLE_USAGE(.BOTH.,#5700);
#5700 = SURFACE_SIDE_STYLE('',(#5701));
#5701 = SURFACE_STYLE_FILL_AREA(#5702);
#5702 = FILL_AREA_STYLE('',(#5703));
#5703 = FILL_AREA_STYLE_COLOUR('',#5457);
#5704 = STYLED_ITEM('color',(#5705),#3202);
#5705 = PRESENTATION_STYLE_ASSIGNMENT((#5706));
#5706 = SURFACE_STYLE_USAGE(.BOTH.,#5707);
#5707 = SURFACE_SIDE_STYLE('',(#5708));
#5708 = SURFACE_STYLE_FILL_AREA(#5709);
#5709 = FILL_AREA_STYLE('',(#5710));
#5710 = FILL_AREA_STYLE_COLOUR('',#5457);
#5711 = STYLED_ITEM('color',(#5712),#3219);
#5712 = PRESENTATION_STYLE_ASSIGNMENT((#5713));
#5713 = SURFACE_STYLE_USAGE(.BOTH.,#5714);
#5714 = SURFACE_SIDE_STYLE('',(#5715));
#5715 = SURFACE_STYLE_FILL_AREA(#5716);
#5716 = FILL_AREA_STYLE('',(#5717));
#5717 = FILL_AREA_STYLE_COLOUR('',#5457);
#5718 = STYLED_ITEM('color',(#5719),#3231);
#5719 = PRESENTATION_STYLE_ASSIGNMENT((#5720));
#5720 = SURFACE_STYLE_USAGE(.BOTH.,#5721);
#5721 = SURFACE_SIDE_STYLE('',(#5722));
#5722 = SURFACE_STYLE_FILL_AREA(#5723);
#5723 = FILL_AREA_STYLE('',(#5724));
#5724 = FILL_AREA_STYLE_COLOUR('',#5457);
#5725 = STYLED_ITEM('color',(#5726),#3253);
#5726 = PRESENTATION_STYLE_ASSIGNMENT((#5727));
#5727 = SURFACE_STYLE_USAGE(.BOTH.,#5728);
#5728 = SURFACE_SIDE_STYLE('',(#5729));
#5729 = SURFACE_STYLE_FILL_AREA(#5730);
#5730 = FILL_AREA_STYLE('',(#5731));
#5731 = FILL_AREA_STYLE_COLOUR('',#5457);
#5732 = STYLED_ITEM('color',(#5733),#3265);
#5733 = PRESENTATION_STYLE_ASSIGNMENT((#5734));
#5734 = SURFACE_STYLE_USAGE(.BOTH.,#5735);
#5735 = SURFACE_SIDE_STYLE('',(#5736));
#5736 = SURFACE_STYLE_FILL_AREA(#5737);
#5737 = FILL_AREA_STYLE('',(#5738));
#5738 = FILL_AREA_STYLE_COLOUR('',#5457);
#5739 = STYLED_ITEM('color',(#5740),#3283);
#5740 = PRESENTATION_STYLE_ASSIGNMENT((#5741));
#5741 = SURFACE_STYLE_USAGE(.BOTH.,#5742);
#5742 = SURFACE_SIDE_STYLE('',(#5743));
#5743 = SURFACE_STYLE_FILL_AREA(#5744);
#5744 = FILL_AREA_STYLE('',(#5745));
#5745 = FILL_AREA_STYLE_COLOUR('',#5457);
#5746 = STYLED_ITEM('color',(#5747),#3301);
#5747 = PRESENTATION_STYLE_ASSIGNMENT((#5748));
#5748 = SURFACE_STYLE_USAGE(.BOTH.,#5749);
#5749 = SURFACE_SIDE_STYLE('',(#5750));
#5750 = SURFACE_STYLE_FILL_AREA(#5751);
#5751 = FILL_AREA_STYLE('',(#5752));
#5752 = FILL_AREA_STYLE_COLOUR('',#5654);
#5753 = MECHANICAL_DESIGN_GEOMETRIC_PRESENTATION_REPRESENTATION('',(
    #5754),#4808);
#5754 = STYLED_ITEM('color',(#5755),#4254);
#5755 = PRESENTATION_STYLE_ASSIGNMENT((#5756));
#5756 = SURFACE_STYLE_USAGE(.BOTH.,#5757);
#5757 = SURFACE_SIDE_STYLE('',(#5758));
#5758 = SURFACE_STYLE_FILL_AREA(#5759);
#5759 = FILL_AREA_STYLE('',(#5760));
#5760 = FILL_AREA_STYLE_COLOUR('',#5761);
#5761 = COLOUR_RGB('',0.277846546019,0.436627062838,0.370214030736);
ENDSEC;
END-ISO-10303-21;
