ISO-10303-21;
HEADER;
FILE_DESCRIPTION (( 'STEP AP214' ),
    '1' );
FILE_NAME ('XC8114AA0102.STEP',
    '2025-03-14T17:27:19',
    ( '' ),
    ( '' ),
    'SwSTEP 2.0',
    'SolidWorks 2024',
    '' );
FILE_SCHEMA (( 'AUTOMOTIVE_DESIGN' ));
ENDSEC;

DATA;
#1 = PRESENTATION_LAYER_ASSIGNMENT (  '', '', ( #607 ) ) ;
#2 = ORIENTED_EDGE ( 'NONE', *, *, #1004, .T. ) ;
#3 = DIRECTION ( 'NONE',  ( 0.6039477492579735651, -0.7970239119162159103, 3.623905374272236467E-16 ) ) ;
#4 = CARTESIAN_POINT ( 'NONE',  ( -0.05732527507900255642, 0.01084447640902621093, 0.4499999999999998446 ) ) ;
#5 = VERTEX_POINT ( 'NONE', #598 ) ;
#6 = DIRECTION ( 'NONE',  ( -9.620821797635464851E-16, -2.743416180782791127E-16, -1.000000000000000000 ) ) ;
#7 = ORIENTED_EDGE ( 'NONE', *, *, #1350, .F. ) ;
#8 = DIRECTION ( 'NONE',  ( -9.620821797635447101E-16, 2.743416180782804439E-16, 1.000000000000000000 ) ) ;
#9 = CARTESIAN_POINT ( 'NONE',  ( -0.7400000000000045430, 0.1700000000000000122, 0.4100000000000006417 ) ) ;
#10 = CARTESIAN_POINT ( 'NONE',  ( 0.3355584169474901124, -0.05864222277228436919, 0.4514999999999996239 ) ) ;
#11 = CARTESIAN_POINT ( 'NONE',  ( -0.7400000000000045430, 0.1900000000000000577, 0.4100000000000006417 ) ) ;
#12 = ORIENTED_EDGE ( 'NONE', *, *, #2382, .F. ) ;
#13 = LINE ( 'NONE', #2138, #1112 ) ;
#14 = CARTESIAN_POINT ( 'NONE',  ( -0.7400000000000045430, 0.1700000000000000122, -0.4100000000000006417 ) ) ;
#15 = CARTESIAN_POINT ( 'NONE',  ( -0.2660849495320360969, 0.06019826265344502270, 0.4514999999999996239 ) ) ;
#16 = VERTEX_POINT ( 'NONE', #2684 ) ;
#17 = FACE_OUTER_BOUND ( 'NONE', #183, .T. ) ;
#18 = CARTESIAN_POINT ( 'NONE',  ( 0.3398409170280447533, 0.07632830207904284237, 0.4514999999999996239 ) ) ;
#19 = ORIENTED_EDGE ( 'NONE', *, *, #2144, .F. ) ;
#20 = DIRECTION ( 'NONE',  ( 1.000000000000000000, 0.000000000000000000, -0.000000000000000000 ) ) ;
#21 = DIRECTION ( 'NONE',  ( 0.000000000000000000, 0.000000000000000000, -1.000000000000000000 ) ) ;
#22 = AXIS2_PLACEMENT_3D ( 'NONE', #2294, #2558, #1672 ) ;
#23 = ORIENTED_EDGE ( 'NONE', *, *, #2063, .F. ) ;
#24 = CARTESIAN_POINT ( 'NONE',  ( 0.001255226936378028846, 0.06117286023095414027, 0.4514999999999996239 ) ) ;
#25 = VECTOR ( 'NONE', #2104, 1000.000000000000000 ) ;
#26 = VECTOR ( 'NONE', #378, 1000.000000000000000 ) ;
#27 = VERTEX_POINT ( 'NONE', #350 ) ;
#28 = CARTESIAN_POINT ( 'NONE',  ( 0.08813733707392634731, -0.05876101966820895806, 0.4514999999999996239 ) ) ;
#29 = ORIENTED_EDGE ( 'NONE', *, *, #2548, .T. ) ;
#30 = EDGE_CURVE ( 'NONE', #905, #1929, #1165, .T. ) ;
#31 = AXIS2_PLACEMENT_3D ( 'NONE', #2492, #2078, #1277 ) ;
#32 = LINE ( 'NONE', #1067, #1969 ) ;
#33 = ADVANCED_FACE ( 'NONE', ( #1406 ), #1827, .F. ) ;
#34 = EDGE_CURVE ( 'NONE', #1890, #249, #1419, .T. ) ;
#35 = CIRCLE ( 'NONE', #290, 0.05949999999999998346 ) ;
#36 = ORIENTED_EDGE ( 'NONE', *, *, #179, .T. ) ;
#37 = DIRECTION ( 'NONE',  ( 1.000000000000000000, -0.000000000000000000, 0.000000000000000000 ) ) ;
#38 = EDGE_CURVE ( 'NONE', #27, #841, #1378, .T. ) ;
#39 = COLOUR_RGB ( '',0.007843137254901960675, 0.2352941176470588203, 0.8235294117647058432 ) ;
#40 = DIRECTION ( 'NONE',  ( -9.620821797635464851E-16, -2.743416180782791127E-16, -1.000000000000000000 ) ) ;
#41 = ORIENTED_EDGE ( 'NONE', *, *, #1601, .T. ) ;
#42 = CARTESIAN_POINT ( 'NONE',  ( 0.06453751769582016795, -0.05876101966820895806, 0.4514999999999996239 ) ) ;
#43 = PRODUCT_DEFINITION_SHAPE ( 'NONE', 'NONE',  #2707 ) ;
#44 = DIRECTION ( 'NONE',  ( -9.620821797635464851E-16, -2.743416180782791127E-16, -1.000000000000000000 ) ) ;
#45 =( GEOMETRIC_REPRESENTATION_CONTEXT ( 3 ) GLOBAL_UNCERTAINTY_ASSIGNED_CONTEXT ( ( #1708 ) ) GLOBAL_UNIT_ASSIGNED_CONTEXT ( ( #1098, #1746, #306 ) ) REPRESENTATION_CONTEXT ( 'NONE', 'WORKASPACE' ) );
#46 = SHAPE_REPRESENTATION ( 'XC8114AA0102', ( #1869, #1648, #763, #903, #1462, #71, #2693 ), #285 ) ;
#47 = ORIENTED_EDGE ( 'NONE', *, *, #2062, .F. ) ;
#48 = PLANE ( 'NONE',  #721 ) ;
#49 = CLOSED_SHELL ( 'NONE', ( #63, #2313, #632, #669 ) ) ;
#50 = VERTEX_POINT ( 'NONE', #394 ) ;
#51 = DIRECTION ( 'NONE',  ( 0.6335469652300284027, 0.7737042347356134497, 8.217835169624697569E-16 ) ) ;
#52 = PLANE ( 'NONE',  #557 ) ;
#53 = DIRECTION ( 'NONE',  ( -6.661338147750942201E-16, 1.000000000000000000, -2.743416180782784718E-16 ) ) ;
#54 = LINE ( 'NONE', #512, #1973 ) ;
#55 = ORIENTED_EDGE ( 'NONE', *, *, #2561, .F. ) ;
#56 = LINE ( 'NONE', #1730, #682 ) ;
#57 = CARTESIAN_POINT ( 'NONE',  ( 0.1108627356977698319, 0.06117286023095414027, 0.4514999999999996239 ) ) ;
#58 = ORIENTED_EDGE ( 'NONE', *, *, #1229, .F. ) ;
#59 = CARTESIAN_POINT ( 'NONE',  ( 0.5349999999999938138, -0.8599999999999996536, 0.4499999999999999001 ) ) ;
#60 = ORIENTED_EDGE ( 'NONE', *, *, #30, .F. ) ;
#61 = FILL_AREA_STYLE ('',( #1948 ) ) ;
#62 = CARTESIAN_POINT ( 'NONE',  ( -0.2005180955920544683, 0.01084447640902629593, 0.4499999999999998446 ) ) ;
#63 = ADVANCED_FACE ( 'NONE', ( #1636 ), #185, .T. ) ;
#64 = ORIENTED_EDGE ( 'NONE', *, *, #1863, .F. ) ;
#65 = DIRECTION ( 'NONE',  ( -1.000000000000000000, 6.661338147750935298E-16, -9.620821797635449073E-16 ) ) ;
#66 = CIRCLE ( 'NONE', #2390, 0.05469401709438427572 ) ;
#67 = DIRECTION ( 'NONE',  ( -0.6314215746233561299, -0.7754397430491691834, -8.202148386936828123E-16 ) ) ;
#68 = ADVANCED_FACE ( 'NONE', ( #560 ), #2698, .F. ) ;
#69 = ORIENTED_EDGE ( 'NONE', *, *, #924, .F. ) ;
#70 = VECTOR ( 'NONE', #1063, 1000.000000000000000 ) ;
#71 = AXIS2_PLACEMENT_3D ( 'NONE', #316, #1805, #952 ) ;
#72 = PLANE ( 'NONE',  #761 ) ;
#73 = ORIENTED_EDGE ( 'NONE', *, *, #1465, .T. ) ;
#74 = COLOUR_RGB ( '',0.000000000000000000, 0.000000000000000000, 0.000000000000000000 ) ;
#75 = PLANE ( 'NONE',  #2080 ) ;
#76 = DIRECTION ( 'NONE',  ( 0.000000000000000000, 0.000000000000000000, 1.000000000000000000 ) ) ;
#77 = APPLICATION_PROTOCOL_DEFINITION ( 'draft international standard', 'automotive_design', 1998, #1046 ) ;
#78 = VECTOR ( 'NONE', #1315, 1000.000000000000000 ) ;
#79 = VECTOR ( 'NONE', #1265, 1000.000000000000000 ) ;
#80 = VERTEX_POINT ( 'NONE', #2244 ) ;
#81 = DIRECTION ( 'NONE',  ( 0.000000000000000000, 1.000000000000000000, 0.000000000000000000 ) ) ;
#82 = AXIS2_PLACEMENT_3D ( 'NONE', #1389, #2230, #1821 ) ;
#83 = DIRECTION ( 'NONE',  ( 1.000000000000000000, -5.557975978702426141E-16, 9.620821797635449073E-16 ) ) ;
#84 = VERTEX_POINT ( 'NONE', #364 ) ;
#85 = DIRECTION ( 'NONE',  ( -9.620821797635447101E-16, 2.743416180782804439E-16, 1.000000000000000000 ) ) ;
#86 = VERTEX_POINT ( 'NONE', #1179 ) ;
#87 = VECTOR ( 'NONE', #715, 1000.000000000000000 ) ;
#88 = CLOSED_SHELL ( 'NONE', ( #2552, #627, #1782, #2414, #1214, #2500 ) ) ;
#89 = LINE ( 'NONE', #926, #690 ) ;
#90 = ORIENTED_EDGE ( 'NONE', *, *, #2333, .T. ) ;
#91 = EDGE_LOOP ( 'NONE', ( #1172, #2672, #524, #403, #263, #1400, #1276, #1217 ) ) ;
#92 = DIRECTION ( 'NONE',  ( -6.661338147750942201E-16, 1.000000000000000000, -2.743416180782784718E-16 ) ) ;
#93 = ORIENTED_EDGE ( 'NONE', *, *, #2615, .F. ) ;
#94 = ADVANCED_FACE ( 'NONE', ( #1626 ), #821, .F. ) ;
#95 = CONTEXT_DEPENDENT_SHAPE_REPRESENTATION ( #98, #2322 ) ;
#96 = CARTESIAN_POINT ( 'NONE',  ( 0.2325455091965744625, -0.05741255515549076316, 0.4514999999999996239 ) ) ;
#97 = ORIENTED_EDGE ( 'NONE', *, *, #2019, .T. ) ;
#98 =( REPRESENTATION_RELATIONSHIP ('NONE','NONE', #46, #1347 ) REPRESENTATION_RELATIONSHIP_WITH_TRANSFORMATION ( #1726 )SHAPE_REPRESENTATION_RELATIONSHIP( ) );
#99 = DIRECTION ( 'NONE',  ( 0.000000000000000000, 0.000000000000000000, -1.000000000000000000 ) ) ;
#100 = DIRECTION ( 'NONE',  ( -9.620821797635464851E-16, -2.743416180782791127E-16, -1.000000000000000000 ) ) ;
#101 = ORIENTED_EDGE ( 'NONE', *, *, #2179, .T. ) ;
#102 = CARTESIAN_POINT ( 'NONE',  ( 0.2622220151101278818, 0.008741898385816737616, 0.4514999999999996239 ) ) ;
#103 = ORIENTED_EDGE ( 'NONE', *, *, #1792, .F. ) ;
#104 = AXIS2_PLACEMENT_3D ( 'NONE', #1906, #649, #1081 ) ;
#105 = STYLED_ITEM ( 'NONE', ( #2613 ), #2240 ) ;
#106 = DIRECTION ( 'NONE',  ( 0.6039477492579746754, -0.7970239119162150221, 3.623905374272248300E-16 ) ) ;
#107 = FACE_BOUND ( 'NONE', #2249, .T. ) ;
#108 = VECTOR ( 'NONE', #1901, 1000.000000000000000 ) ;
#109 = ORIENTED_EDGE ( 'NONE', *, *, #2677, .T. ) ;
#110 = EDGE_CURVE ( 'NONE', #2061, #1048, #2043, .T. ) ;
#111 = VECTOR ( 'NONE', #139, 1000.000000000000114 ) ;
#112 = DIRECTION ( 'NONE',  ( 0.9100038631975170267, 0.000000000000000000, -0.4145997696159456347 ) ) ;
#113 = ADVANCED_FACE ( 'NONE', ( #1248 ), #2507, .F. ) ;
#114 = CARTESIAN_POINT ( 'NONE',  ( -0.7400000000000045430, 0.1900000000000000577, -0.4100000000000006417 ) ) ;
#115 = DIRECTION ( 'NONE',  ( 0.000000000000000000, 0.000000000000000000, -1.000000000000000000 ) ) ;
#116 = AXIS2_PLACEMENT_3D ( 'NONE', #1835, #359, #2035 ) ;
#117 = CARTESIAN_POINT ( 'NONE',  ( 0.1108627356977698319, -0.04089420743941252212, 0.4499999999999999001 ) ) ;
#118 = EDGE_CURVE ( 'NONE', #1450, #1142, #1443, .T. ) ;
#119 = FACE_OUTER_BOUND ( 'NONE', #399, .T. ) ;
#120 = ORIENTED_EDGE ( 'NONE', *, *, #1190, .T. ) ;
#121 = CARTESIAN_POINT ( 'NONE',  ( 0.2180927429108886484, 0.01926097453439079565, 0.4514999999999996239 ) ) ;
#122 = ORIENTED_EDGE ( 'NONE', *, *, #2678, .T. ) ;
#123 = DIRECTION ( 'NONE',  ( -1.000000000000000000, 7.818865939066840387E-16, -9.620821797635449073E-16 ) ) ;
#124 = ORIENTED_EDGE ( 'NONE', *, *, #800, .F. ) ;
#125 = MECHANICAL_DESIGN_GEOMETRIC_PRESENTATION_REPRESENTATION (  '', ( #917 ), #45 ) ;
#126 = EDGE_CURVE ( 'NONE', #471, #482, #405, .T. ) ;
#127 = CARTESIAN_POINT ( 'NONE',  ( 0.2844978556510030510, 0.008741898385816737616, 0.4514999999999996239 ) ) ;
#128 =( NAMED_UNIT ( * ) SI_UNIT ( $, .STERADIAN. ) SOLID_ANGLE_UNIT ( ) );
#129 = DIRECTION ( 'NONE',  ( -1.000000000000000000, 6.625170853718500959E-16, -7.571623832821143953E-16 ) ) ;
#130 = ORIENTED_EDGE ( 'NONE', *, *, #2158, .F. ) ;
#131 = DIRECTION ( 'NONE',  ( -6.661338147750942201E-16, 1.000000000000000000, -2.743416180782784718E-16 ) ) ;
#132 = FACE_OUTER_BOUND ( 'NONE', #1771, .T. ) ;
#133 = DIRECTION ( 'NONE',  ( -1.000000000000000000, 6.661338147750935298E-16, -9.620821797635449073E-16 ) ) ;
#134 = ORIENTED_EDGE ( 'NONE', *, *, #2381, .T. ) ;
#135 = DIRECTION ( 'NONE',  ( 1.000000000000000000, 0.000000000000000000, 0.000000000000000000 ) ) ;
#136 = CARTESIAN_POINT ( 'NONE',  ( 0.05232905809995913593, 0.002589844908668093026, 0.4514999999999996239 ) ) ;
#137 = CARTESIAN_POINT ( 'NONE',  ( 0.04135265277807609330, 0.002589844908668093026, 0.4514999999999996239 ) ) ;
#138 = DIRECTION ( 'NONE',  ( -0.000000000000000000, -1.000000000000000000, -0.000000000000000000 ) ) ;
#139 = DIRECTION ( 'NONE',  ( 0.6335469652300292909, 0.7737042347356125616, 8.217835169624705457E-16 ) ) ;
#140 = EDGE_CURVE ( 'NONE', #2162, #487, #2079, .T. ) ;
#141 = DIRECTION ( 'NONE',  ( 2.388925875883730010E-15, 1.000000000000000000, 2.743416180782816272E-16 ) ) ;
#142 = ORIENTED_EDGE ( 'NONE', *, *, #528, .T. ) ;
#143 = DIRECTION ( 'NONE',  ( 1.000000000000000000, -4.969308428006843299E-15, 9.620821797635435268E-16 ) ) ;
#144 = DIRECTION ( 'NONE',  ( -0.6927072756914629537, 0.7212188504220558016, -4.685809793219662962E-16 ) ) ;
#145 = EDGE_CURVE ( 'NONE', #487, #2472, #847, .T. ) ;
#146 = EDGE_CURVE ( 'NONE', #1530, #1978, #1653, .T. ) ;
#147 = EDGE_LOOP ( 'NONE', ( #2009, #1132, #1209, #991 ) ) ;
#148 = EDGE_CURVE ( 'NONE', #1828, #1440, #1665, .T. ) ;
#149 = ADVANCED_BREP_SHAPE_REPRESENTATION ( '', ( #2232, #376, #1281, #1471 ), #1787 ) ;
#150 = AXIS2_PLACEMENT_3D ( 'NONE', #2012, #2212, #331 ) ;
#151 = VECTOR ( 'NONE', #347, 1000.000000000000000 ) ;
#152 = LINE ( 'NONE', #1804, #2301 ) ;
#153 = CARTESIAN_POINT ( 'NONE',  ( -91.31660822658928112, 4.005871872032840564, 44.86188220381089309 ) ) ;
#154 = VECTOR ( 'NONE', #1847, 1000.000000000000000 ) ;
#155 = APPLICATION_CONTEXT ( 'automotive_design' ) ;
#156 = VECTOR ( 'NONE', #1844, 1000.000000000000227 ) ;
#157 = DIRECTION ( 'NONE',  ( 0.000000000000000000, 0.000000000000000000, 1.000000000000000000 ) ) ;
#158 = CARTESIAN_POINT ( 'NONE',  ( 0.000000000000000000, 0.000000000000000000, 0.000000000000000000 ) ) ;
#159 =( NAMED_UNIT ( * ) SI_UNIT ( $, .STERADIAN. ) SOLID_ANGLE_UNIT ( ) );
#160 = EDGE_LOOP ( 'NONE', ( #1477, #1323, #2334, #1454 ) ) ;
#161 = CARTESIAN_POINT ( 'NONE',  ( -0.7400000000000045430, -0.1900000000000000577, 0.4100000000000006417 ) ) ;
#162 = CARTESIAN_POINT ( 'NONE',  ( -0.2005180955920544683, 0.01084447640902629593, 0.4514999999999995683 ) ) ;
#163 = EDGE_CURVE ( 'NONE', #2166, #609, #642, .T. ) ;
#164 = VECTOR ( 'NONE', #571, 1000.000000000000000 ) ;
#165 = FACE_OUTER_BOUND ( 'NONE', #1646, .T. ) ;
#166 = EDGE_LOOP ( 'NONE', ( #2128, #613, #1333, #2417 ) ) ;
#167 = DIRECTION ( 'NONE',  ( 0.6794080314983093061, -0.7337606740181653597, 4.523452693004002916E-16 ) ) ;
#168 = APPLICATION_PROTOCOL_DEFINITION ( 'draft international standard', 'automotive_design', 1998, #577 ) ;
#169 = AXIS2_PLACEMENT_3D ( 'NONE', #454, #2085, #1899 ) ;
#170 = DIRECTION ( 'NONE',  ( -9.620821797635464851E-16, -2.743416180782791127E-16, -1.000000000000000000 ) ) ;
#171 = CARTESIAN_POINT ( 'NONE',  ( 0.3398409170280447533, 0.07632830207904284237, 0.4514999999999996239 ) ) ;
#172 = VECTOR ( 'NONE', #2112, 1000.000000000000000 ) ;
#173 = DIRECTION ( 'NONE',  ( -1.000000000000000000, 6.661338147750935298E-16, -9.620821797635449073E-16 ) ) ;
#174 = EDGE_LOOP ( 'NONE', ( #73, #2287, #1892, #2117 ) ) ;
#175 = DIRECTION ( 'NONE',  ( 1.000000000000000000, 0.000000000000000000, -0.000000000000000000 ) ) ;
#176 = PLANE ( 'NONE',  #329 ) ;
#177 = DIRECTION ( 'NONE',  ( -6.661338147750936284E-16, 1.000000000000000000, 2.743416180782785704E-16 ) ) ;
#178 = VERTEX_POINT ( 'NONE', #2704 ) ;
#179 = EDGE_CURVE ( 'NONE', #2406, #1890, #833, .T. ) ;
#180 = SURFACE_STYLE_USAGE ( .BOTH. , #1441 ) ;
#181 = ADVANCED_FACE ( 'NONE', ( #214 ), #1470, .F. ) ;
#182 = PRESENTATION_STYLE_ASSIGNMENT (( #2475 ) ) ;
#183 = EDGE_LOOP ( 'NONE', ( #1873, #1546, #247, #342 ) ) ;
#184 = DIRECTION ( 'NONE',  ( 7.697918917091424737E-16, -1.000000000000000000, -2.743416180782784718E-16 ) ) ;
#185 = CYLINDRICAL_SURFACE ( 'NONE', #658, 0.05949999999999998346 ) ;
#186 = VERTEX_POINT ( 'NONE', #1731 ) ;
#187 = LINE ( 'NONE', #585, #26 ) ;
#188 = ORIENTED_EDGE ( 'NONE', *, *, #2561, .T. ) ;
#189 = DIRECTION ( 'NONE',  ( -1.000000000000000000, 5.557975978702426141E-16, -9.620821797635449073E-16 ) ) ;
#190 = VERTEX_POINT ( 'NONE', #1295 ) ;
#191 = FILL_AREA_STYLE ('',( #1709 ) ) ;
#192 = AXIS2_PLACEMENT_3D ( 'NONE', #2614, #734, #2004 ) ;
#193 = CIRCLE ( 'NONE', #1923, 0.05949999999999998346 ) ;
#194 = PRESENTATION_LAYER_ASSIGNMENT (  '', '', ( #2433 ) ) ;
#195 = ORIENTED_EDGE ( 'NONE', *, *, #228, .T. ) ;
#196 = CARTESIAN_POINT ( 'NONE',  ( -0.5399999999999988143, 0.1700000000000000122, 0.2600000000000032840 ) ) ;
#197 = AXIS2_PLACEMENT_3D ( 'NONE', #2579, #85, #1505 ) ;
#198 = CARTESIAN_POINT ( 'NONE',  ( 0.04700299041171529524, -0.05973561724571807563, 0.4514999999999996239 ) ) ;
#199 = ORIENTED_EDGE ( 'NONE', *, *, #840, .F. ) ;
#200 = EDGE_CURVE ( 'NONE', #709, #910, #441, .T. ) ;
#201 = LINE ( 'NONE', #849, #566 ) ;
#202 = ORIENTED_EDGE ( 'NONE', *, *, #551, .F. ) ;
#203 = DIRECTION ( 'NONE',  ( -9.620821797635464851E-16, -2.743416180782791127E-16, -1.000000000000000000 ) ) ;
#204 = AXIS2_PLACEMENT_3D ( 'NONE', #2318, #1325, #1511 ) ;
#205 = VERTEX_POINT ( 'NONE', #1075 ) ;
#206 = FILL_AREA_STYLE ('',( #2089 ) ) ;
#207 = VECTOR ( 'NONE', #2451, 1000.000000000000000 ) ;
#208 = SURFACE_STYLE_USAGE ( .BOTH. , #2075 ) ;
#209 = VERTEX_POINT ( 'NONE', #423 ) ;
#210 = FACE_OUTER_BOUND ( 'NONE', #2339, .T. ) ;
#211 = DIRECTION ( 'NONE',  ( -0.6039477492579741202, 0.7970239119162154662, -3.623905374272243369E-16 ) ) ;
#212 = VECTOR ( 'NONE', #83, 1000.000000000000000 ) ;
#213 = CARTESIAN_POINT ( 'NONE',  ( -0.5460000000000048148, 0.002589844908668093026, 0.4499999999999999001 ) ) ;
#214 = FACE_OUTER_BOUND ( 'NONE', #1447, .T. ) ;
#215 = VECTOR ( 'NONE', #2525, 1000.000000000000000 ) ;
#216 = VERTEX_POINT ( 'NONE', #2336 ) ;
#217 = DIRECTION ( 'NONE',  ( -1.000000000000000000, 6.814173041061170850E-16, -9.911524423361702517E-16 ) ) ;
#218 = VERTEX_POINT ( 'NONE', #1503 ) ;
#219 = FACE_OUTER_BOUND ( 'NONE', #1945, .T. ) ;
#220 = ORIENTED_EDGE ( 'NONE', *, *, #925, .T. ) ;
#221 = UNCERTAINTY_MEASURE_WITH_UNIT (LENGTH_MEASURE( 1.000000000000000082E-05 ), #459, 'distance_accuracy_value', 'NONE');
#222 = LINE ( 'NONE', #856, #2657 ) ;
#223 = CYLINDRICAL_SURFACE ( 'NONE', #295, 0.05949999999999998346 ) ;
#224 = FACE_OUTER_BOUND ( 'NONE', #2122, .T. ) ;
#225 = LINE ( 'NONE', #1912, #1341 ) ;
#226 = ORIENTED_EDGE ( 'NONE', *, *, #1119, .F. ) ;
#227 =( NAMED_UNIT ( * ) PLANE_ANGLE_UNIT ( ) SI_UNIT ( $, .RADIAN. ) );
#228 = EDGE_CURVE ( 'NONE', #431, #2629, #1455, .T. ) ;
#229 = DIRECTION ( 'NONE',  ( -1.000000000000000000, 6.625170853718500959E-16, -7.571623832821143953E-16 ) ) ;
#230 = ORIENTED_EDGE ( 'NONE', *, *, #440, .T. ) ;
#231 = CARTESIAN_POINT ( 'NONE',  ( -0.5460000000000048148, 0.01926097453439079565, 0.4499999999999999001 ) ) ;
#232 = PRODUCT_DEFINITION ( 'UNKNOWN', '', #2169, #2529 ) ;
#233 = ORIENTED_EDGE ( 'NONE', *, *, #1284, .F. ) ;
#234 = EDGE_CURVE ( 'NONE', #659, #5, #201, .T. ) ;
#235 = PRODUCT ( 'Torex LOGO', 'Torex LOGO', '', ( #593 ) ) ;
#236 = EDGE_CURVE ( 'NONE', #1798, #1785, #300, .T. ) ;
#237 = LINE ( 'NONE', #870, #426 ) ;
#238 = EDGE_LOOP ( 'NONE', ( #1574, #2337, #1495, #684 ) ) ;
#239 = CARTESIAN_POINT ( 'NONE',  ( 0.1108627356977698319, 0.002589844908668093026, 0.4514999999999996239 ) ) ;
#240 = DIRECTION ( 'NONE',  ( -9.620821797635464851E-16, -2.743416180782791127E-16, -1.000000000000000000 ) ) ;
#241 = PRESENTATION_LAYER_ASSIGNMENT (  '', '', ( #1642 ) ) ;
#242 = DIRECTION ( 'NONE',  ( 9.620821797635464851E-16, 2.743416180782791127E-16, 1.000000000000000000 ) ) ;
#243 = EDGE_LOOP ( 'NONE', ( #1101, #687, #1613, #410 ) ) ;
#244 = AXIS2_PLACEMENT_3D ( 'NONE', #851, #2527, #674 ) ;
#245 = DIRECTION ( 'NONE',  ( -0.6314215746233561299, -0.7754397430491691834, -8.202148386936827137E-16 ) ) ;
#246 = ADVANCED_FACE ( 'NONE', ( #2141 ), #1253, .F. ) ;
#247 = ORIENTED_EDGE ( 'NONE', *, *, #714, .T. ) ;
#248 = LINE ( 'NONE', #646, #108 ) ;
#249 = VERTEX_POINT ( 'NONE', #1680 ) ;
#250 = EDGE_CURVE ( 'NONE', #1048, #841, #260, .T. ) ;
#251 = UNCERTAINTY_MEASURE_WITH_UNIT (LENGTH_MEASURE( 1.000000000000000082E-05 ), #1537, 'distance_accuracy_value', 'NONE');
#252 =( NAMED_UNIT ( * ) SI_UNIT ( $, .STERADIAN. ) SOLID_ANGLE_UNIT ( ) );
#253 = DIRECTION ( 'NONE',  ( -9.620821797635464851E-16, -2.743416180782791127E-16, -1.000000000000000000 ) ) ;
#254 =( LENGTH_UNIT ( ) NAMED_UNIT ( * ) SI_UNIT ( .MILLI., .METRE. ) );
#255 = COLOUR_RGB ( '',1.000000000000000000, 1.000000000000000000, 1.000000000000000000 ) ;
#256 = DIRECTION ( 'NONE',  ( 9.620821797635464851E-16, 2.743416180782791127E-16, 1.000000000000000000 ) ) ;
#257 = ORIENTED_EDGE ( 'NONE', *, *, #999, .T. ) ;
#258 = DIRECTION ( 'NONE',  ( -9.620821797635464851E-16, -2.743416180782791127E-16, -1.000000000000000000 ) ) ;
#259 = FACE_OUTER_BOUND ( 'NONE', #91, .T. ) ;
#260 = LINE ( 'NONE', #644, #698 ) ;
#261 = ORIENTED_EDGE ( 'NONE', *, *, #2059, .T. ) ;
#262 = CARTESIAN_POINT ( 'NONE',  ( -0.2660849495320360969, 0.06019826265344502270, 0.4514999999999996239 ) ) ;
#263 = ORIENTED_EDGE ( 'NONE', *, *, #924, .T. ) ;
#264 = DIRECTION ( 'NONE',  ( -9.620821797635464851E-16, -2.743416180782791127E-16, -1.000000000000000000 ) ) ;
#265 = EDGE_CURVE ( 'NONE', #27, #2061, #2100, .T. ) ;
#266 = CONTEXT_DEPENDENT_SHAPE_REPRESENTATION ( #877, #1908 ) ;
#267 = EDGE_CURVE ( 'NONE', #84, #1377, #2233, .T. ) ;
#268 = CARTESIAN_POINT ( 'NONE',  ( -0.7400000000000045430, 0.1900000000000000577, 0.4100000000000006417 ) ) ;
#269 = VERTEX_POINT ( 'NONE', #1886 ) ;
#270 = DIRECTION ( 'NONE',  ( 0.000000000000000000, 0.000000000000000000, -1.000000000000000000 ) ) ;
#271 = PRODUCT_RELATED_PRODUCT_CATEGORY ( 'part', '', ( #1502 ) ) ;
#272 = ORIENTED_EDGE ( 'NONE', *, *, #2019, .F. ) ;
#273 = PLANE ( 'NONE',  #1544 ) ;
#274 = VERTEX_POINT ( 'NONE', #1516 ) ;
#275 = PRODUCT_DEFINITION_SHAPE ( 'NONE', 'NONE',  #232 ) ;
#276 = CARTESIAN_POINT ( 'NONE',  ( -0.7400000000000045430, 0.1900000000000000577, -0.4100000000000006417 ) ) ;
#277 = CARTESIAN_POINT ( 'NONE',  ( -0.01073435014067869453, 0.03994637228261349593, 0.4514999999999996239 ) ) ;
#278 = EDGE_LOOP ( 'NONE', ( #2557, #975, #1699, #1379 ) ) ;
#279 =( LENGTH_UNIT ( ) NAMED_UNIT ( * ) SI_UNIT ( .MILLI., .METRE. ) );
#280 = PRESENTATION_LAYER_ASSIGNMENT (  '', '', ( #1456 ) ) ;
#281 =( GEOMETRIC_REPRESENTATION_CONTEXT ( 3 ) GLOBAL_UNCERTAINTY_ASSIGNED_CONTEXT ( ( #605 ) ) GLOBAL_UNIT_ASSIGNED_CONTEXT ( ( #279, #1952, #916 ) ) REPRESENTATION_CONTEXT ( 'NONE', 'WORKASPACE' ) );
#282 = LINE ( 'NONE', #2005, #1043 ) ;
#283 = ORIENTED_EDGE ( 'NONE', *, *, #1939, .T. ) ;
#284 = CIRCLE ( 'NONE', #815, 0.03735652737394400819 ) ;
#285 =( GEOMETRIC_REPRESENTATION_CONTEXT ( 3 ) GLOBAL_UNCERTAINTY_ASSIGNED_CONTEXT ( ( #854 ) ) GLOBAL_UNIT_ASSIGNED_CONTEXT ( ( #2013, #553, #2450 ) ) REPRESENTATION_CONTEXT ( 'NONE', 'WORKASPACE' ) );
#286 = AXIS2_PLACEMENT_3D ( 'NONE', #158, #993, #2053 ) ;
#287 = FACE_OUTER_BOUND ( 'NONE', #1760, .T. ) ;
#288 = VERTEX_POINT ( 'NONE', #1237 ) ;
#289 = CARTESIAN_POINT ( 'NONE',  ( 0.1108627356977698319, 0.002589844908668093026, 0.4499999999999999001 ) ) ;
#290 = AXIS2_PLACEMENT_3D ( 'NONE', #2420, #534, #1366 ) ;
#291 = DIRECTION ( 'NONE',  ( 6.661338147750942201E-16, -1.000000000000000000, 2.743416180782784718E-16 ) ) ;
#292 = ORIENTED_EDGE ( 'NONE', *, *, #800, .T. ) ;
#293 = APPLICATION_CONTEXT ( 'automotive_design' ) ;
#294 = PLANE ( 'NONE',  #2519 ) ;
#295 = AXIS2_PLACEMENT_3D ( 'NONE', #2410, #138, #115 ) ;
#296 = CARTESIAN_POINT ( 'NONE',  ( -0.02916512199241383385, -0.8760000000000017772, 0.4499999999999999001 ) ) ;
#297 = VERTEX_POINT ( 'NONE', #1720 ) ;
#298 = CARTESIAN_POINT ( 'NONE',  ( 0.05232905809995913593, 0.03994637228261349593, 0.4514999999999996239 ) ) ;
#299 = ORIENTED_EDGE ( 'NONE', *, *, #1779, .T. ) ;
#300 = CIRCLE ( 'NONE', #875, 0.07159641025652596635 ) ;
#301 = VECTOR ( 'NONE', #2319, 1000.000000000000000 ) ;
#302 = LINE ( 'NONE', #2146, #2168 ) ;
#303 = DIRECTION ( 'NONE',  ( 0.000000000000000000, -1.000000000000000000, 0.000000000000000000 ) ) ;
#304 = DIRECTION ( 'NONE',  ( 0.6063807679596637801, -0.7951744237893020317, 3.652386929285054310E-16 ) ) ;
#305 = ORIENTED_EDGE ( 'NONE', *, *, #228, .F. ) ;
#306 =( NAMED_UNIT ( * ) SI_UNIT ( $, .STERADIAN. ) SOLID_ANGLE_UNIT ( ) );
#307 = VERTEX_POINT ( 'NONE', #1944 ) ;
#308 = ADVANCED_FACE ( 'NONE', ( #1702 ), #2554, .T. ) ;
#309 = CARTESIAN_POINT ( 'NONE',  ( -0.3274996306596028584, 0.06019826265344502270, 0.4499999999999999001 ) ) ;
#310 = ORIENTED_EDGE ( 'NONE', *, *, #380, .F. ) ;
#311 = EDGE_CURVE ( 'NONE', #1023, #933, #918, .T. ) ;
#312 =( NAMED_UNIT ( * ) SI_UNIT ( $, .STERADIAN. ) SOLID_ANGLE_UNIT ( ) );
#313 = PLANE ( 'NONE',  #2182 ) ;
#314 = ADVANCED_FACE ( 'NONE', ( #1564 ), #697, .F. ) ;
#315 = ORIENTED_EDGE ( 'NONE', *, *, #1080, .T. ) ;
#316 = CARTESIAN_POINT ( 'NONE',  ( -90.31660822658928112, 4.005871872032840564, 44.86188220381089309 ) ) ;
#317 = LINE ( 'NONE', #1147, #1932 ) ;
#318 = SURFACE_SIDE_STYLE ('',( #706 ) ) ;
#319 = FACE_OUTER_BOUND ( 'NONE', #945, .T. ) ;
#320 = CARTESIAN_POINT ( 'NONE',  ( -0.01423715191750662967, 0.07730289965655889883, 0.4514999999999996239 ) ) ;
#321 = ORIENTED_EDGE ( 'NONE', *, *, #2583, .T. ) ;
#322 = CARTESIAN_POINT ( 'NONE',  ( -0.01423715191750662967, 0.07730289965655889883, 0.4514999999999996239 ) ) ;
#323 = STYLED_ITEM ( 'NONE', ( #1274 ), #1281 ) ;
#324 = VERTEX_POINT ( 'NONE', #2153 ) ;
#325 = ADVANCED_FACE ( 'NONE', ( #1784 ), #1130, .T. ) ;
#326 = AXIS2_PLACEMENT_3D ( 'NONE', #1438, #826, #1669 ) ;
#327 = VECTOR ( 'NONE', #65, 1000.000000000000000 ) ;
#328 = DIRECTION ( 'NONE',  ( 1.000000000000000000, -6.661338147750935298E-16, 9.620821797635449073E-16 ) ) ;
#329 = AXIS2_PLACEMENT_3D ( 'NONE', #1786, #2428, #1169 ) ;
#330 = VERTEX_POINT ( 'NONE', #1336 ) ;
#331 = DIRECTION ( 'NONE',  ( 1.000000000000000000, -6.661338147750935298E-16, 9.620821797635449073E-16 ) ) ;
#332 = DIRECTION ( 'NONE',  ( 1.000000000000000000, -0.000000000000000000, 0.000000000000000000 ) ) ;
#333 = CARTESIAN_POINT ( 'NONE',  ( 0.7400000000000045430, 0.1700000000000000122, -0.4100000000000006417 ) ) ;
#334 = VECTOR ( 'NONE', #1974, 1000.000000000000000 ) ;
#335 = DIRECTION ( 'NONE',  ( 0.000000000000000000, -0.000000000000000000, 1.000000000000000000 ) ) ;
#336 = DIRECTION ( 'NONE',  ( 9.620821797635464851E-16, 2.743416180782791127E-16, 1.000000000000000000 ) ) ;
#337 = VERTEX_POINT ( 'NONE', #907 ) ;
#338 = CARTESIAN_POINT ( 'NONE',  ( 0.01112740015588031817, 0.03994637228261349593, 0.4514999999999996239 ) ) ;
#339 = VECTOR ( 'NONE', #1512, 1000.000000000000000 ) ;
#340 = CARTESIAN_POINT ( 'NONE',  ( 0.1108627356977698319, 0.06117286023095414027, 0.4499999999999999001 ) ) ;
#341 = CARTESIAN_POINT ( 'NONE',  ( 0.05232905809995913593, 0.03994637228261349593, 0.4514999999999996239 ) ) ;
#342 = ORIENTED_EDGE ( 'NONE', *, *, #2364, .F. ) ;
#343 = VECTOR ( 'NONE', #436, 1000.000000000000000 ) ;
#344 = EDGE_CURVE ( 'NONE', #1467, #1685, #2413, .T. ) ;
#345 = CARTESIAN_POINT ( 'NONE',  ( -0.01423715191750662967, 0.01926097453439079565, 0.4499999999999999001 ) ) ;
#346 = LINE ( 'NONE', #743, #1558 ) ;
#347 = DIRECTION ( 'NONE',  ( -9.620821797635464851E-16, -2.743416180782791127E-16, -1.000000000000000000 ) ) ;
#348 = EDGE_CURVE ( 'NONE', #1250, #1201, #282, .T. ) ;
#349 = ADVANCED_FACE ( 'NONE', ( #2178 ), #1980, .F. ) ;
#350 = CARTESIAN_POINT ( 'NONE',  ( 0.2622220151101278818, 0.008741898385816737616, 0.4499999999999999001 ) ) ;
#351 = MANIFOLD_SOLID_BREP ( 'Scale1[6]', #2453 ) ;
#352 = ORIENTED_EDGE ( 'NONE', *, *, #653, .T. ) ;
#353 = LINE ( 'NONE', #1182, #990 ) ;
#354 = CARTESIAN_POINT ( 'NONE',  ( -0.7400000000000045430, 0.1900000000000000577, 0.4100000000000006417 ) ) ;
#355 = DIRECTION ( 'NONE',  ( 0.6105261587350025998, -0.7919960918465964728, 3.700988482495668060E-16 ) ) ;
#356 = ORIENTED_EDGE ( 'NONE', *, *, #750, .T. ) ;
#357 = UNCERTAINTY_MEASURE_WITH_UNIT (LENGTH_MEASURE( 1.000000000000000082E-05 ), #254, 'distance_accuracy_value', 'NONE');
#358 = CARTESIAN_POINT ( 'NONE',  ( 0.2325455091965744625, -0.05741255515549076316, 0.4514999999999996239 ) ) ;
#359 = DIRECTION ( 'NONE',  ( 0.000000000000000000, 0.000000000000000000, 1.000000000000000000 ) ) ;
#360 = DIRECTION ( 'NONE',  ( 6.661338147750936284E-16, -1.000000000000000000, -2.743416180782785704E-16 ) ) ;
#361 = ADVANCED_FACE ( 'NONE', ( #119 ), #958, .F. ) ;
#362 =( NAMED_UNIT ( * ) SI_UNIT ( $, .STERADIAN. ) SOLID_ANGLE_UNIT ( ) );
#363 = CARTESIAN_POINT ( 'NONE',  ( -0.02916512199241383385, 0.05184322608207947436, 0.4514999999999996239 ) ) ;
#364 = CARTESIAN_POINT ( 'NONE',  ( -0.1836157024299127638, 0.01084447640902628553, 0.4514999999999995683 ) ) ;
#365 = ORIENTED_EDGE ( 'NONE', *, *, #2633, .F. ) ;
#366 = LINE ( 'NONE', #1381, #156 ) ;
#367 = LINE ( 'NONE', #749, #1029 ) ;
#368 = DIRECTION ( 'NONE',  ( 1.000000000000000000, -6.661338147750935298E-16, 9.620821797635449073E-16 ) ) ;
#369 = VERTEX_POINT ( 'NONE', #2163 ) ;
#370 = VECTOR ( 'NONE', #2222, 1000.000000000000000 ) ;
#371 = PLANE ( 'NONE',  #1194 ) ;
#372 = VECTOR ( 'NONE', #1885, 1000.000000000000114 ) ;
#373 = PLANE ( 'NONE',  #1475 ) ;
#374 = LINE ( 'NONE', #117, #1463 ) ;
#375 = FILL_AREA_STYLE_COLOUR ( '', #1616 ) ;
#376 = MANIFOLD_SOLID_BREP ( 'Split2[2]', #919 ) ;
#377 = ORIENTED_EDGE ( 'NONE', *, *, #1667, .F. ) ;
#378 = DIRECTION ( 'NONE',  ( 1.000000000000000000, -6.661338147750935298E-16, 9.620821797635449073E-16 ) ) ;
#379 = CARTESIAN_POINT ( 'NONE',  ( -0.5460000000000048148, -0.05876101966820895806, 0.4499999999999999001 ) ) ;
#380 = EDGE_CURVE ( 'NONE', #330, #1126, #1756, .T. ) ;
#381 = VECTOR ( 'NONE', #100, 1000.000000000000000 ) ;
#382 = DIRECTION ( 'NONE',  ( 1.000000000000000000, -6.661338147750941215E-16, -9.620821797635462879E-16 ) ) ;
#383 =( REPRESENTATION_RELATIONSHIP ('NONE','NONE', #46, #1167 ) REPRESENTATION_RELATIONSHIP_WITH_TRANSFORMATION ( #1137 )SHAPE_REPRESENTATION_RELATIONSHIP( ) );
#384 = ORIENTED_EDGE ( 'NONE', *, *, #2590, .T. ) ;
#385 = PRESENTATION_LAYER_ASSIGNMENT (  '', '', ( #733 ) ) ;
#386 = EDGE_CURVE ( 'NONE', #567, #530, #497, .T. ) ;
#387 = PLANE ( 'NONE',  #1999 ) ;
#388 = APPLICATION_PROTOCOL_DEFINITION ( 'draft international standard', 'automotive_design', 1998, #2602 ) ;
#389 = AXIS2_PLACEMENT_3D ( 'NONE', #1332, #2175, #2136 ) ;
#390 = DIRECTION ( 'NONE',  ( 1.000000000000000000, -6.661338147750941215E-16, -9.620821797635462879E-16 ) ) ;
#391 = ORIENTED_EDGE ( 'NONE', *, *, #1367, .F. ) ;
#392 = CYLINDRICAL_SURFACE ( 'NONE', #1434, 0.06000000000000004635 ) ;
#393 = FACE_OUTER_BOUND ( 'NONE', #2274, .T. ) ;
#394 = CARTESIAN_POINT ( 'NONE',  ( 0.1108627356977698319, 0.01926097453439079565, 0.4514999999999996239 ) ) ;
#395 = VERTEX_POINT ( 'NONE', #1545 ) ;
#396 = CARTESIAN_POINT ( 'NONE',  ( 0.09343594133574828486, 0.07730289965655889883, 0.4514999999999996239 ) ) ;
#397 = ADVANCED_FACE ( 'NONE', ( #878 ), #1767, .F. ) ;
#398 = LINE ( 'NONE', #2310, #946 ) ;
#399 = EDGE_LOOP ( 'NONE', ( #1385, #2510, #1158, #455, #948, #864, #1459, #142 ) ) ;
#400 = ADVANCED_FACE ( 'NONE', ( #1717 ), #2594, .F. ) ;
#401 = LINE ( 'NONE', #1204, #2603 ) ;
#402 =( NAMED_UNIT ( * ) PLANE_ANGLE_UNIT ( ) SI_UNIT ( $, .RADIAN. ) );
#403 = ORIENTED_EDGE ( 'NONE', *, *, #747, .T. ) ;
#404 = DIRECTION ( 'NONE',  ( -9.620821797635464851E-16, -2.743416180782791127E-16, -1.000000000000000000 ) ) ;
#405 = LINE ( 'NONE', #1234, #2191 ) ;
#406 = ORIENTED_EDGE ( 'NONE', *, *, #1195, .F. ) ;
#407 = DIRECTION ( 'NONE',  ( 0.6039477492579742313, -0.7970239119162154662, 3.623905374272243862E-16 ) ) ;
#408 = VERTEX_POINT ( 'NONE', #2395 ) ;
#409 = FACE_OUTER_BOUND ( 'NONE', #1339, .T. ) ;
#410 = ORIENTED_EDGE ( 'NONE', *, *, #110, .T. ) ;
#411 = EDGE_CURVE ( 'NONE', #645, #487, #54, .T. ) ;
#412 = DIRECTION ( 'NONE',  ( 0.7737042347356134497, -0.6335469652300284027, 5.705587570769351518E-16 ) ) ;
#413 = AXIS2_PLACEMENT_3D ( 'NONE', #2487, #2282, #1387 ) ;
#414 = COLOUR_RGB ( '',0.000000000000000000, 0.000000000000000000, 0.000000000000000000 ) ;
#415 = VECTOR ( 'NONE', #1955, 1000.000000000000000 ) ;
#416 = COLOUR_RGB ( '',0.000000000000000000, 0.000000000000000000, 0.000000000000000000 ) ;
#417 = CARTESIAN_POINT ( 'NONE',  ( 0.2325455091965744625, 0.07730289965655889883, 0.4514999999999996239 ) ) ;
#418 = VECTOR ( 'NONE', #2221, 1000.000000000000000 ) ;
#419 = DIRECTION ( 'NONE',  ( 9.620821797635464851E-16, 2.743416180782791127E-16, 1.000000000000000000 ) ) ;
#420 = DIRECTION ( 'NONE',  ( 1.000000000000000000, -6.661338147750935298E-16, 9.620821797635449073E-16 ) ) ;
#421 = VERTEX_POINT ( 'NONE', #1950 ) ;
#422 = LINE ( 'NONE', #1965, #327 ) ;
#423 = CARTESIAN_POINT ( 'NONE',  ( 0.2325455091965744625, -0.05741255515549076316, 0.4499999999999999001 ) ) ;
#424 = DIRECTION ( 'NONE',  ( -0.000000000000000000, -1.000000000000000000, -0.000000000000000000 ) ) ;
#425 = ORIENTED_EDGE ( 'NONE', *, *, #2590, .F. ) ;
#426 = VECTOR ( 'NONE', #2530, 1000.000000000000000 ) ;
#427 =( NAMED_UNIT ( * ) PLANE_ANGLE_UNIT ( ) SI_UNIT ( $, .RADIAN. ) );
#428 = AXIS2_PLACEMENT_3D ( 'NONE', #429, #817, #1661 ) ;
#429 = CARTESIAN_POINT ( 'NONE',  ( -0.1289216853355285020, 0.01084447640902624910, 0.4514999999999996239 ) ) ;
#430 = ADVANCED_FACE ( 'NONE', ( #2371 ), #1977, .F. ) ;
#431 = VERTEX_POINT ( 'NONE', #2161 ) ;
#432 = DIRECTION ( 'NONE',  ( 6.661338147750936284E-16, -1.000000000000000000, -2.743416180782785704E-16 ) ) ;
#433 = CARTESIAN_POINT ( 'NONE',  ( 0.01112740015588031817, 0.03994637228261349593, 0.4514999999999996239 ) ) ;
#434 = AXIS2_PLACEMENT_3D ( 'NONE', #277, #291, #1963 ) ;
#435 = DIRECTION ( 'NONE',  ( -0.000000000000000000, 0.000000000000000000, 1.000000000000000000 ) ) ;
#436 = DIRECTION ( 'NONE',  ( 1.000000000000000000, -6.661338147750935298E-16, 9.620821797635449073E-16 ) ) ;
#437 = CLOSED_SHELL ( 'NONE', ( #2262, #2385 ) ) ;
#438 = ORIENTED_EDGE ( 'NONE', *, *, #1465, .F. ) ;
#439 = EDGE_CURVE ( 'NONE', #2466, #1887, #2584, .T. ) ;
#440 = EDGE_CURVE ( 'NONE', #249, #766, #1727, .T. ) ;
#441 = LINE ( 'NONE', #14, #1398 ) ;
#442 = EDGE_CURVE ( 'NONE', #330, #2455, #2151, .T. ) ;
#443 = ORIENTED_EDGE ( 'NONE', *, *, #521, .F. ) ;
#444 = DIRECTION ( 'NONE',  ( -0.6335469652300292909, -0.7737042347356126726, -8.217835169624705457E-16 ) ) ;
#445 = ORIENTED_EDGE ( 'NONE', *, *, #889, .T. ) ;
#446 = PRODUCT_DEFINITION_CONTEXT ( 'detailed design', #293, 'design' ) ;
#447 = DIRECTION ( 'NONE',  ( -9.620821797635464851E-16, -2.743416180782791127E-16, -1.000000000000000000 ) ) ;
#448 = CARTESIAN_POINT ( 'NONE',  ( 0.001255226936378028846, 0.06117286023095414027, 0.4499999999999999001 ) ) ;
#449 = CARTESIAN_POINT ( 'NONE',  ( -0.01423715191750662967, -0.05973561724571807563, 0.4514999999999996239 ) ) ;
#450 = CARTESIAN_POINT ( 'NONE',  ( 0.3166618649260155571, -0.05864222277228436919, 0.4499999999999999001 ) ) ;
#451 = VERTEX_POINT ( 'NONE', #62 ) ;
#452 = LINE ( 'NONE', #1251, #1243 ) ;
#453 = EDGE_CURVE ( 'NONE', #337, #1450, #555, .T. ) ;
#454 = CARTESIAN_POINT ( 'NONE',  ( 0.04700299041171529524, -0.05973561724571807563, 0.4514999999999996239 ) ) ;
#455 = ORIENTED_EDGE ( 'NONE', *, *, #1667, .T. ) ;
#456 = CARTESIAN_POINT ( 'NONE',  ( 0.05232905809995913593, 0.03994637228261349593, 0.4499999999999999001 ) ) ;
#457 = ORIENTED_EDGE ( 'NONE', *, *, #2147, .T. ) ;
#458 = CYLINDRICAL_SURFACE ( 'NONE', #500, 0.07159641025652596635 ) ;
#459 =( LENGTH_UNIT ( ) NAMED_UNIT ( * ) SI_UNIT ( .MILLI., .METRE. ) );
#460 = FACE_OUTER_BOUND ( 'NONE', #1394, .T. ) ;
#461 = VECTOR ( 'NONE', #1690, 1000.000000000000000 ) ;
#462 = STYLED_ITEM ( 'NONE', ( #1943 ), #2226 ) ;
#463 = ORIENTED_EDGE ( 'NONE', *, *, #442, .F. ) ;
#464 = PRESENTATION_STYLE_ASSIGNMENT (( #1679 ) ) ;
#465 = VECTOR ( 'NONE', #778, 1000.000000000000000 ) ;
#466 = CARTESIAN_POINT ( 'NONE',  ( 0.2180927429108886484, 0.000000000000000000, 0.4514999999999996239 ) ) ;
#467 = CARTESIAN_POINT ( 'NONE',  ( -0.04690934708873051306, -0.8760000000000017772, 0.4499999999999999001 ) ) ;
#468 = ORIENTED_EDGE ( 'NONE', *, *, #1267, .F. ) ;
#469 = CARTESIAN_POINT ( 'NONE',  ( -0.2660849495320360969, -0.05973561724571807563, 0.4514999999999996239 ) ) ;
#470 = EDGE_CURVE ( 'NONE', #50, #205, #2625, .T. ) ;
#471 = VERTEX_POINT ( 'NONE', #2002 ) ;
#472 = CIRCLE ( 'NONE', #2612, 0.1000000000000000056 ) ;
#473 = CARTESIAN_POINT ( 'NONE',  ( 0.1108627356977698319, 0.01926097453439079565, 0.4499999999999999001 ) ) ;
#474 = VECTOR ( 'NONE', #432, 1000.000000000000000 ) ;
#475 = DIRECTION ( 'NONE',  ( -1.000000000000000000, 6.814173041061170850E-16, -9.911524423361702517E-16 ) ) ;
#476 = PRODUCT_CONTEXT ( 'NONE', #1547, 'mechanical' ) ;
#477 = DIRECTION ( 'NONE',  ( 0.000000000000000000, 1.000000000000000000, 0.000000000000000000 ) ) ;
#478 = DIRECTION ( 'NONE',  ( -1.000000000000000000, 6.661338147750935298E-16, -9.620821797635449073E-16 ) ) ;
#479 = ORIENTED_EDGE ( 'NONE', *, *, #1916, .T. ) ;
#480 = PRODUCT_DEFINITION_SHAPE ( 'NONE', 'NONE',  #1985 ) ;
#481 = FILL_AREA_STYLE ('',( #1579 ) ) ;
#482 = VERTEX_POINT ( 'NONE', #114 ) ;
#483 = DIRECTION ( 'NONE',  ( 0.6105261587350027108, -0.7919960918465963617, 3.700988482495668060E-16 ) ) ;
#484 = VERTEX_POINT ( 'NONE', #96 ) ;
#485 = LINE ( 'NONE', #900, #901 ) ;
#486 = DIRECTION ( 'NONE',  ( 0.000000000000000000, 1.224646799147364054E-16, -1.000000000000000000 ) ) ;
#487 = VERTEX_POINT ( 'NONE', #769 ) ;
#488 = DIRECTION ( 'NONE',  ( -9.620821797635464851E-16, -2.743416180782791127E-16, -1.000000000000000000 ) ) ;
#489 = DIRECTION ( 'NONE',  ( 0.7970239119162154662, 0.6039477492579743423, 9.324905052661882936E-16 ) ) ;
#490 = VERTEX_POINT ( 'NONE', #2611 ) ;
#491 = CARTESIAN_POINT ( 'NONE',  ( -0.01423715191750662967, -0.8760000000000017772, 0.4499999999999999001 ) ) ;
#492 = ORIENTED_EDGE ( 'NONE', *, *, #1619, .F. ) ;
#493 = CARTESIAN_POINT ( 'NONE',  ( -0.1881617656168538266, 0.06019826265344502270, 0.4514999999999996239 ) ) ;
#494 = DIRECTION ( 'NONE',  ( 0.000000000000000000, 0.000000000000000000, -1.000000000000000000 ) ) ;
#495 = APPLICATION_PROTOCOL_DEFINITION ( 'draft international standard', 'automotive_design', 1998, #1605 ) ;
#496 = EDGE_CURVE ( 'NONE', #1142, #16, #537, .T. ) ;
#497 = LINE ( 'NONE', #928, #1612 ) ;
#498 = EDGE_LOOP ( 'NONE', ( #1092, #1028, #896, #1412 ) ) ;
#499 = FACE_OUTER_BOUND ( 'NONE', #1088, .T. ) ;
#500 = AXIS2_PLACEMENT_3D ( 'NONE', #888, #447, #2107 ) ;
#501 = AXIS2_PLACEMENT_3D ( 'NONE', #1610, #2028, #2242 ) ;
#502 = ORIENTED_EDGE ( 'NONE', *, *, #1920, .T. ) ;
#503 = VECTOR ( 'NONE', #2206, 1000.000000000000000 ) ;
#504 = VECTOR ( 'NONE', #1010, 1000.000000000000000 ) ;
#505 = CARTESIAN_POINT ( 'NONE',  ( 0.5349999999999938138, -0.8599999999999996536, 0.4499999999999999001 ) ) ;
#506 = VERTEX_POINT ( 'NONE', #731 ) ;
#507 = CIRCLE ( 'NONE', #1741, 0.07159641025652596635 ) ;
#508 =( LENGTH_UNIT ( ) NAMED_UNIT ( * ) SI_UNIT ( .MILLI., .METRE. ) );
#509 = LINE ( 'NONE', #276, #1876 ) ;
#510 = MECHANICAL_DESIGN_GEOMETRIC_PRESENTATION_REPRESENTATION (  '', ( #1931 ), #1160 ) ;
#511 = ADVANCED_FACE ( 'NONE', ( #955 ), #1793, .F. ) ;
#512 = CARTESIAN_POINT ( 'NONE',  ( -0.01423715191750662967, 0.01926097453439079565, 0.4514999999999996239 ) ) ;
#513 = ORIENTED_EDGE ( 'NONE', *, *, #1692, .T. ) ;
#514 = PRESENTATION_STYLE_ASSIGNMENT (( #1758 ) ) ;
#515 = PRESENTATION_LAYER_ASSIGNMENT (  '', '', ( #2620 ) ) ;
#516 = EDGE_CURVE ( 'NONE', #567, #933, #346, .T. ) ;
#517 = ORIENTED_EDGE ( 'NONE', *, *, #1550, .F. ) ;
#518 = DIRECTION ( 'NONE',  ( 9.620821797635464851E-16, 2.743416180782791127E-16, 1.000000000000000000 ) ) ;
#519 = ORIENTED_EDGE ( 'NONE', *, *, #163, .T. ) ;
#520 = AXIS2_PLACEMENT_3D ( 'NONE', #1941, #2360, #891 ) ;
#521 = EDGE_CURVE ( 'NONE', #672, #1146, #1372, .T. ) ;
#522 = SURFACE_STYLE_USAGE ( .BOTH. , #1103 ) ;
#523 = DIRECTION ( 'NONE',  ( -1.000000000000000000, 6.661338147750935298E-16, -9.620821797635449073E-16 ) ) ;
#524 = ORIENTED_EDGE ( 'NONE', *, *, #1437, .T. ) ;
#525 = DIRECTION ( 'NONE',  ( -9.620821797635464851E-16, -2.743416180782791127E-16, -1.000000000000000000 ) ) ;
#526 = PLANE ( 'NONE',  #1882 ) ;
#527 = SPHERICAL_SURFACE ( 'NONE', #547, 0.1000000000000000056 ) ;
#528 = EDGE_CURVE ( 'NONE', #324, #2330, #1561, .T. ) ;
#529 = DIRECTION ( 'NONE',  ( 1.000000000000000000, -6.661338147750935298E-16, 9.620821797635449073E-16 ) ) ;
#530 = VERTEX_POINT ( 'NONE', #1781 ) ;
#531 = CARTESIAN_POINT ( 'NONE',  ( 0.01112740015588031817, 0.03994637228261349593, 0.4514999999999996239 ) ) ;
#532 = ORIENTED_EDGE ( 'NONE', *, *, #2418, .F. ) ;
#533 = FACE_OUTER_BOUND ( 'NONE', #174, .T. ) ;
#534 = DIRECTION ( 'NONE',  ( 0.000000000000000000, 1.000000000000000000, 0.000000000000000000 ) ) ;
#535 = EDGE_LOOP ( 'NONE', ( #584, #2029, #971, #1059, #1662, #1051, #2645, #2088, #781, #1099, #1285, #519 ) ) ;
#536 = DIRECTION ( 'NONE',  ( 0.000000000000000000, 0.000000000000000000, 1.000000000000000000 ) ) ;
#537 = LINE ( 'NONE', #2638, #913 ) ;
#538 = CARTESIAN_POINT ( 'NONE',  ( 0.05016469536779644134, 0.01926097453439079565, 0.4514999999999996239 ) ) ;
#539 = DIRECTION ( 'NONE',  ( -9.620821797635464851E-16, -2.743416180782791127E-16, -1.000000000000000000 ) ) ;
#540 = CARTESIAN_POINT ( 'NONE',  ( 0.2180927429108886484, 0.002589844908668093026, 0.4514999999999996239 ) ) ;
#541 = EDGE_LOOP ( 'NONE', ( #2205, #675, #1306, #1864 ) ) ;
#542 = CARTESIAN_POINT ( 'NONE',  ( 0.1108627356977698319, 0.01926097453439079565, 0.4514999999999996239 ) ) ;
#543 = CARTESIAN_POINT ( 'NONE',  ( 0.1108627356977698319, 0.000000000000000000, 0.4514999999999996239 ) ) ;
#544 = PRESENTATION_LAYER_ASSIGNMENT (  '', '', ( #323 ) ) ;
#545 = VECTOR ( 'NONE', #1446, 1000.000000000000000 ) ;
#546 = VECTOR ( 'NONE', #177, 1000.000000000000000 ) ;
#547 = AXIS2_PLACEMENT_3D ( 'NONE', #2586, #270, #81 ) ;
#548 = DIRECTION ( 'NONE',  ( -0.6039477492579743423, 0.7970239119162152441, -3.623905374272245834E-16 ) ) ;
#549 = AXIS2_PLACEMENT_3D ( 'NONE', #1210, #1628, #1013 ) ;
#550 = ORIENTED_EDGE ( 'NONE', *, *, #804, .T. ) ;
#551 = EDGE_CURVE ( 'NONE', #1134, #269, #1806, .T. ) ;
#552 = FACE_OUTER_BOUND ( 'NONE', #1001, .T. ) ;
#553 =( NAMED_UNIT ( * ) PLANE_ANGLE_UNIT ( ) SI_UNIT ( $, .RADIAN. ) );
#554 = CARTESIAN_POINT ( 'NONE',  ( 0.2218045508528831977, 0.06117286023095414027, 0.4514999999999996239 ) ) ;
#555 = LINE ( 'NONE', #137, #869 ) ;
#556 = CARTESIAN_POINT ( 'NONE',  ( -0.02916512199241383385, -0.05973561724571807563, 0.4514999999999996239 ) ) ;
#557 = AXIS2_PLACEMENT_3D ( 'NONE', #2159, #494, #2173 ) ;
#558 = DIRECTION ( 'NONE',  ( 1.000000000000000000, -6.661338147750935298E-16, 9.620821797635449073E-16 ) ) ;
#559 = CIRCLE ( 'NONE', #1207, 0.06000000000000004635 ) ;
#560 = FACE_OUTER_BOUND ( 'NONE', #2580, .T. ) ;
#561 = ORIENTED_EDGE ( 'NONE', *, *, #2583, .F. ) ;
#562 = DIRECTION ( 'NONE',  ( -0.000000000000000000, -0.000000000000000000, 1.000000000000000000 ) ) ;
#563 = VECTOR ( 'NONE', #419, 1000.000000000000000 ) ;
#564 = CARTESIAN_POINT ( 'NONE',  ( -0.5399999999999988143, 0.1700000000000000122, 0.2600000000000032840 ) ) ;
#565 = LINE ( 'NONE', #1016, #1739 ) ;
#566 = VECTOR ( 'NONE', #2308, 1000.000000000000000 ) ;
#567 = VERTEX_POINT ( 'NONE', #1575 ) ;
#568 = AXIS2_PLACEMENT_3D ( 'NONE', #2425, #141, #1611 ) ;
#569 = FILL_AREA_STYLE ('',( #2064 ) ) ;
#570 =( NAMED_UNIT ( * ) SI_UNIT ( $, .STERADIAN. ) SOLID_ANGLE_UNIT ( ) );
#571 = DIRECTION ( 'NONE',  ( -9.620821797635464851E-16, -2.743416180782791127E-16, -1.000000000000000000 ) ) ;
#572 = LINE ( 'NONE', #1178, #1683 ) ;
#573 = DIRECTION ( 'NONE',  ( 9.620821797635447101E-16, -2.743416180782804439E-16, -1.000000000000000000 ) ) ;
#574 = PLANE ( 'NONE',  #2045 ) ;
#575 = FACE_OUTER_BOUND ( 'NONE', #1900, .T. ) ;
#576 = PLANE ( 'NONE',  #634 ) ;
#577 = APPLICATION_CONTEXT ( 'automotive_design' ) ;
#578 = ORIENTED_EDGE ( 'NONE', *, *, #2292, .F. ) ;
#579 = CARTESIAN_POINT ( 'NONE',  ( 0.04135265277807609330, 0.002589844908668093026, 0.4514999999999996239 ) ) ;
#580 = CARTESIAN_POINT ( 'NONE',  ( 0.09343594133574828486, 0.07730289965655889883, 0.4499999999999999001 ) ) ;
#581 = CARTESIAN_POINT ( 'NONE',  ( -0.1881617656168538266, 0.07578415359782431082, 0.4514999999999996239 ) ) ;
#582 = EDGE_CURVE ( 'NONE', #1828, #1368, #978, .T. ) ;
#583 = DIRECTION ( 'NONE',  ( -1.000000000000000000, 6.661338147750935298E-16, -9.620821797635449073E-16 ) ) ;
#584 = ORIENTED_EDGE ( 'NONE', *, *, #1557, .T. ) ;
#585 = CARTESIAN_POINT ( 'NONE',  ( -0.5460000000000048148, 0.07632830207904284237, 0.4499999999999999001 ) ) ;
#586 = DIRECTION ( 'NONE',  ( 9.620821797635464851E-16, 2.743416180782791127E-16, 1.000000000000000000 ) ) ;
#587 = ADVANCED_FACE ( 'NONE', ( #755 ), #2216, .F. ) ;
#588 = DIRECTION ( 'NONE',  ( -0.000000000000000000, 0.000000000000000000, 1.000000000000000000 ) ) ;
#589 = ORIENTED_EDGE ( 'NONE', *, *, #1697, .T. ) ;
#590 = VECTOR ( 'NONE', #2683, 1000.000000000000000 ) ;
#591 = AXIS2_PLACEMENT_3D ( 'NONE', #1396, #1596, #144 ) ;
#592 = CARTESIAN_POINT ( 'NONE',  ( 0.000000000000000000, 0.000000000000000000, 0.4514999999999996239 ) ) ;
#593 = PRODUCT_CONTEXT ( 'NONE', #2545, 'mechanical' ) ;
#594 = CARTESIAN_POINT ( 'NONE',  ( 0.05232905809995913593, 0.06117286023095414027, 0.4514999999999996239 ) ) ;
#595 = ORIENTED_EDGE ( 'NONE', *, *, #747, .F. ) ;
#596 = FACE_BOUND ( 'NONE', #2606, .T. ) ;
#597 = ADVANCED_FACE ( 'NONE', ( #2192 ), #1176, .T. ) ;
#598 = CARTESIAN_POINT ( 'NONE',  ( 0.2325455091965744625, 0.07730289965655889883, 0.4499999999999999001 ) ) ;
#599 = EDGE_LOOP ( 'NONE', ( #1435, #1998, #2528, #2154 ) ) ;
#600 = DIRECTION ( 'NONE',  ( 0.6063807679596650013, -0.7951744237893010325, 3.652386929285067129E-16 ) ) ;
#601 = EDGE_CURVE ( 'NONE', #2455, #471, #317, .T. ) ;
#602 = CARTESIAN_POINT ( 'NONE',  ( 0.000000000000000000, 0.1700000000000000122, 0.000000000000000000 ) ) ;
#603 = ORIENTED_EDGE ( 'NONE', *, *, #146, .T. ) ;
#604 = EDGE_CURVE ( 'NONE', #216, #5, #1649, .T. ) ;
#605 = UNCERTAINTY_MEASURE_WITH_UNIT (LENGTH_MEASURE( 1.000000000000000082E-05 ), #279, 'distance_accuracy_value', 'NONE');
#606 = DIRECTION ( 'NONE',  ( -6.661338147750942201E-16, 1.000000000000000000, -2.743416180782784718E-16 ) ) ;
#607 = STYLED_ITEM ( 'NONE', ( #1759 ), #376 ) ;
#608 =( LENGTH_UNIT ( ) NAMED_UNIT ( * ) SI_UNIT ( .MILLI., .METRE. ) );
#609 = VERTEX_POINT ( 'NONE', #594 ) ;
#610 = CARTESIAN_POINT ( 'NONE',  ( 0.1108627356977698319, -0.04089420743941252212, 0.4514999999999996239 ) ) ;
#611 = CARTESIAN_POINT ( 'NONE',  ( -0.1289216853355285020, 0.01084447640902624910, 0.4514999999999996239 ) ) ;
#612 = CARTESIAN_POINT ( 'NONE',  ( 0.2218045508528831977, -0.04089420743941252212, 0.4514999999999996239 ) ) ;
#613 = ORIENTED_EDGE ( 'NONE', *, *, #1557, .F. ) ;
#614 = LINE ( 'NONE', #1914, #724 ) ;
#615 = ADVANCED_FACE ( 'NONE', ( #1466 ), #1878, .F. ) ;
#616 = CARTESIAN_POINT ( 'NONE',  ( -0.04690934708873051306, 0.07100698918611342281, 0.4514999999999996239 ) ) ;
#617 = ORIENTED_EDGE ( 'NONE', *, *, #1713, .T. ) ;
#618 = EDGE_LOOP ( 'NONE', ( #1743, #1856, #1337, #695 ) ) ;
#619 = DIRECTION ( 'NONE',  ( -9.620821797635464851E-16, -2.743416180782791127E-16, -1.000000000000000000 ) ) ;
#620 = CYLINDRICAL_SURFACE ( 'NONE', #2008, 0.05469401709438427572 ) ;
#621 = DIRECTION ( 'NONE',  ( -0.6126828151523471266, 0.7903288986346095335, -3.726311094399921792E-16 ) ) ;
#622 = ORIENTED_EDGE ( 'NONE', *, *, #2102, .F. ) ;
#623 =( NAMED_UNIT ( * ) SI_UNIT ( $, .STERADIAN. ) SOLID_ANGLE_UNIT ( ) );
#624 = EDGE_LOOP ( 'NONE', ( #2375, #1919, #2311, #884 ) ) ;
#625 = CARTESIAN_POINT ( 'NONE',  ( -0.2660849495320360969, 0.06019826265344502270, 0.4514999999999996239 ) ) ;
#626 = EDGE_LOOP ( 'NONE', ( #622, #1506, #1735, #1954 ) ) ;
#627 = ADVANCED_FACE ( 'NONE', ( #2041 ), #2692, .T. ) ;
#628 = UNCERTAINTY_MEASURE_WITH_UNIT (LENGTH_MEASURE( 1.000000000000000082E-05 ), #2027, 'distance_accuracy_value', 'NONE');
#629 =( LENGTH_UNIT ( ) NAMED_UNIT ( * ) SI_UNIT ( .MILLI., .METRE. ) );
#630 = AXIS2_PLACEMENT_3D ( 'NONE', #579, #1834, #1413 ) ;
#631 = VECTOR ( 'NONE', #488, 1000.000000000000000 ) ;
#632 = ADVANCED_FACE ( 'NONE', ( #1219 ), #223, .T. ) ;
#633 = ADVANCED_FACE ( 'NONE', ( #2681 ), #373, .F. ) ;
#634 = AXIS2_PLACEMENT_3D ( 'NONE', #2248, #382, #2033 ) ;
#635 = DIRECTION ( 'NONE',  ( 0.000000000000000000, 0.000000000000000000, 1.000000000000000000 ) ) ;
#636 = VERTEX_POINT ( 'NONE', #2437 ) ;
#637 = CIRCLE ( 'NONE', #2170, 0.05469401709438427572 ) ;
#638 = CARTESIAN_POINT ( 'NONE',  ( 0.1108627356977698319, 0.002589844908668093026, 0.4514999999999996239 ) ) ;
#639 = VECTOR ( 'NONE', #1897, 1000.000000000000000 ) ;
#640 = EDGE_CURVE ( 'NONE', #1540, #2211, #2202, .T. ) ;
#641 = PLANE ( 'NONE',  #2051 ) ;
#642 = LINE ( 'NONE', #1883, #343 ) ;
#643 = EDGE_LOOP ( 'NONE', ( #1223, #603, #2297, #2589 ) ) ;
#644 = CARTESIAN_POINT ( 'NONE',  ( 0.2218045508528831977, -0.04089420743941252212, 0.4514999999999996239 ) ) ;
#645 = VERTEX_POINT ( 'NONE', #956 ) ;
#646 = CARTESIAN_POINT ( 'NONE',  ( -0.7400000000000045430, 0.1900000000000000577, -0.4100000000000006417 ) ) ;
#647 = ORIENTED_EDGE ( 'NONE', *, *, #1521, .F. ) ;
#648 = VECTOR ( 'NONE', #1819, 1000.000000000000000 ) ;
#649 = DIRECTION ( 'NONE',  ( 1.000000000000000000, -0.000000000000000000, 0.000000000000000000 ) ) ;
#650 = EDGE_CURVE ( 'NONE', #933, #431, #1794, .T. ) ;
#651 =( GEOMETRIC_REPRESENTATION_CONTEXT ( 3 ) GLOBAL_UNCERTAINTY_ASSIGNED_CONTEXT ( ( #2448 ) ) GLOBAL_UNIT_ASSIGNED_CONTEXT ( ( #2489, #1449, #128 ) ) REPRESENTATION_CONTEXT ( 'NONE', 'WORKASPACE' ) );
#652 = PLANE ( 'NONE',  #1079 ) ;
#653 = EDGE_CURVE ( 'NONE', #1368, #2309, #1609, .T. ) ;
#654 = ORIENTED_EDGE ( 'NONE', *, *, #640, .F. ) ;
#655 = CARTESIAN_POINT ( 'NONE',  ( -0.1289216853355285020, 0.01084447640902624910, 0.4514999999999996239 ) ) ;
#656 =( GEOMETRIC_REPRESENTATION_CONTEXT ( 3 ) GLOBAL_UNCERTAINTY_ASSIGNED_CONTEXT ( ( #251 ) ) GLOBAL_UNIT_ASSIGNED_CONTEXT ( ( #1537, #1500, #2550 ) ) REPRESENTATION_CONTEXT ( 'NONE', 'WORKASPACE' ) );
#657 = CARTESIAN_POINT ( 'NONE',  ( 0.3355584169474901124, -0.05864222277228436919, 0.4514999999999996239 ) ) ;
#658 = AXIS2_PLACEMENT_3D ( 'NONE', #2454, #790, #1022 ) ;
#659 = VERTEX_POINT ( 'NONE', #580 ) ;
#660 = DIRECTION ( 'NONE',  ( -0.6335469652300279586, -0.7737042347356137828, -8.217835169624693624E-16 ) ) ;
#661 = DIRECTION ( 'NONE',  ( -9.620821797635464851E-16, -2.743416180782791127E-16, -1.000000000000000000 ) ) ;
#662 = ORIENTED_EDGE ( 'NONE', *, *, #2447, .F. ) ;
#663 = DIRECTION ( 'NONE',  ( -9.620821797635464851E-16, -2.743416180782791127E-16, -1.000000000000000000 ) ) ;
#664 = ORIENTED_EDGE ( 'NONE', *, *, #711, .F. ) ;
#665 = CARTESIAN_POINT ( 'NONE',  ( 0.04700299041171529524, -0.05973561724571807563, 0.4499999999999999001 ) ) ;
#666 = CARTESIAN_POINT ( 'NONE',  ( 0.7400000000000045430, 0.1700000000000000122, -0.4100000000000006417 ) ) ;
#667 = CARTESIAN_POINT ( 'NONE',  ( 0.3166618649260155571, 0.07632830207904284237, 0.4514999999999996239 ) ) ;
#668 = FILL_AREA_STYLE_COLOUR ( '', #780 ) ;
#669 = ADVANCED_FACE ( 'NONE', ( #2650 ), #526, .F. ) ;
#670 = VERTEX_POINT ( 'NONE', #1205 ) ;
#671 = FILL_AREA_STYLE_COLOUR ( '', #74 ) ;
#672 = VERTEX_POINT ( 'NONE', #1822 ) ;
#673 = EDGE_CURVE ( 'NONE', #797, #1012, #756, .T. ) ;
#674 = DIRECTION ( 'NONE',  ( -0.6063807679596637801, 0.7951744237893019207, -3.652386929285052831E-16 ) ) ;
#675 = ORIENTED_EDGE ( 'NONE', *, *, #2447, .T. ) ;
#676 = SURFACE_STYLE_USAGE ( .BOTH. , #828 ) ;
#677 = DIRECTION ( 'NONE',  ( 9.620821797635464851E-16, 2.743416180782791127E-16, 1.000000000000000000 ) ) ;
#678 = MECHANICAL_DESIGN_GEOMETRIC_PRESENTATION_REPRESENTATION (  '', ( #323 ), #2565 ) ;
#679 = CARTESIAN_POINT ( 'NONE',  ( -0.5399999999999988143, 0.1900000000000000577, 0.2600000000000032840 ) ) ;
#680 = VECTOR ( 'NONE', #691, 1000.000000000000000 ) ;
#681 = PRODUCT_DEFINITION_FORMATION_WITH_SPECIFIED_SOURCE ( 'ANY', '', #1502, .NOT_KNOWN. ) ;
#682 = VECTOR ( 'NONE', #99, 1000.000000000000000 ) ;
#683 = PRESENTATION_STYLE_ASSIGNMENT (( #1742 ) ) ;
#684 = ORIENTED_EDGE ( 'NONE', *, *, #1916, .F. ) ;
#685 = VECTOR ( 'NONE', #1322, 1000.000000000000000 ) ;
#686 = CARTESIAN_POINT ( 'NONE',  ( -0.1289216853355285020, 0.01084447640902624910, 0.4514999999999996239 ) ) ;
#687 = ORIENTED_EDGE ( 'NONE', *, *, #38, .F. ) ;
#688 = DIRECTION ( 'NONE',  ( -9.620821797635447101E-16, 2.743416180782804439E-16, 1.000000000000000000 ) ) ;
#689 = ORIENTED_EDGE ( 'NONE', *, *, #1159, .F. ) ;
#690 = VECTOR ( 'NONE', #1542, 1000.000000000000000 ) ;
#691 = DIRECTION ( 'NONE',  ( -1.000000000000000000, 6.661338147750935298E-16, -9.620821797635449073E-16 ) ) ;
#692 = EDGE_CURVE ( 'NONE', #1978, #2699, #824, .T. ) ;
#693 = PRESENTATION_LAYER_ASSIGNMENT (  '', '', ( #1931 ) ) ;
#694 = SURFACE_STYLE_FILL_AREA ( #1125 ) ;
#695 = ORIENTED_EDGE ( 'NONE', *, *, #2578, .F. ) ;
#696 = CARTESIAN_POINT ( 'NONE',  ( -0.5399999999999988143, 0.1700000000000000122, 0.2600000000000032840 ) ) ;
#697 = PLANE ( 'NONE',  #1304 ) ;
#698 = VECTOR ( 'NONE', #1091, 1000.000000000000000 ) ;
#699 = ORIENTED_EDGE ( 'NONE', *, *, #250, .F. ) ;
#700 = LINE ( 'NONE', #1529, #1780 ) ;
#701 = ORIENTED_EDGE ( 'NONE', *, *, #650, .T. ) ;
#702 = CARTESIAN_POINT ( 'NONE',  ( -0.5399999999999988143, 0.1900000000000000577, 0.3200000000000033373 ) ) ;
#703 = ITEM_DEFINED_TRANSFORMATION ( 'NONE', 'NONE', #71,  #1471 ) ;
#704 = CARTESIAN_POINT ( 'NONE',  ( -0.7400000000000045430, 0.1700000000000000122, -0.4100000000000006417 ) ) ;
#705 = ORIENTED_EDGE ( 'NONE', *, *, #470, .F. ) ;
#706 = SURFACE_STYLE_FILL_AREA ( #1140 ) ;
#707 = ORIENTED_EDGE ( 'NONE', *, *, #2295, .T. ) ;
#708 = LINE ( 'NONE', #491, #415 ) ;
#709 = VERTEX_POINT ( 'NONE', #333 ) ;
#710 = SURFACE_SIDE_STYLE ('',( #1774 ) ) ;
#711 = EDGE_CURVE ( 'NONE', #274, #490, #2670, .T. ) ;
#712 = CARTESIAN_POINT ( 'NONE',  ( 0.09343594133574828486, 0.07730289965655889883, 0.4514999999999996239 ) ) ;
#713 = EDGE_CURVE ( 'NONE', #2166, #190, #2253, .T. ) ;
#714 = EDGE_CURVE ( 'NONE', #2126, #218, #1008, .T. ) ;
#715 = DIRECTION ( 'NONE',  ( -0.000000000000000000, -1.000000000000000000, -0.000000000000000000 ) ) ;
#716 = ORIENTED_EDGE ( 'NONE', *, *, #34, .T. ) ;
#717 = ADVANCED_FACE ( 'NONE', ( #210 ), #1056, .F. ) ;
#718 = COLOUR_RGB ( '',0.2980392156862745057, 0.2980392156862745057, 0.2980392156862745057 ) ;
#719 = PRESENTATION_STYLE_ASSIGNMENT (( #1348 ) ) ;
#720 = VERTEX_POINT ( 'NONE', #2123 ) ;
#721 = AXIS2_PLACEMENT_3D ( 'NONE', #602, #885, #1255 ) ;
#722 = FACE_BOUND ( 'NONE', #1053, .T. ) ;
#723 = ORIENTED_EDGE ( 'NONE', *, *, #1713, .F. ) ;
#724 = VECTOR ( 'NONE', #258, 1000.000000000000000 ) ;
#725 = FACE_OUTER_BOUND ( 'NONE', #498, .T. ) ;
#726 = FACE_OUTER_BOUND ( 'NONE', #879, .T. ) ;
#727 = ORIENTED_EDGE ( 'NONE', *, *, #1229, .T. ) ;
#728 =( REPRESENTATION_RELATIONSHIP ('NONE','NONE', #46, #1167 ) REPRESENTATION_RELATIONSHIP_WITH_TRANSFORMATION ( #1303 )SHAPE_REPRESENTATION_RELATIONSHIP( ) );
#729 = EDGE_CURVE ( 'NONE', #530, #1023, #1451, .T. ) ;
#730 = VECTOR ( 'NONE', #2317, 1000.000000000000000 ) ;
#731 = CARTESIAN_POINT ( 'NONE',  ( 0.02690158377756379782, 0.01926097453439079565, 0.4499999999999999001 ) ) ;
#732 = FILL_AREA_STYLE_COLOUR ( '', #2568 ) ;
#733 = STYLED_ITEM ( 'NONE', ( #1230 ), #615 ) ;
#734 = DIRECTION ( 'NONE',  ( 6.661338147750942201E-16, -1.000000000000000000, 2.743416180782784718E-16 ) ) ;
#735 = DIRECTION ( 'NONE',  ( -0.7754397430491691834, 0.6314215746233561299, -5.728115417963215295E-16 ) ) ;
#736 = ORIENTED_EDGE ( 'NONE', *, *, #921, .T. ) ;
#737 = LINE ( 'NONE', #340, #2255 ) ;
#738 = ORIENTED_EDGE ( 'NONE', *, *, #1164, .F. ) ;
#739 =( GEOMETRIC_REPRESENTATION_CONTEXT ( 3 ) GLOBAL_UNCERTAINTY_ASSIGNED_CONTEXT ( ( #1671 ) ) GLOBAL_UNIT_ASSIGNED_CONTEXT ( ( #2566, #1050, #1280 ) ) REPRESENTATION_CONTEXT ( 'NONE', 'WORKASPACE' ) );
#740 = VECTOR ( 'NONE', #1895, 1000.000000000000000 ) ;
#741 = CARTESIAN_POINT ( 'NONE',  ( -0.02916512199241383385, -0.05973561724571807563, 0.4499999999999999001 ) ) ;
#742 = ORIENTED_EDGE ( 'NONE', *, *, #902, .T. ) ;
#743 = CARTESIAN_POINT ( 'NONE',  ( -0.02916512199241383385, -0.05973561724571807563, 0.4514999999999996239 ) ) ;
#744 = FILL_AREA_STYLE ('',( #1807 ) ) ;
#745 = PLANE ( 'NONE',  #2607 ) ;
#746 = PLANE ( 'NONE',  #1586 ) ;
#747 = EDGE_CURVE ( 'NONE', #2365, #2119, #2298, .T. ) ;
#748 = ORIENTED_EDGE ( 'NONE', *, *, #2179, .F. ) ;
#749 = CARTESIAN_POINT ( 'NONE',  ( -0.04690934708873051306, -0.05973561724571807563, 0.4514999999999996239 ) ) ;
#750 = EDGE_CURVE ( 'NONE', #1293, #1065, #1044, .T. ) ;
#751 = CARTESIAN_POINT ( 'NONE',  ( -0.3274996306596028584, 0.07578415359782431082, 0.4514999999999996239 ) ) ;
#752 = VERTEX_POINT ( 'NONE', #2516 ) ;
#753 = PLANE ( 'NONE',  #814 ) ;
#754 = DIRECTION ( 'NONE',  ( 9.620821797635464851E-16, 2.743416180782791127E-16, 1.000000000000000000 ) ) ;
#755 = FACE_OUTER_BOUND ( 'NONE', #1947, .T. ) ;
#756 = LINE ( 'NONE', #538, #207 ) ;
#757 = LINE ( 'NONE', #1391, #1426 ) ;
#758 = ORIENTED_EDGE ( 'NONE', *, *, #1279, .T. ) ;
#759 = DIRECTION ( 'NONE',  ( 0.000000000000000000, 0.000000000000000000, -1.000000000000000000 ) ) ;
#760 = DIRECTION ( 'NONE',  ( -0.000000000000000000, 1.000000000000000000, -0.000000000000000000 ) ) ;
#761 = AXIS2_PLACEMENT_3D ( 'NONE', #59, #688, #1553 ) ;
#762 = AXIS2_PLACEMENT_3D ( 'NONE', #1815, #2484, #123 ) ;
#763 = AXIS2_PLACEMENT_3D ( 'NONE', #1006, #1357, #2680 ) ;
#764 = CARTESIAN_POINT ( 'NONE',  ( 0.04135265277807609330, 0.002589844908668093026, 0.4514999999999996239 ) ) ;
#765 = MECHANICAL_DESIGN_GEOMETRIC_PRESENTATION_REPRESENTATION (  '', ( #1594 ), #1335 ) ;
#766 = VERTEX_POINT ( 'NONE', #239 ) ;
#767 = LINE ( 'NONE', #2432, #1820 ) ;
#768 = ADVANCED_BREP_SHAPE_REPRESENTATION ( '', ( #2226, #1471 ), #771 ) ;
#769 = CARTESIAN_POINT ( 'NONE',  ( -0.01423715191750662967, 0.01926097453439079565, 0.4514999999999996239 ) ) ;
#770 =( NAMED_UNIT ( * ) PLANE_ANGLE_UNIT ( ) SI_UNIT ( $, .RADIAN. ) );
#771 =( GEOMETRIC_REPRESENTATION_CONTEXT ( 3 ) GLOBAL_UNCERTAINTY_ASSIGNED_CONTEXT ( ( #221 ) ) GLOBAL_UNIT_ASSIGNED_CONTEXT ( ( #459, #2622, #570 ) ) REPRESENTATION_CONTEXT ( 'NONE', 'WORKASPACE' ) );
#772 = LINE ( 'NONE', #803, #1922 ) ;
#773 = VECTOR ( 'NONE', #1482, 999.9999999999998863 ) ;
#774 = DIRECTION ( 'NONE',  ( 9.620821797635464851E-16, 2.743416180782791127E-16, 1.000000000000000000 ) ) ;
#775 = ORIENTED_EDGE ( 'NONE', *, *, #2185, .F. ) ;
#776 = CARTESIAN_POINT ( 'NONE',  ( 0.09343594133574828486, 0.07730289965655889883, 0.4514999999999996239 ) ) ;
#777 = VECTOR ( 'NONE', #1096, 1000.000000000000000 ) ;
#778 = DIRECTION ( 'NONE',  ( -1.000000000000000000, 6.661338147750935298E-16, -9.620821797635449073E-16 ) ) ;
#779 = CARTESIAN_POINT ( 'NONE',  ( 0.000000000000000000, -0.1900000000000000577, 0.000000000000000000 ) ) ;
#780 = COLOUR_RGB ( '',0.007843137254901960675, 0.2352941176470588203, 0.8235294117647058432 ) ;
#781 = ORIENTED_EDGE ( 'NONE', *, *, #1732, .F. ) ;
#782 = STYLED_ITEM ( 'NONE', ( #2480 ), #63 ) ;
#783 = ADVANCED_FACE ( 'NONE', ( #2284 ), #392, .F. ) ;
#784 = CARTESIAN_POINT ( 'NONE',  ( 0.04135265277807609330, 0.002589844908668093026, 0.4499999999999999001 ) ) ;
#785 = DIRECTION ( 'NONE',  ( 0.000000000000000000, -1.000000000000000000, 0.000000000000000000 ) ) ;
#786 = DIRECTION ( 'NONE',  ( 6.661338147750936284E-16, -1.000000000000000000, -2.743416180782785704E-16 ) ) ;
#787 = ADVANCED_FACE ( 'NONE', ( #1232 ), #988, .F. ) ;
#788 = DIRECTION ( 'NONE',  ( -0.000000000000000000, -1.000000000000000000, -0.000000000000000000 ) ) ;
#789 = DIRECTION ( 'NONE',  ( 1.000000000000000000, -6.661338147750941215E-16, -9.620821797635462879E-16 ) ) ;
#790 = DIRECTION ( 'NONE',  ( -0.000000000000000000, -1.000000000000000000, -0.000000000000000000 ) ) ;
#791 = ORIENTED_EDGE ( 'NONE', *, *, #2149, .F. ) ;
#792 = DIRECTION ( 'NONE',  ( 0.000000000000000000, -1.000000000000000000, 0.000000000000000000 ) ) ;
#793 = CARTESIAN_POINT ( 'NONE',  ( -0.5399999999999988143, 0.1900000000000000577, 0.2000000000000032307 ) ) ;
#794 = ADVANCED_FACE ( 'NONE', ( #1663 ), #1220, .F. ) ;
#795 = ADVANCED_FACE ( 'NONE', ( #1695 ), #1485, .F. ) ;
#796 = LINE ( 'NONE', #1171, #1461 ) ;
#797 = VERTEX_POINT ( 'NONE', #819 ) ;
#798 = UNCERTAINTY_MEASURE_WITH_UNIT (LENGTH_MEASURE( 1.000000000000000082E-05 ), #1531, 'distance_accuracy_value', 'NONE');
#799 = DIRECTION ( 'NONE',  ( 0.9100038631975170267, 0.000000000000000000, -0.4145997696159456347 ) ) ;
#800 = EDGE_CURVE ( 'NONE', #395, #720, #2491, .T. ) ;
#801 = FILL_AREA_STYLE_COLOUR ( '', #255 ) ;
#802 = ORIENTED_EDGE ( 'NONE', *, *, #2263, .F. ) ;
#803 = CARTESIAN_POINT ( 'NONE',  ( -0.5460000000000048148, -0.05973561724571807563, 0.4499999999999999001 ) ) ;
#804 = EDGE_CURVE ( 'NONE', #1681, #2699, #2562, .T. ) ;
#805 = EDGE_CURVE ( 'NONE', #1440, #2126, #1716, .T. ) ;
#806 = DIRECTION ( 'NONE',  ( 9.620821797635464851E-16, 2.743416180782791127E-16, 1.000000000000000000 ) ) ;
#807 = ORIENTED_EDGE ( 'NONE', *, *, #876, .F. ) ;
#808 = CYLINDRICAL_SURFACE ( 'NONE', #549, 0.03735652737394400819 ) ;
#809 = EDGE_CURVE ( 'NONE', #178, #2309, #1928, .T. ) ;
#810 = DIRECTION ( 'NONE',  ( -1.000000000000000000, 6.661338147750935298E-16, -9.620821797635449073E-16 ) ) ;
#811 = FACE_OUTER_BOUND ( 'NONE', #1254, .T. ) ;
#812 = LINE ( 'NONE', #2444, #2083 ) ;
#813 = ORIENTED_EDGE ( 'NONE', *, *, #2393, .F. ) ;
#814 = AXIS2_PLACEMENT_3D ( 'NONE', #1424, #1015, #1854 ) ;
#815 = AXIS2_PLACEMENT_3D ( 'NONE', #298, #2165, #1734 ) ;
#816 = DIRECTION ( 'NONE',  ( -9.620821797635464851E-16, -2.743416180782791127E-16, -1.000000000000000000 ) ) ;
#817 = DIRECTION ( 'NONE',  ( -9.620821797635464851E-16, -2.743416180782791127E-16, -1.000000000000000000 ) ) ;
#818 = ORIENTED_EDGE ( 'NONE', *, *, #267, .F. ) ;
#819 = CARTESIAN_POINT ( 'NONE',  ( 0.05016469536779644134, 0.01926097453439079565, 0.4499999999999999001 ) ) ;
#820 = CYLINDRICAL_SURFACE ( 'NONE', #2703, 0.05469401709438427572 ) ;
#821 = PLANE ( 'NONE',  #568 ) ;
#822 = CIRCLE ( 'NONE', #2442, 0.07159641025652596635 ) ;
#823 = ORIENTED_EDGE ( 'NONE', *, *, #2615, .T. ) ;
#824 = CIRCLE ( 'NONE', #1751, 0.06000000000000004635 ) ;
#825 = VERTEX_POINT ( 'NONE', #450 ) ;
#826 = DIRECTION ( 'NONE',  ( 1.000000000000000000, 7.697918917091421779E-16, 9.620821797635453018E-16 ) ) ;
#827 = ORIENTED_EDGE ( 'NONE', *, *, #265, .F. ) ;
#828 = SURFACE_SIDE_STYLE ('',( #2214 ) ) ;
#829 = CARTESIAN_POINT ( 'NONE',  ( 0.2325455091965744625, 0.07730289965655889883, 0.4514999999999996239 ) ) ;
#830 = ORIENTED_EDGE ( 'NONE', *, *, #853, .T. ) ;
#831 = DIRECTION ( 'NONE',  ( 1.000000000000000000, -6.661338147750935298E-16, 9.620821797635449073E-16 ) ) ;
#832 = FACE_BOUND ( 'NONE', #2367, .T. ) ;
#833 = LINE ( 'NONE', #2300, #2145 ) ;
#834 = ORIENTED_EDGE ( 'NONE', *, *, #551, .T. ) ;
#835 =( NAMED_UNIT ( * ) PLANE_ANGLE_UNIT ( ) SI_UNIT ( $, .RADIAN. ) );
#836 = ADVANCED_FACE ( 'NONE', ( #1086 ), #641, .F. ) ;
#837 = FILL_AREA_STYLE ('',( #1491 ) ) ;
#838 = ORIENTED_EDGE ( 'NONE', *, *, #840, .T. ) ;
#839 = LINE ( 'NONE', #15, #70 ) ;
#840 = EDGE_CURVE ( 'NONE', #297, #1025, #1247, .T. ) ;
#841 = VERTEX_POINT ( 'NONE', #1469 ) ;
#842 = EDGE_CURVE ( 'NONE', #910, #1126, #1058, .T. ) ;
#843 = DIRECTION ( 'NONE',  ( 0.000000000000000000, 0.000000000000000000, -1.000000000000000000 ) ) ;
#844 = ORIENTED_EDGE ( 'NONE', *, *, #496, .T. ) ;
#845 = LINE ( 'NONE', #2534, #2397 ) ;
#846 = DIRECTION ( 'NONE',  ( -1.000000000000000000, 6.661338147750935298E-16, -9.620821797635449073E-16 ) ) ;
#847 = LINE ( 'NONE', #1034, #172 ) ;
#848 = EDGE_LOOP ( 'NONE', ( #1729, #1552, #2399 ) ) ;
#849 = CARTESIAN_POINT ( 'NONE',  ( -0.5460000000000048148, 0.07730289965655889883, 0.4499999999999999001 ) ) ;
#850 = ADVANCED_FACE ( 'NONE', ( #460 ), #2343, .F. ) ;
#851 = CARTESIAN_POINT ( 'NONE',  ( 0.06453751769582016795, -0.05876101966820895806, 0.4514999999999996239 ) ) ;
#852 = ORIENTED_EDGE ( 'NONE', *, *, #440, .F. ) ;
#853 = EDGE_CURVE ( 'NONE', #2699, #1978, #559, .T. ) ;
#854 = UNCERTAINTY_MEASURE_WITH_UNIT (LENGTH_MEASURE( 1.000000000000000082E-05 ), #2013, 'distance_accuracy_value', 'NONE');
#855 = CARTESIAN_POINT ( 'NONE',  ( 0.5349999999999938138, -0.8599999999999996536, 0.4499999999999999001 ) ) ;
#856 = CARTESIAN_POINT ( 'NONE',  ( -0.5460000000000048148, 0.06019826265344502270, 0.4499999999999999001 ) ) ;
#857 = ORIENTED_EDGE ( 'NONE', *, *, #805, .T. ) ;
#858 = VECTOR ( 'NONE', #1715, 1000.000000000000000 ) ;
#859 = DIRECTION ( 'NONE',  ( 6.661338147750942201E-16, -1.000000000000000000, 2.743416180782784718E-16 ) ) ;
#860 = CARTESIAN_POINT ( 'NONE',  ( 0.7400000000000045430, -0.1900000000000000577, 0.4100000000000006417 ) ) ;
#861 = VERTEX_POINT ( 'NONE', #2150 ) ;
#862 =( LENGTH_UNIT ( ) NAMED_UNIT ( * ) SI_UNIT ( .MILLI., .METRE. ) );
#863 = DIRECTION ( 'NONE',  ( -9.620821797635464851E-16, -2.743416180782791127E-16, -1.000000000000000000 ) ) ;
#864 = ORIENTED_EDGE ( 'NONE', *, *, #1409, .T. ) ;
#865 = DIRECTION ( 'NONE',  ( -1.000000000000000000, 7.255774617595545572E-16, -1.451154923519109114E-15 ) ) ;
#866 = EDGE_LOOP ( 'NONE', ( #2524, #1528, #391, #463 ) ) ;
#867 = VECTOR ( 'NONE', #1606, 1000.000000000000114 ) ;
#868 = LINE ( 'NONE', #2133, #461 ) ;
#869 = VECTOR ( 'NONE', #967, 1000.000000000000114 ) ;
#870 = CARTESIAN_POINT ( 'NONE',  ( 0.7400000000000045430, 0.1900000000000000577, -0.4100000000000006417 ) ) ;
#871 = EDGE_CURVE ( 'NONE', #1444, #1142, #2111, .T. ) ;
#872 = PRODUCT ( 'Ball', 'Ball', '', ( #476 ) ) ;
#873 = ORIENTED_EDGE ( 'NONE', *, *, #2548, .F. ) ;
#874 = CARTESIAN_POINT ( 'NONE',  ( 0.09343594133574828486, -0.05741255515549076316, 0.4514999999999996239 ) ) ;
#875 = AXIS2_PLACEMENT_3D ( 'NONE', #2116, #2127, #229 ) ;
#876 = EDGE_CURVE ( 'NONE', #1450, #1097, #225, .T. ) ;
#877 =( REPRESENTATION_RELATIONSHIP ('NONE','NONE', #46, #1259 ) REPRESENTATION_RELATIONSHIP_WITH_TRANSFORMATION ( #1975 )SHAPE_REPRESENTATION_RELATIONSHIP( ) );
#878 = FACE_OUTER_BOUND ( 'NONE', #1069, .T. ) ;
#879 = EDGE_LOOP ( 'NONE', ( #2096, #2520, #929, #2235 ) ) ;
#880 = FACE_OUTER_BOUND ( 'NONE', #2352, .T. ) ;
#881 = DIRECTION ( 'NONE',  ( -1.000000000000000000, 6.814173041061170850E-16, -9.911524423361702517E-16 ) ) ;
#882 = PRODUCT_RELATED_PRODUCT_CATEGORY ( 'part', '', ( #872 ) ) ;
#883 = CARTESIAN_POINT ( 'NONE',  ( 0.2218045508528831977, -0.04089420743941252212, 0.4499999999999999001 ) ) ;
#884 = ORIENTED_EDGE ( 'NONE', *, *, #2115, .F. ) ;
#885 = DIRECTION ( 'NONE',  ( 0.000000000000000000, 1.000000000000000000, 0.000000000000000000 ) ) ;
#886 = ORIENTED_EDGE ( 'NONE', *, *, #2469, .T. ) ;
#887 = PRODUCT_DEFINITION_CONTEXT ( 'detailed design', #1046, 'design' ) ;
#888 = CARTESIAN_POINT ( 'NONE',  ( -0.1289216853355285020, 0.01084447640902624910, 0.4514999999999996239 ) ) ;
#889 = EDGE_CURVE ( 'NONE', #2466, #2265, #237, .T. ) ;
#890 = CARTESIAN_POINT ( 'NONE',  ( -0.01423715191750662967, 0.07730289965655889883, 0.4499999999999999001 ) ) ;
#891 = DIRECTION ( 'NONE',  ( 9.620821797635464851E-16, 2.743416180782791127E-16, 1.000000000000000000 ) ) ;
#892 = ORIENTED_EDGE ( 'NONE', *, *, #411, .F. ) ;
#893 = CARTESIAN_POINT ( 'NONE',  ( -0.1836157024299127638, 0.01084447640902628553, 0.4514999999999995683 ) ) ;
#894 = EDGE_CURVE ( 'NONE', #1467, #1694, #32, .T. ) ;
#895 = ADVANCED_FACE ( 'NONE', ( #1907 ), #652, .F. ) ;
#896 = ORIENTED_EDGE ( 'NONE', *, *, #809, .T. ) ;
#897 = PLANE ( 'NONE',  #2306 ) ;
#898 = ORIENTED_EDGE ( 'NONE', *, *, #1129, .T. ) ;
#899 = PRODUCT ( 'XC8114AA0102', 'XC8114AA0102', '', ( #2474 ) ) ;
#900 = CARTESIAN_POINT ( 'NONE',  ( -0.5460000000000048148, 0.07730289965655889883, 0.4499999999999999001 ) ) ;
#901 = VECTOR ( 'NONE', #1972, 1000.000000000000000 ) ;
#902 = EDGE_CURVE ( 'NONE', #190, #2621, #2547, .T. ) ;
#903 = AXIS2_PLACEMENT_3D ( 'NONE', #153, #785, #799 ) ;
#904 = SURFACE_SIDE_STYLE ('',( #694 ) ) ;
#905 = VERTEX_POINT ( 'NONE', #665 ) ;
#906 = AXIS2_PLACEMENT_3D ( 'NONE', #1408, #1224, #997 ) ;
#907 = CARTESIAN_POINT ( 'NONE',  ( 0.08813733707392634731, -0.05876101966820895806, 0.4514999999999996239 ) ) ;
#908 = VERTEX_POINT ( 'NONE', #2120 ) ;
#909 = PLANE ( 'NONE',  #1460 ) ;
#910 = VERTEX_POINT ( 'NONE', #1275 ) ;
#911 = DIRECTION ( 'NONE',  ( -0.7970239119162150221, -0.6039477492579746754, -9.324905052661878992E-16 ) ) ;
#912 = AXIS2_PLACEMENT_3D ( 'NONE', #2533, #859, #619 ) ;
#913 = VECTOR ( 'NONE', #304, 1000.000000000000114 ) ;
#914 =( LENGTH_UNIT ( ) NAMED_UNIT ( * ) SI_UNIT ( .MILLI., .METRE. ) );
#915 = EDGE_LOOP ( 'NONE', ( #1903, #1926, #1658, #1019 ) ) ;
#916 =( NAMED_UNIT ( * ) SI_UNIT ( $, .STERADIAN. ) SOLID_ANGLE_UNIT ( ) );
#917 = STYLED_ITEM ( 'NONE', ( #719 ), #351 ) ;
#918 = LINE ( 'NONE', #296, #1216 ) ;
#919 = CLOSED_SHELL ( 'NONE', ( #1568, #1688, #2662, #1405, #2065, #511 ) ) ;
#920 = ORIENTED_EDGE ( 'NONE', *, *, #1601, .F. ) ;
#921 = EDGE_CURVE ( 'NONE', #1798, #451, #1497, .T. ) ;
#922 = DIRECTION ( 'NONE',  ( -1.000000000000000000, 6.661338147750935298E-16, -9.620821797635449073E-16 ) ) ;
#923 = ORIENTED_EDGE ( 'NONE', *, *, #2110, .T. ) ;
#924 = EDGE_CURVE ( 'NONE', #2119, #2498, #222, .T. ) ;
#925 = EDGE_CURVE ( 'NONE', #1025, #908, #1997, .T. ) ;
#926 = CARTESIAN_POINT ( 'NONE',  ( 0.2180927429108886484, 0.01926097453439079565, 0.4499999999999999001 ) ) ;
#927 = PRODUCT_RELATED_PRODUCT_CATEGORY ( 'part', '', ( #235 ) ) ;
#928 = CARTESIAN_POINT ( 'NONE',  ( -0.02916512199241383385, -0.05973561724571807563, 0.4514999999999996239 ) ) ;
#929 = ORIENTED_EDGE ( 'NONE', *, *, #1809, .T. ) ;
#930 = SURFACE_SIDE_STYLE ('',( #2596 ) ) ;
#931 = CARTESIAN_POINT ( 'NONE',  ( 0.2218045508528831977, 0.06117286023095414027, 0.4499999999999999001 ) ) ;
#932 = SURFACE_STYLE_FILL_AREA ( #1551 ) ;
#933 = VERTEX_POINT ( 'NONE', #741 ) ;
#934 = CARTESIAN_POINT ( 'NONE',  ( -0.5399999999999988143, 0.1700000000000000122, 0.3200000000000033373 ) ) ;
#935 = EDGE_LOOP ( 'NONE', ( #315, #2164 ) ) ;
#936 = EDGE_CURVE ( 'NONE', #274, #484, #1135, .T. ) ;
#937 =( NAMED_UNIT ( * ) SI_UNIT ( $, .STERADIAN. ) SOLID_ANGLE_UNIT ( ) );
#938 = ADVANCED_FACE ( 'NONE', ( #107, #726 ), #313, .F. ) ;
#939 = CARTESIAN_POINT ( 'NONE',  ( 0.000000000000000000, 0.000000000000000000, 0.000000000000000000 ) ) ;
#940 = DIRECTION ( 'NONE',  ( 1.000000000000000000, -6.661338147750935298E-16, 9.620821797635449073E-16 ) ) ;
#941 = ORIENTED_EDGE ( 'NONE', *, *, #1765, .F. ) ;
#942 = CARTESIAN_POINT ( 'NONE',  ( -0.2660849495320360969, -0.05973561724571807563, 0.4514999999999996239 ) ) ;
#943 = CARTESIAN_POINT ( 'NONE',  ( 0.04700299041171529524, -0.05973561724571807563, 0.4514999999999996239 ) ) ;
#944 = AXIS2_PLACEMENT_3D ( 'NONE', #855, #2502, #1258 ) ;
#945 = EDGE_LOOP ( 'NONE', ( #220, #90, #1584, #838 ) ) ;
#946 = VECTOR ( 'NONE', #424, 1000.000000000000000 ) ;
#947 = CARTESIAN_POINT ( 'NONE',  ( 0.02690158377756379782, 0.01926097453439079565, 0.4514999999999996239 ) ) ;
#948 = ORIENTED_EDGE ( 'NONE', *, *, #2347, .T. ) ;
#949 = LINE ( 'NONE', #1541, #1238 ) ;
#950 = ORIENTED_EDGE ( 'NONE', *, *, #1159, .T. ) ;
#951 = VECTOR ( 'NONE', #1070, 1000.000000000000000 ) ;
#952 = DIRECTION ( 'NONE',  ( 0.9100038631975170267, 0.000000000000000000, -0.4145997696159456347 ) ) ;
#953 = EDGE_CURVE ( 'NONE', #2281, #2211, #35, .T. ) ;
#954 = COLOUR_RGB ( '',1.000000000000000000, 1.000000000000000000, 1.000000000000000000 ) ;
#955 = FACE_OUTER_BOUND ( 'NONE', #1630, .T. ) ;
#956 = CARTESIAN_POINT ( 'NONE',  ( -0.01423715191750662967, 0.01926097453439079565, 0.4499999999999999001 ) ) ;
#957 = FACE_OUTER_BOUND ( 'NONE', #2304, .T. ) ;
#958 = PLANE ( 'NONE',  #1796 ) ;
#959 = ORIENTED_EDGE ( 'NONE', *, *, #1036, .F. ) ;
#960 = CYLINDRICAL_SURFACE ( 'NONE', #1921, 0.06000000000000004635 ) ;
#961 = EDGE_LOOP ( 'NONE', ( #813, #1501, #2142, #130 ) ) ;
#962 = VECTOR ( 'NONE', #245, 1000.000000000000114 ) ;
#963 = CARTESIAN_POINT ( 'NONE',  ( 0.02690158377756379782, 0.01926097453439079565, 0.4514999999999996239 ) ) ;
#964 = ORIENTED_EDGE ( 'NONE', *, *, #1033, .T. ) ;
#965 = DIRECTION ( 'NONE',  ( -6.661338147750936284E-16, 1.000000000000000000, 2.743416180782785704E-16 ) ) ;
#966 = SHAPE_REPRESENTATION_RELATIONSHIP ( 'NONE' , 'NONE' ,  #1259, #1397 ) ;
#967 = DIRECTION ( 'NONE',  ( -0.6063807679596634470, 0.7951744237893022538, -3.652386929285050366E-16 ) ) ;
#968 = CARTESIAN_POINT ( 'NONE',  ( -0.5399999999999988143, 0.3582914139223982719, 0.3195000000000032814 ) ) ;
#969 = FACE_OUTER_BOUND ( 'NONE', #2024, .T. ) ;
#970 = CARTESIAN_POINT ( 'NONE',  ( 0.2622220151101278818, 0.008741898385816737616, 0.4514999999999996239 ) ) ;
#971 = ORIENTED_EDGE ( 'NONE', *, *, #2144, .T. ) ;
#972 = DIRECTION ( 'NONE',  ( 9.620821797635464851E-16, 2.743416180782791127E-16, 1.000000000000000000 ) ) ;
#973 = LINE ( 'NONE', #379, #465 ) ;
#974 = LINE ( 'NONE', #1199, #1590 ) ;
#975 = ORIENTED_EDGE ( 'NONE', *, *, #386, .F. ) ;
#976 = CARTESIAN_POINT ( 'NONE',  ( -0.7400000000000045430, -0.1900000000000000577, 0.4100000000000006417 ) ) ;
#977 = DIRECTION ( 'NONE',  ( 0.000000000000000000, 0.000000000000000000, 1.000000000000000000 ) ) ;
#978 = LINE ( 'NONE', #127, #1212 ) ;
#979 = DIRECTION ( 'NONE',  ( 1.607459986717609623E-15, -1.000000000000000000, -2.743416180782776829E-16 ) ) ;
#980 = LINE ( 'NONE', #363, #1644 ) ;
#981 = EDGE_LOOP ( 'NONE', ( #2180, #748, #823, #7 ) ) ;
#982 = LINE ( 'NONE', #1830, #639 ) ;
#983 = FACE_OUTER_BOUND ( 'NONE', #2616, .T. ) ;
#984 = AXIS2_PLACEMENT_3D ( 'NONE', #2250, #1660, #2340 ) ;
#985 = EDGE_CURVE ( 'NONE', #1420, #1311, #2605, .T. ) ;
#986 = AXIS2_PLACEMENT_3D ( 'NONE', #456, #1684, #865 ) ;
#987 = AXIS2_PLACEMENT_3D ( 'NONE', #341, #2023, #133 ) ;
#988 = PLANE ( 'NONE',  #1300 ) ;
#989 = LINE ( 'NONE', #1427, #1826 ) ;
#990 = VECTOR ( 'NONE', #2031, 1000.000000000000000 ) ;
#991 = ORIENTED_EDGE ( 'NONE', *, *, #1415, .F. ) ;
#992 = CARTESIAN_POINT ( 'NONE',  ( 0.2757495501330281540, -0.004650642835245244466, 0.4514999999999996239 ) ) ;
#993 = DIRECTION ( 'NONE',  ( 0.000000000000000000, 0.000000000000000000, -1.000000000000000000 ) ) ;
#994 = VECTOR ( 'NONE', #360, 1000.000000000000000 ) ;
#995 = SURFACE_STYLE_FILL_AREA ( #2257 ) ;
#996 = EDGE_LOOP ( 'NONE', ( #1270, #2081, #2682, #356 ) ) ;
#997 = DIRECTION ( 'NONE',  ( 0.000000000000000000, 0.000000000000000000, 1.000000000000000000 ) ) ;
#998 = DIRECTION ( 'NONE',  ( -0.000000000000000000, -0.000000000000000000, 1.000000000000000000 ) ) ;
#999 = EDGE_CURVE ( 'NONE', #2421, #709, #1987, .T. ) ;
#1000 = LINE ( 'NONE', #2209, #1959 ) ;
#1001 = EDGE_LOOP ( 'NONE', ( #2585, #2476, #134, #292 ) ) ;
#1002 = VECTOR ( 'NONE', #336, 1000.000000000000000 ) ;
#1003 = EDGE_CURVE ( 'NONE', #2619, #274, #2648, .T. ) ;
#1004 = EDGE_CURVE ( 'NONE', #645, #905, #1175, .T. ) ;
#1005 = DIRECTION ( 'NONE',  ( 9.620821797635447101E-16, -2.743416180782804439E-16, -1.000000000000000000 ) ) ;
#1006 = CARTESIAN_POINT ( 'NONE',  ( -91.31660822658928112, 4.005871872032840564, 45.26188220381088456 ) ) ;
#1007 = EDGE_CURVE ( 'NONE', #1097, #1444, #2229, .T. ) ;
#1008 = LINE ( 'NONE', #2067, #730 ) ;
#1009 = ORIENTED_EDGE ( 'NONE', *, *, #1288, .F. ) ;
#1010 = DIRECTION ( 'NONE',  ( -9.620821797635464851E-16, -2.743416180782791127E-16, -1.000000000000000000 ) ) ;
#1011 = SURFACE_SIDE_STYLE ('',( #995 ) ) ;
#1012 = VERTEX_POINT ( 'NONE', #2025 ) ;
#1013 = DIRECTION ( 'NONE',  ( -1.000000000000000000, 7.255774617595545572E-16, -1.451154923519109114E-15 ) ) ;
#1014 = PLANE ( 'NONE',  #1375 ) ;
#1015 = DIRECTION ( 'NONE',  ( 6.661338147750942201E-16, -1.000000000000000000, 2.743416180782784718E-16 ) ) ;
#1016 = CARTESIAN_POINT ( 'NONE',  ( -0.01423715191750662967, -0.05973561724571807563, 0.4514999999999996239 ) ) ;
#1017 = ORIENTED_EDGE ( 'NONE', *, *, #2364, .T. ) ;
#1018 = EDGE_CURVE ( 'NONE', #766, #720, #2668, .T. ) ;
#1019 = ORIENTED_EDGE ( 'NONE', *, *, #2378, .T. ) ;
#1020 = CARTESIAN_POINT ( 'NONE',  ( 0.05232905809995913593, 0.07730289965655889883, 0.4514999999999996239 ) ) ;
#1021 = DIRECTION ( 'NONE',  ( -9.620821797635464851E-16, -2.743416180782791127E-16, -1.000000000000000000 ) ) ;
#1022 = DIRECTION ( 'NONE',  ( 0.000000000000000000, 0.000000000000000000, -1.000000000000000000 ) ) ;
#1023 = VERTEX_POINT ( 'NONE', #2462 ) ;
#1024 = CARTESIAN_POINT ( 'NONE',  ( 0.3166618649260155571, 0.07632830207904284237, 0.4514999999999996239 ) ) ;
#1025 = VERTEX_POINT ( 'NONE', #554 ) ;
#1026 = CIRCLE ( 'NONE', #413, 0.1000000000000000056 ) ;
#1027 = DIRECTION ( 'NONE',  ( -9.620821797635464851E-16, -2.743416180782791127E-16, -1.000000000000000000 ) ) ;
#1028 = ORIENTED_EDGE ( 'NONE', *, *, #2049, .F. ) ;
#1029 = VECTOR ( 'NONE', #2047, 1000.000000000000000 ) ;
#1030 = FACE_OUTER_BOUND ( 'NONE', #1504, .T. ) ;
#1031 = ORIENTED_EDGE ( 'NONE', *, *, #2099, .T. ) ;
#1032 = DIRECTION ( 'NONE',  ( -0.000000000000000000, -1.000000000000000000, -0.000000000000000000 ) ) ;
#1033 = EDGE_CURVE ( 'NONE', #2162, #905, #1388, .T. ) ;
#1034 = CARTESIAN_POINT ( 'NONE',  ( -0.01423715191750662967, 0.01926097453439079565, 0.4514999999999996239 ) ) ;
#1035 = ORIENTED_EDGE ( 'NONE', *, *, #713, .F. ) ;
#1036 = EDGE_CURVE ( 'NONE', #484, #1153, #1783, .T. ) ;
#1037 = CARTESIAN_POINT ( 'NONE',  ( -0.5399999999999988143, 0.1700000000000000122, 0.3195000000000032814 ) ) ;
#1038 = SURFACE_STYLE_USAGE ( .BOTH. , #1474 ) ;
#1039 = VECTOR ( 'NONE', #2016, 1000.000000000000000 ) ;
#1040 = CARTESIAN_POINT ( 'NONE',  ( -0.02916512199241383385, 0.05184322608207947436, 0.4514999999999996239 ) ) ;
#1041 = EDGE_LOOP ( 'NONE', ( #2207, #445, #1166, #647 ) ) ;
#1042 = SURFACE_SIDE_STYLE ('',( #1938 ) ) ;
#1043 = VECTOR ( 'NONE', #1152, 1000.000000000000000 ) ;
#1044 = LINE ( 'NONE', #1020, #1252 ) ;
#1045 = PLANE ( 'NONE',  #204 ) ;
#1046 = APPLICATION_CONTEXT ( 'automotive_design' ) ;
#1047 = DIRECTION ( 'NONE',  ( -1.000000000000000000, 0.000000000000000000, -0.000000000000000000 ) ) ;
#1048 = VERTEX_POINT ( 'NONE', #1549 ) ;
#1049 = DIRECTION ( 'NONE',  ( -9.620821797635464851E-16, -2.743416180782791127E-16, -1.000000000000000000 ) ) ;
#1050 =( NAMED_UNIT ( * ) PLANE_ANGLE_UNIT ( ) SI_UNIT ( $, .RADIAN. ) );
#1051 = ORIENTED_EDGE ( 'NONE', *, *, #1597, .T. ) ;
#1052 = PLANE ( 'NONE',  #244 ) ;
#1053 = EDGE_LOOP ( 'NONE', ( #64, #1062, #2415, #1364, #365, #2272, #827, #1627, #2030 ) ) ;
#1054 = FACE_OUTER_BOUND ( 'NONE', #2439, .T. ) ;
#1055 = ORIENTED_EDGE ( 'NONE', *, *, #1809, .F. ) ;
#1056 = PLANE ( 'NONE',  #2269 ) ;
#1057 = FACE_OUTER_BOUND ( 'NONE', #1556, .T. ) ;
#1058 = LINE ( 'NONE', #2135, #2315 ) ;
#1059 = ORIENTED_EDGE ( 'NONE', *, *, #1314, .T. ) ;
#1060 =( NAMED_UNIT ( * ) SI_UNIT ( $, .STERADIAN. ) SOLID_ANGLE_UNIT ( ) );
#1061 = CARTESIAN_POINT ( 'NONE',  ( 0.05016469536779644134, 0.04027280207932054656, 0.4514999999999996239 ) ) ;
#1062 = ORIENTED_EDGE ( 'NONE', *, *, #348, .F. ) ;
#1063 = DIRECTION ( 'NONE',  ( -9.620821797635464851E-16, -2.743416180782791127E-16, -1.000000000000000000 ) ) ;
#1064 = ADVANCED_FACE ( 'NONE', ( #319 ), #1150, .T. ) ;
#1065 = VERTEX_POINT ( 'NONE', #1563 ) ;
#1066 =( LENGTH_UNIT ( ) NAMED_UNIT ( * ) SI_UNIT ( .MILLI., .METRE. ) );
#1067 = CARTESIAN_POINT ( 'NONE',  ( -0.3274996306596028584, 0.06019826265344502270, 0.4514999999999996239 ) ) ;
#1068 = VECTOR ( 'NONE', #1582, 1000.000000000000000 ) ;
#1069 = EDGE_LOOP ( 'NONE', ( #233, #1567, #2372, #69 ) ) ;
#1070 = DIRECTION ( 'NONE',  ( 9.620821797635464851E-16, 2.743416180782791127E-16, 1.000000000000000000 ) ) ;
#1071 = VECTOR ( 'NONE', #972, 1000.000000000000000 ) ;
#1072 = ORIENTED_EDGE ( 'NONE', *, *, #1018, .F. ) ;
#1073 = EDGE_CURVE ( 'NONE', #861, #297, #2412, .T. ) ;
#1074 = CIRCLE ( 'NONE', #2485, 0.05949999999999998346 ) ;
#1075 = CARTESIAN_POINT ( 'NONE',  ( 0.2180927429108886484, 0.01926097453439079565, 0.4514999999999996239 ) ) ;
#1076 = ORIENTED_EDGE ( 'NONE', *, *, #809, .F. ) ;
#1077 = FACE_OUTER_BOUND ( 'NONE', #2176, .T. ) ;
#1078 = EDGE_LOOP ( 'NONE', ( #1115, #1273 ) ) ;
#1079 = AXIS2_PLACEMENT_3D ( 'NONE', #18, #1925, #1712 ) ;
#1080 = EDGE_CURVE ( 'NONE', #1668, #2076, #66, .T. ) ;
#1081 = DIRECTION ( 'NONE',  ( 0.000000000000000000, 0.000000000000000000, -1.000000000000000000 ) ) ;
#1082 =( GEOMETRIC_REPRESENTATION_CONTEXT ( 3 ) GLOBAL_UNCERTAINTY_ASSIGNED_CONTEXT ( ( #1620 ) ) GLOBAL_UNIT_ASSIGNED_CONTEXT ( ( #608, #402, #2314 ) ) REPRESENTATION_CONTEXT ( 'NONE', 'WORKASPACE' ) );
#1083 = EDGE_CURVE ( 'NONE', #205, #249, #1090, .T. ) ;
#1084 = PRODUCT_DEFINITION_SHAPE ( 'NONE', 'NONE',  #2709 ) ;
#1085 = ADVANCED_FACE ( 'NONE', ( #259 ), #2140, .F. ) ;
#1086 = FACE_OUTER_BOUND ( 'NONE', #2327, .T. ) ;
#1087 = CLOSED_SHELL ( 'NONE', ( #783, #2610, #1271, #938, #717, #113, #1982, #1858 ) ) ;
#1088 = EDGE_LOOP ( 'NONE', ( #1968, #1843, #122, #1472 ) ) ;
#1089 = CARTESIAN_POINT ( 'NONE',  ( 0.08813733707392634731, -0.05876101966820895806, 0.4514999999999996239 ) ) ;
#1090 = LINE ( 'NONE', #466, #2167 ) ;
#1091 = DIRECTION ( 'NONE',  ( 0.6314215746233559079, 0.7754397430491694054, 8.202148386936828123E-16 ) ) ;
#1092 = ORIENTED_EDGE ( 'NONE', *, *, #582, .F. ) ;
#1093 = DIRECTION ( 'NONE',  ( -6.661338147750936284E-16, 1.000000000000000000, 2.743416180782785704E-16 ) ) ;
#1094 = ORIENTED_EDGE ( 'NONE', *, *, #528, .F. ) ;
#1095 = DIRECTION ( 'NONE',  ( -1.000000000000000000, 6.661338147750935298E-16, -9.620821797635449073E-16 ) ) ;
#1096 = DIRECTION ( 'NONE',  ( 1.000000000000000000, 0.000000000000000000, 0.000000000000000000 ) ) ;
#1097 = VERTEX_POINT ( 'NONE', #1803 ) ;
#1098 =( LENGTH_UNIT ( ) NAMED_UNIT ( * ) SI_UNIT ( .MILLI., .METRE. ) );
#1099 = ORIENTED_EDGE ( 'NONE', *, *, #1317, .T. ) ;
#1100 = CARTESIAN_POINT ( 'NONE',  ( -0.2660849495320360969, -0.8760000000000017772, 0.4499999999999999001 ) ) ;
#1101 = ORIENTED_EDGE ( 'NONE', *, *, #250, .T. ) ;
#1102 = PRODUCT_DEFINITION_SHAPE ( 'NONE', 'NONE',  #1524 ) ;
#1103 = SURFACE_SIDE_STYLE ('',( #2187 ) ) ;
#1104 = CARTESIAN_POINT ( 'NONE',  ( 0.2757495501330281540, -0.004650642835245244466, 0.4514999999999996239 ) ) ;
#1105 = COLOUR_RGB ( '',0.000000000000000000, 0.000000000000000000, 0.000000000000000000 ) ;
#1106 = SHAPE_DEFINITION_REPRESENTATION ( #480, #1259 ) ;
#1107 = VECTOR ( 'NONE', #1583, 1000.000000000000000 ) ;
#1108 = ADVANCED_FACE ( 'NONE', ( #2636 ), #753, .F. ) ;
#1109 = VECTOR ( 'NONE', #1577, 1000.000000000000000 ) ;
#1110 = DIRECTION ( 'NONE',  ( -1.607459986717609623E-15, 1.000000000000000000, 2.743416180782776829E-16 ) ) ;
#1111 = ORIENTED_EDGE ( 'NONE', *, *, #2356, .F. ) ;
#1112 = VECTOR ( 'NONE', #3, 1000.000000000000114 ) ;
#1113 = SURFACE_STYLE_USAGE ( .BOTH. , #1308 ) ;
#1114 = ADVANCED_FACE ( 'NONE', ( #2279, #811 ), #746, .F. ) ;
#1115 = ORIENTED_EDGE ( 'NONE', *, *, #2356, .T. ) ;
#1116 = ADVANCED_FACE ( 'NONE', ( #552 ), #371, .T. ) ;
#1117 = CARTESIAN_POINT ( 'NONE',  ( 0.7400000000000045430, 0.1900000000000000577, 0.4100000000000006417 ) ) ;
#1118 = ORIENTED_EDGE ( 'NONE', *, *, #925, .F. ) ;
#1119 = EDGE_CURVE ( 'NONE', #2330, #2365, #401, .T. ) ;
#1120 =( NAMED_UNIT ( * ) PLANE_ANGLE_UNIT ( ) SI_UNIT ( $, .RADIAN. ) );
#1121 = VECTOR ( 'NONE', #253, 1000.000000000000000 ) ;
#1122 = MECHANICAL_DESIGN_GEOMETRIC_PRESENTATION_REPRESENTATION (  '', ( #2620 ), #651 ) ;
#1123 = CARTESIAN_POINT ( 'NONE',  ( 0.000000000000000000, -0.04089420743941252212, 0.4514999999999996239 ) ) ;
#1124 = SHAPE_DEFINITION_REPRESENTATION ( #2581, #1347 ) ;
#1125 = FILL_AREA_STYLE ('',( #668 ) ) ;
#1126 = VERTEX_POINT ( 'NONE', #2227 ) ;
#1127 = LINE ( 'NONE', #893, #2434 ) ;
#1128 = PRESENTATION_LAYER_ASSIGNMENT (  '', '', ( #1889 ) ) ;
#1129 = EDGE_CURVE ( 'NONE', #752, #2551, #1026, .T. ) ;
#1130 = PLANE ( 'NONE',  #1842 ) ;
#1131 = ADVANCED_FACE ( 'NONE', ( #1429 ), #387, .F. ) ;
#1132 = ORIENTED_EDGE ( 'NONE', *, *, #163, .F. ) ;
#1133 = DIRECTION ( 'NONE',  ( 1.000000000000000000, -6.661338147750935298E-16, 9.620821797635449073E-16 ) ) ;
#1134 = VERTEX_POINT ( 'NONE', #976 ) ;
#1135 = LINE ( 'NONE', #1775, #2617 ) ;
#1136 = CARTESIAN_POINT ( 'NONE',  ( -0.1289216853355285020, 0.01084447640902624910, 0.4499999999999999001 ) ) ;
#1137 = ITEM_DEFINED_TRANSFORMATION ( 'NONE', 'NONE', #1462,  #1471 ) ;
#1138 = CARTESIAN_POINT ( 'NONE',  ( 0.2180927429108886484, 0.002589844908668093026, 0.4514999999999996239 ) ) ;
#1139 = ORIENTED_EDGE ( 'NONE', *, *, #1939, .F. ) ;
#1140 = FILL_AREA_STYLE ('',( #2362 ) ) ;
#1141 = CARTESIAN_POINT ( 'NONE',  ( 0.3166618649260155571, -0.05864222277228436919, 0.4514999999999996239 ) ) ;
#1142 = VERTEX_POINT ( 'NONE', #784 ) ;
#1143 = DIRECTION ( 'NONE',  ( -9.620821797635464851E-16, -2.743416180782791127E-16, -1.000000000000000000 ) ) ;
#1144 = VERTEX_POINT ( 'NONE', #1857 ) ;
#1145 = CARTESIAN_POINT ( 'NONE',  ( 0.000000000000000000, 0.1900000000000000577, 0.000000000000000000 ) ) ;
#1146 = VERTEX_POINT ( 'NONE', #1817 ) ;
#1147 = CARTESIAN_POINT ( 'NONE',  ( 0.7400000000000045430, 0.1900000000000000577, 0.4100000000000006417 ) ) ;
#1148 = CARTESIAN_POINT ( 'NONE',  ( 0.2844978556510030510, 0.008741898385816737616, 0.4499999999999999001 ) ) ;
#1149 = DIRECTION ( 'NONE',  ( -1.000000000000000000, 6.661338147750935298E-16, -9.620821797635449073E-16 ) ) ;
#1150 = PLANE ( 'NONE',  #192 ) ;
#1151 =( GEOMETRIC_REPRESENTATION_CONTEXT ( 3 ) GLOBAL_UNCERTAINTY_ASSIGNED_CONTEXT ( ( #1874 ) ) GLOBAL_UNIT_ASSIGNED_CONTEXT ( ( #2679, #2665, #1174 ) ) REPRESENTATION_CONTEXT ( 'NONE', 'WORKASPACE' ) );
#1152 = DIRECTION ( 'NONE',  ( -1.000000000000000000, 6.661338147750935298E-16, -9.620821797635449073E-16 ) ) ;
#1153 = VERTEX_POINT ( 'NONE', #992 ) ;
#1154 = VECTOR ( 'NONE', #2261, 1000.000000000000000 ) ;
#1155 = DIRECTION ( 'NONE',  ( -6.661338147750936284E-16, 1.000000000000000000, 2.743416180782785704E-16 ) ) ;
#1156 = VERTEX_POINT ( 'NONE', #1621 ) ;
#1157 = CARTESIAN_POINT ( 'NONE',  ( 0.3398409170280447533, 0.07632830207904284237, 0.4514999999999996239 ) ) ;
#1158 = ORIENTED_EDGE ( 'NONE', *, *, #344, .T. ) ;
#1159 = EDGE_CURVE ( 'NONE', #209, #484, #2459, .T. ) ;
#1160 =( GEOMETRIC_REPRESENTATION_CONTEXT ( 3 ) GLOBAL_UNCERTAINTY_ASSIGNED_CONTEXT ( ( #628 ) ) GLOBAL_UNIT_ASSIGNED_CONTEXT ( ( #2027, #770, #362 ) ) REPRESENTATION_CONTEXT ( 'NONE', 'WORKASPACE' ) );
#1161 = DIRECTION ( 'NONE',  ( 1.000000000000000000, 0.000000000000000000, 0.000000000000000000 ) ) ;
#1162 = CARTESIAN_POINT ( 'NONE',  ( 0.09343594133574828486, -0.05741255515549076316, 0.4514999999999996239 ) ) ;
#1163 = PLANE ( 'NONE',  #501 ) ;
#1164 = EDGE_CURVE ( 'NONE', #1788, #2166, #767, .T. ) ;
#1165 = LINE ( 'NONE', #2054, #2408 ) ;
#1166 = ORIENTED_EDGE ( 'NONE', *, *, #1777, .T. ) ;
#1167 = SHAPE_REPRESENTATION ( 'Ball', ( #1471 ), #771 ) ;
#1168 = LINE ( 'NONE', #2686, #2608 ) ;
#1169 = DIRECTION ( 'NONE',  ( 0.000000000000000000, 0.000000000000000000, 1.000000000000000000 ) ) ;
#1170 = COLOUR_RGB ( '',0.2980392156862745057, 0.2980392156862745057, 0.2980392156862745057 ) ;
#1171 = CARTESIAN_POINT ( 'NONE',  ( -0.7400000000000045430, 0.1700000000000000122, 0.4100000000000006417 ) ) ;
#1172 = ORIENTED_EDGE ( 'NONE', *, *, #1988, .T. ) ;
#1173 = ADVANCED_FACE ( 'NONE', ( #2690 ), #1602, .F. ) ;
#1174 =( NAMED_UNIT ( * ) SI_UNIT ( $, .STERADIAN. ) SOLID_ANGLE_UNIT ( ) );
#1175 = LINE ( 'NONE', #345, #867 ) ;
#1176 = PLANE ( 'NONE',  #2186 ) ;
#1177 = DIRECTION ( 'NONE',  ( 0.000000000000000000, -1.000000000000000000, 0.000000000000000000 ) ) ;
#1178 = CARTESIAN_POINT ( 'NONE',  ( -0.2495701759377133566, -0.05973561724571807563, 0.4514999999999996239 ) ) ;
#1179 = CARTESIAN_POINT ( 'NONE',  ( -0.3274996306596028584, 0.07578415359782431082, 0.4514999999999996239 ) ) ;
#1180 =( REPRESENTATION_RELATIONSHIP ('NONE','NONE', #46, #1167 ) REPRESENTATION_RELATIONSHIP_WITH_TRANSFORMATION ( #703 )SHAPE_REPRESENTATION_RELATIONSHIP( ) );
#1181 = ORIENTED_EDGE ( 'NONE', *, *, #1904, .T. ) ;
#1182 = CARTESIAN_POINT ( 'NONE',  ( 0.7400000000000045430, 0.1900000000000000577, -0.4100000000000006417 ) ) ;
#1183 = PLANE ( 'NONE',  #591 ) ;
#1184 = LINE ( 'NONE', #1617, #1687 ) ;
#1185 = EDGE_LOOP ( 'NONE', ( #2540, #2512, #1309, #492 ) ) ;
#1186 = PLANE ( 'NONE',  #984 ) ;
#1187 = CARTESIAN_POINT ( 'NONE',  ( 0.09343594133574828486, -0.05741255515549076316, 0.4514999999999996239 ) ) ;
#1188 = DIRECTION ( 'NONE',  ( 0.000000000000000000, -0.000000000000000000, -1.000000000000000000 ) ) ;
#1189 = FACE_OUTER_BOUND ( 'NONE', #2377, .T. ) ;
#1190 = EDGE_CURVE ( 'NONE', #2629, #1023, #1647, .T. ) ;
#1191 = ORIENTED_EDGE ( 'NONE', *, *, #311, .T. ) ;
#1192 = LINE ( 'NONE', #2046, #2172 ) ;
#1193 = LINE ( 'NONE', #2237, #370 ) ;
#1194 = AXIS2_PLACEMENT_3D ( 'NONE', #1585, #606, #2449 ) ;
#1195 = EDGE_CURVE ( 'NONE', #1694, #186, #152, .T. ) ;
#1196 = AXIS2_PLACEMENT_3D ( 'NONE', #1040, #2280, #2338 ) ;
#1197 = ADVANCED_FACE ( 'NONE', ( #2637 ), #1186, .F. ) ;
#1198 = VECTOR ( 'NONE', #663, 1000.000000000000000 ) ;
#1199 = CARTESIAN_POINT ( 'NONE',  ( -0.5460000000000048148, 0.06117286023095414027, 0.4499999999999999001 ) ) ;
#1200 = VECTOR ( 'NONE', #562, 1000.000000000000000 ) ;
#1201 = VERTEX_POINT ( 'NONE', #473 ) ;
#1202 = ADVANCED_FACE ( 'NONE', ( #17 ), #1301, .F. ) ;
#1203 = UNCERTAINTY_MEASURE_WITH_UNIT (LENGTH_MEASURE( 1.000000000000000082E-05 ), #1346, 'distance_accuracy_value', 'NONE');
#1204 = CARTESIAN_POINT ( 'NONE',  ( -0.1881617656168538266, 0.07578415359782431082, 0.4514999999999996239 ) ) ;
#1205 = CARTESIAN_POINT ( 'NONE',  ( -0.01073435014067869453, 0.03994637228261349593, 0.4514999999999996239 ) ) ;
#1206 = LINE ( 'NONE', #2463, #590 ) ;
#1207 = AXIS2_PLACEMENT_3D ( 'NONE', #679, #477, #1305 ) ;
#1208 = ORIENTED_EDGE ( 'NONE', *, *, #1267, .T. ) ;
#1209 = ORIENTED_EDGE ( 'NONE', *, *, #713, .T. ) ;
#1210 = CARTESIAN_POINT ( 'NONE',  ( 0.05232905809995913593, 0.03994637228261349593, 0.4514999999999996239 ) ) ;
#1211 = ADVANCED_FACE ( 'NONE', ( #2513 ), #1287, .F. ) ;
#1212 = VECTOR ( 'NONE', #2423, 1000.000000000000000 ) ;
#1213 = CARTESIAN_POINT ( 'NONE',  ( 0.2180927429108886484, 0.002589844908668093026, 0.4499999999999999001 ) ) ;
#1214 = ADVANCED_FACE ( 'NONE', ( #1030 ), #458, .T. ) ;
#1215 = DIRECTION ( 'NONE',  ( 0.000000000000000000, -1.000000000000000000, 0.000000000000000000 ) ) ;
#1216 = VECTOR ( 'NONE', #1953, 1000.000000000000000 ) ;
#1217 = ORIENTED_EDGE ( 'NONE', *, *, #1659, .T. ) ;
#1218 = DIRECTION ( 'NONE',  ( 9.620821797635447101E-16, -2.743416180782804439E-16, -1.000000000000000000 ) ) ;
#1219 = FACE_OUTER_BOUND ( 'NONE', #2184, .T. ) ;
#1220 = PLANE ( 'NONE',  #912 ) ;
#1221 = CARTESIAN_POINT ( 'NONE',  ( -0.1289216853355285020, 0.01084447640902624910, 0.4514999999999996239 ) ) ;
#1222 =( NAMED_UNIT ( * ) PLANE_ANGLE_UNIT ( ) SI_UNIT ( $, .RADIAN. ) );
#1223 = ORIENTED_EDGE ( 'NONE', *, *, #2278, .F. ) ;
#1224 = DIRECTION ( 'NONE',  ( 0.000000000000000000, 1.000000000000000000, 0.000000000000000000 ) ) ;
#1225 = LINE ( 'NONE', #1272, #2431 ) ;
#1226 = ORIENTED_EDGE ( 'NONE', *, *, #2063, .T. ) ;
#1227 = UNCERTAINTY_MEASURE_WITH_UNIT (LENGTH_MEASURE( 1.000000000000000082E-05 ), #1592, 'distance_accuracy_value', 'NONE');
#1228 = SURFACE_STYLE_FILL_AREA ( #569 ) ;
#1229 = EDGE_CURVE ( 'NONE', #1144, #369, #868, .T. ) ;
#1230 = PRESENTATION_STYLE_ASSIGNMENT (( #208 ) ) ;
#1231 = EDGE_LOOP ( 'NONE', ( #425, #699, #2072, #1072, #852, #1964, #705, #103, #1118 ) ) ;
#1232 = FACE_OUTER_BOUND ( 'NONE', #1634, .T. ) ;
#1233 = CARTESIAN_POINT ( 'NONE',  ( 0.2622220151101278818, 0.008741898385816737616, 0.4514999999999996239 ) ) ;
#1234 = CARTESIAN_POINT ( 'NONE',  ( -0.7400000000000045430, 0.1900000000000000577, -0.4100000000000006417 ) ) ;
#1235 = ORIENTED_EDGE ( 'NONE', *, *, #2263, .T. ) ;
#1236 = SURFACE_STYLE_FILL_AREA ( #2288 ) ;
#1237 = CARTESIAN_POINT ( 'NONE',  ( 0.2757495501330281540, -0.004650642835245244466, 0.4499999999999999001 ) ) ;
#1238 = VECTOR ( 'NONE', #2405, 1000.000000000000000 ) ;
#1239 = DIRECTION ( 'NONE',  ( 1.000000000000000000, -6.661338147750935298E-16, 9.620821797635449073E-16 ) ) ;
#1240 = ORIENTED_EDGE ( 'NONE', *, *, #521, .T. ) ;
#1241 = AXIS2_PLACEMENT_3D ( 'NONE', #1324, #1340, #264 ) ;
#1242 = PRODUCT_DEFINITION_FORMATION_WITH_SPECIFIED_SOURCE ( 'ANY', '', #872, .NOT_KNOWN. ) ;
#1243 = VECTOR ( 'NONE', #660, 1000.000000000000114 ) ;
#1244 = CARTESIAN_POINT ( 'NONE',  ( -0.01423715191750662967, -0.05973561724571807563, 0.4514999999999996239 ) ) ;
#1245 = CARTESIAN_POINT ( 'NONE',  ( -0.7400000000000045430, 0.1900000000000000577, -0.4100000000000006417 ) ) ;
#1246 = CARTESIAN_POINT ( 'NONE',  ( -0.1000000000000008937, 6.123233995736820270E-18, 0.000000000000000000 ) ) ;
#1247 = LINE ( 'NONE', #2359, #2575 ) ;
#1248 = FACE_OUTER_BOUND ( 'NONE', #866, .T. ) ;
#1249 = VECTOR ( 'NONE', #1894, 1000.000000000000000 ) ;
#1250 = VERTEX_POINT ( 'NONE', #1875 ) ;
#1251 = CARTESIAN_POINT ( 'NONE',  ( 0.3398409170280447533, 0.07632830207904284237, 0.4499999999999999001 ) ) ;
#1252 = VECTOR ( 'NONE', #1910, 1000.000000000000000 ) ;
#1253 = CYLINDRICAL_SURFACE ( 'NONE', #2101, 0.02101182754493401486 ) ;
#1254 = EDGE_LOOP ( 'NONE', ( #2239, #1992, #101, #1226, #1942, #1268, #857, #502, #29, #261, #2486 ) ) ;
#1255 = DIRECTION ( 'NONE',  ( 0.000000000000000000, -0.000000000000000000, 1.000000000000000000 ) ) ;
#1256 = ORIENTED_EDGE ( 'NONE', *, *, #1284, .T. ) ;
#1257 = UNCERTAINTY_MEASURE_WITH_UNIT (LENGTH_MEASURE( 1.000000000000000082E-05 ), #914, 'distance_accuracy_value', 'NONE');
#1258 = DIRECTION ( 'NONE',  ( 1.000000000000000000, -6.661338147750935298E-16, 9.620821797635449073E-16 ) ) ;
#1259 = SHAPE_REPRESENTATION ( 'Torex LOGO', ( #1471 ), #2656 ) ;
#1260 = CLOSED_SHELL ( 'NONE', ( #787, #794, #246, #2090, #1898, #314, #2097, #1418, #1173, #94, #1902, #1483, #1655, #400 ) ) ;
#1261 = ORIENTED_EDGE ( 'NONE', *, *, #750, .F. ) ;
#1262 = CARTESIAN_POINT ( 'NONE',  ( -0.1881617656168538266, -0.8760000000000017772, 0.4499999999999999001 ) ) ;
#1263 = DIRECTION ( 'NONE',  ( 1.000000000000000000, -6.661338147750941215E-16, -9.620821797635462879E-16 ) ) ;
#1264 = MANIFOLD_SOLID_BREP ( 'Scale1[2]', #2105 ) ;
#1265 = DIRECTION ( 'NONE',  ( -1.000000000000000000, 6.661338147750935298E-16, -9.620821797635449073E-16 ) ) ;
#1266 = CARTESIAN_POINT ( 'NONE',  ( 0.3398409170280447533, 0.07632830207904284237, 0.4514999999999996239 ) ) ;
#1267 = EDGE_CURVE ( 'NONE', #1540, #2685, #2036, .T. ) ;
#1268 = ORIENTED_EDGE ( 'NONE', *, *, #148, .T. ) ;
#1269 = DIRECTION ( 'NONE',  ( -1.000000000000000000, 0.000000000000000000, 0.000000000000000000 ) ) ;
#1270 = ORIENTED_EDGE ( 'NONE', *, *, #1732, .T. ) ;
#1271 = ADVANCED_FACE ( 'NONE', ( #1054 ), #1924, .F. ) ;
#1272 = CARTESIAN_POINT ( 'NONE',  ( 0.2757495501330281540, -0.004650642835245244466, 0.4499999999999999001 ) ) ;
#1273 = ORIENTED_EDGE ( 'NONE', *, *, #2073, .T. ) ;
#1274 = PRESENTATION_STYLE_ASSIGNMENT (( #1891 ) ) ;
#1275 = CARTESIAN_POINT ( 'NONE',  ( -0.7400000000000045430, 0.1700000000000000122, -0.4100000000000006417 ) ) ;
#1276 = ORIENTED_EDGE ( 'NONE', *, *, #2382, .T. ) ;
#1277 = DIRECTION ( 'NONE',  ( 9.620821797635464851E-16, 2.743416180782791127E-16, 1.000000000000000000 ) ) ;
#1278 = ORIENTED_EDGE ( 'NONE', *, *, #453, .F. ) ;
#1279 = EDGE_CURVE ( 'NONE', #2472, #1929, #1724, .T. ) ;
#1280 =( NAMED_UNIT ( * ) SI_UNIT ( $, .STERADIAN. ) SOLID_ANGLE_UNIT ( ) );
#1281 = MANIFOLD_SOLID_BREP ( 'Split2[3]', #49 ) ;
#1282 = ORIENTED_EDGE ( 'NONE', *, *, #894, .F. ) ;
#1283 = CARTESIAN_POINT ( 'NONE',  ( -0.2495701759377133566, 0.06019826265344502270, 0.4514999999999996239 ) ) ;
#1284 = EDGE_CURVE ( 'NONE', #324, #2119, #2328, .T. ) ;
#1285 = ORIENTED_EDGE ( 'NONE', *, *, #1164, .T. ) ;
#1286 = ADVANCED_FACE ( 'NONE', ( #725 ), #75, .F. ) ;
#1287 = PLANE ( 'NONE',  #944 ) ;
#1288 = EDGE_CURVE ( 'NONE', #2621, #1293, #485, .T. ) ;
#1289 = PRESENTATION_LAYER_ASSIGNMENT (  '', '', ( #462 ) ) ;
#1290 = AXIS2_PLACEMENT_3D ( 'NONE', #1799, #586, #2631 ) ;
#1291 = SHAPE_REPRESENTATION_RELATIONSHIP ( 'NONE' , 'NONE' ,  #1347, #149 ) ;
#1292 = CARTESIAN_POINT ( 'NONE',  ( -0.04690934708873051306, -0.05973561724571807563, 0.4514999999999996239 ) ) ;
#1293 = VERTEX_POINT ( 'NONE', #1764 ) ;
#1294 = DIRECTION ( 'NONE',  ( 6.661338147750936284E-16, -1.000000000000000000, -2.743416180782785704E-16 ) ) ;
#1295 = CARTESIAN_POINT ( 'NONE',  ( 0.001255226936378028846, 0.06117286023095414027, 0.4499999999999999001 ) ) ;
#1296 = EDGE_CURVE ( 'NONE', #2498, #369, #949, .T. ) ;
#1297 = EDGE_LOOP ( 'NONE', ( #384, #199, #2103, #2283 ) ) ;
#1298 = LINE ( 'NONE', #1100, #1589 ) ;
#1299 = ORIENTED_EDGE ( 'NONE', *, *, #1868, .F. ) ;
#1300 = AXIS2_PLACEMENT_3D ( 'NONE', #1861, #8, #831 ) ;
#1301 = PLANE ( 'NONE',  #2691 ) ;
#1302 = DIRECTION ( 'NONE',  ( -9.620821797635464851E-16, -2.743416180782791127E-16, -1.000000000000000000 ) ) ;
#1303 = ITEM_DEFINED_TRANSFORMATION ( 'NONE', 'NONE', #903,  #1471 ) ;
#1304 = AXIS2_PLACEMENT_3D ( 'NONE', #320, #2576, #1993 ) ;
#1305 = DIRECTION ( 'NONE',  ( 0.000000000000000000, 0.000000000000000000, 1.000000000000000000 ) ) ;
#1306 = ORIENTED_EDGE ( 'NONE', *, *, #2497, .T. ) ;
#1307 = FACE_OUTER_BOUND ( 'NONE', #2536, .T. ) ;
#1308 = SURFACE_SIDE_STYLE ('',( #2386 ) ) ;
#1309 = ORIENTED_EDGE ( 'NONE', *, *, #673, .F. ) ;
#1310 = FACE_OUTER_BOUND ( 'NONE', #1078, .T. ) ;
#1311 = VERTEX_POINT ( 'NONE', #1737 ) ;
#1312 = MANIFOLD_SOLID_BREP ( 'Scale1[1]', #2623 ) ;
#1313 = SURFACE_STYLE_USAGE ( .BOTH. , #710 ) ;
#1314 = EDGE_CURVE ( 'NONE', #2044, #670, #2571, .T. ) ;
#1315 = DIRECTION ( 'NONE',  ( 1.000000000000000000, -6.661338147750935298E-16, 9.620821797635449073E-16 ) ) ;
#1316 = ADVANCED_FACE ( 'NONE', ( #533 ), #1522, .F. ) ;
#1317 = EDGE_CURVE ( 'NONE', #1065, #1788, #302, .T. ) ;
#1318 =( NAMED_UNIT ( * ) PLANE_ANGLE_UNIT ( ) SI_UNIT ( $, .RADIAN. ) );
#1319 = ORIENTED_EDGE ( 'NONE', *, *, #692, .F. ) ;
#1320 = SURFACE_STYLE_USAGE ( .BOTH. , #318 ) ;
#1321 = ORIENTED_EDGE ( 'NONE', *, *, #1877, .T. ) ;
#1322 = DIRECTION ( 'NONE',  ( -0.6063807679596637801, 0.7951744237893019207, -3.652386929285053324E-16 ) ) ;
#1323 = ORIENTED_EDGE ( 'NONE', *, *, #2131, .F. ) ;
#1324 = CARTESIAN_POINT ( 'NONE',  ( -0.3274996306596028584, 0.07578415359782431082, 0.4514999999999996239 ) ) ;
#1325 = DIRECTION ( 'NONE',  ( 0.000000000000000000, 1.000000000000000000, 0.000000000000000000 ) ) ;
#1326 = PRESENTATION_LAYER_ASSIGNMENT (  '', '', ( #2129 ) ) ;
#1327 = APPLICATION_PROTOCOL_DEFINITION ( 'draft international standard', 'automotive_design', 1998, #293 ) ;
#1328 = AXIS2_PLACEMENT_3D ( 'NONE', #1374, #1625, #335 ) ;
#1329 = MANIFOLD_SOLID_BREP ( 'Scale1[4]', #1260 ) ;
#1330 = EDGE_CURVE ( 'NONE', #1012, #2445, #2644, .T. ) ;
#1331 =( GEOMETRIC_REPRESENTATION_CONTEXT ( 3 ) GLOBAL_UNCERTAINTY_ASSIGNED_CONTEXT ( ( #2312 ) ) GLOBAL_UNIT_ASSIGNED_CONTEXT ( ( #508, #2591, #312 ) ) REPRESENTATION_CONTEXT ( 'NONE', 'WORKASPACE' ) );
#1332 = CARTESIAN_POINT ( 'NONE',  ( -0.1881617656168538266, 0.06019826265344502270, 0.4514999999999996239 ) ) ;
#1333 = ORIENTED_EDGE ( 'NONE', *, *, #2174, .T. ) ;
#1334 =( NAMED_UNIT ( * ) PLANE_ANGLE_UNIT ( ) SI_UNIT ( $, .RADIAN. ) );
#1335 =( GEOMETRIC_REPRESENTATION_CONTEXT ( 3 ) GLOBAL_UNCERTAINTY_ASSIGNED_CONTEXT ( ( #1401 ) ) GLOBAL_UNIT_ASSIGNED_CONTEXT ( ( #862, #227, #1060 ) ) REPRESENTATION_CONTEXT ( 'NONE', 'WORKASPACE' ) );
#1336 = CARTESIAN_POINT ( 'NONE',  ( -0.7400000000000045430, 0.1900000000000000577, 0.4100000000000006417 ) ) ;
#1337 = ORIENTED_EDGE ( 'NONE', *, *, #999, .F. ) ;
#1338 = LINE ( 'NONE', #947, #1738 ) ;
#1339 = EDGE_LOOP ( 'NONE', ( #283, #1956, #41, #305 ) ) ;
#1340 = DIRECTION ( 'NONE',  ( 6.661338147750942201E-16, -1.000000000000000000, 2.743416180782784718E-16 ) ) ;
#1341 = VECTOR ( 'NONE', #1698, 1000.000000000000000 ) ;
#1342 = VECTOR ( 'NONE', #940, 1000.000000000000000 ) ;
#1343 = LINE ( 'NONE', #2370, #1745 ) ;
#1344 = CARTESIAN_POINT ( 'NONE',  ( -0.7400000000000045430, 0.1900000000000000577, 0.4100000000000006417 ) ) ;
#1345 = ORIENTED_EDGE ( 'NONE', *, *, #2582, .T. ) ;
#1346 =( LENGTH_UNIT ( ) NAMED_UNIT ( * ) SI_UNIT ( .MILLI., .METRE. ) );
#1347 = SHAPE_REPRESENTATION ( 'Body', ( #1471 ), #1787 ) ;
#1348 = SURFACE_STYLE_USAGE ( .BOTH. , #2398 ) ;
#1349 = VECTOR ( 'NONE', #621, 1000.000000000000114 ) ;
#1350 = EDGE_CURVE ( 'NONE', #825, #288, #2369, .T. ) ;
#1351 = VERTEX_POINT ( 'NONE', #2675 ) ;
#1352 = CARTESIAN_POINT ( 'NONE',  ( 0.06453751769582016795, -0.05876101966820895806, 0.4499999999999999001 ) ) ;
#1353 = EDGE_LOOP ( 'NONE', ( #93, #959, #689, #2701 ) ) ;
#1354 = EDGE_CURVE ( 'NONE', #1887, #421, #796, .T. ) ;
#1355 = DIRECTION ( 'NONE',  ( 1.000000000000000000, -2.127484823674921080E-15, 9.620821797635449073E-16 ) ) ;
#1356 = ORIENTED_EDGE ( 'NONE', *, *, #470, .T. ) ;
#1357 = DIRECTION ( 'NONE',  ( 0.000000000000000000, -1.000000000000000000, 0.000000000000000000 ) ) ;
#1358 = APPLICATION_PROTOCOL_DEFINITION ( 'draft international standard', 'automotive_design', 1998, #1547 ) ;
#1359 = DIRECTION ( 'NONE',  ( 6.661338147750942201E-16, -1.000000000000000000, 2.743416180782784718E-16 ) ) ;
#1360 = CARTESIAN_POINT ( 'NONE',  ( -0.1289216853355285020, 0.01084447640902624910, 0.4499999999999999001 ) ) ;
#1361 = ORIENTED_EDGE ( 'NONE', *, *, #1007, .F. ) ;
#1362 = EDGE_CURVE ( 'NONE', #297, #27, #812, .T. ) ;
#1363 = DIRECTION ( 'NONE',  ( -0.7951744237893018097, -0.6063807679596641131, -9.313786239850367791E-16 ) ) ;
#1364 = ORIENTED_EDGE ( 'NONE', *, *, #179, .F. ) ;
#1365 = CARTESIAN_POINT ( 'NONE',  ( 0.06453751769582016795, -0.05876101966820895806, 0.4514999999999996239 ) ) ;
#1366 = DIRECTION ( 'NONE',  ( 0.000000000000000000, 0.000000000000000000, 1.000000000000000000 ) ) ;
#1367 = EDGE_CURVE ( 'NONE', #2455, #2421, #989, .T. ) ;
#1368 = VERTEX_POINT ( 'NONE', #2264 ) ;
#1369 = EDGE_CURVE ( 'NONE', #1377, #2076, #1184, .T. ) ;
#1370 = DIRECTION ( 'NONE',  ( -1.729309567539939579E-17, 0.9999999999999998890, 4.663860400249979121E-17 ) ) ;
#1371 = VECTOR ( 'NONE', #1572, 1000.000000000000000 ) ;
#1372 = LINE ( 'NONE', #2015, #1342 ) ;
#1373 = CARTESIAN_POINT ( 'NONE',  ( -0.5460000000000048148, -0.05973561724571807563, 0.4499999999999999001 ) ) ;
#1374 = CARTESIAN_POINT ( 'NONE',  ( 0.000000000000000000, 0.1700000000000000122, 0.000000000000000000 ) ) ;
#1375 = AXIS2_PLACEMENT_3D ( 'NONE', #1639, #2483, #1853 ) ;
#1376 = MECHANICAL_DESIGN_GEOMETRIC_PRESENTATION_REPRESENTATION (  '', ( #1456 ), #1331 ) ;
#1377 = VERTEX_POINT ( 'NONE', #1949 ) ;
#1378 = LINE ( 'NONE', #970, #2542 ) ;
#1379 = ORIENTED_EDGE ( 'NONE', *, *, #311, .F. ) ;
#1380 = CIRCLE ( 'NONE', #986, 0.03735652737394400819 ) ;
#1381 = CARTESIAN_POINT ( 'NONE',  ( 0.2844978556510030510, 0.008741898385816737616, 0.4514999999999996239 ) ) ;
#1382 = LINE ( 'NONE', #354, #2040 ) ;
#1383 = EDGE_CURVE ( 'NONE', #2472, #2162, #565, .T. ) ;
#1384 = FACE_OUTER_BOUND ( 'NONE', #535, .T. ) ;
#1385 = ORIENTED_EDGE ( 'NONE', *, *, #2256, .T. ) ;
#1386 = VECTOR ( 'NONE', #404, 1000.000000000000000 ) ;
#1387 = DIRECTION ( 'NONE',  ( 1.000000000000000000, 0.000000000000000000, 0.000000000000000000 ) ) ;
#1388 = LINE ( 'NONE', #943, #381 ) ;
#1389 = CARTESIAN_POINT ( 'NONE',  ( -0.2660849495320360969, -0.05973561724571807563, 0.4514999999999996239 ) ) ;
#1390 = DIRECTION ( 'NONE',  ( -1.000000000000000000, -1.607459986717609426E-15, -9.620821797635456962E-16 ) ) ;
#1391 = CARTESIAN_POINT ( 'NONE',  ( 0.7400000000000045430, 0.1900000000000000577, 0.4100000000000006417 ) ) ;
#1392 = DIRECTION ( 'NONE',  ( -6.661338147750942201E-16, 1.000000000000000000, -2.743416180782784718E-16 ) ) ;
#1393 = AXIS2_PLACEMENT_3D ( 'NONE', #686, #863, #217 ) ;
#1394 = EDGE_LOOP ( 'NONE', ( #2034, #791, #1139, #1706 ) ) ;
#1395 = LINE ( 'NONE', #396, #2259 ) ;
#1396 = CARTESIAN_POINT ( 'NONE',  ( 0.001255226936378028846, 0.06117286023095414027, 0.4514999999999996239 ) ) ;
#1397 = ADVANCED_BREP_SHAPE_REPRESENTATION ( '', ( #1312, #1264, #2240, #1329, #2204, #351, #1471 ), #2656 ) ;
#1398 = VECTOR ( 'NONE', #1269, 1000.000000000000000 ) ;
#1399 = FACE_OUTER_BOUND ( 'NONE', #2234, .T. ) ;
#1400 = ORIENTED_EDGE ( 'NONE', *, *, #1296, .T. ) ;
#1401 = UNCERTAINTY_MEASURE_WITH_UNIT (LENGTH_MEASURE( 1.000000000000000082E-05 ), #862, 'distance_accuracy_value', 'NONE');
#1402 = ADVANCED_FACE ( 'NONE', ( #1399 ), #576, .F. ) ;
#1403 = CARTESIAN_POINT ( 'NONE',  ( -0.5399999999999988143, 0.1900000000000000577, 0.2600000000000032840 ) ) ;
#1404 = CARTESIAN_POINT ( 'NONE',  ( 0.2180927429108886484, 0.01926097453439079565, 0.4514999999999996239 ) ) ;
#1405 = ADVANCED_FACE ( 'NONE', ( #165 ), #2238, .T. ) ;
#1406 = FACE_OUTER_BOUND ( 'NONE', #915, .T. ) ;
#1407 = ORIENTED_EDGE ( 'NONE', *, *, #1550, .T. ) ;
#1408 = CARTESIAN_POINT ( 'NONE',  ( -0.5399999999999988143, 0.1700000000000000122, 0.2600000000000032840 ) ) ;
#1409 = EDGE_CURVE ( 'NONE', #1144, #1599, #2060, .T. ) ;
#1410 = DIRECTION ( 'NONE',  ( -0.6335469652300284027, -0.7737042347356134497, -8.217835169624697569E-16 ) ) ;
#1411 = PLANE ( 'NONE',  #762 ) ;
#1412 = ORIENTED_EDGE ( 'NONE', *, *, #653, .F. ) ;
#1413 = DIRECTION ( 'NONE',  ( 0.6063807679596635580, -0.7951744237893021428, 3.652386929285050859E-16 ) ) ;
#1414 = DIRECTION ( 'NONE',  ( 1.000000000000000000, 0.000000000000000000, 0.000000000000000000 ) ) ;
#1415 = EDGE_CURVE ( 'NONE', #1513, #190, #974, .T. ) ;
#1416 = SURFACE_SIDE_STYLE ('',( #1576 ) ) ;
#1417 = CARTESIAN_POINT ( 'NONE',  ( -0.1881617656168538266, 0.07578415359782431082, 0.4499999999999999001 ) ) ;
#1418 = ADVANCED_FACE ( 'NONE', ( #1645 ), #1411, .F. ) ;
#1419 = LINE ( 'NONE', #540, #1002 ) ;
#1420 = VERTEX_POINT ( 'NONE', #1365 ) ;
#1421 = LINE ( 'NONE', #2468, #418 ) ;
#1422 = FACE_OUTER_BOUND ( 'NONE', #2276, .T. ) ;
#1423 = MECHANICAL_DESIGN_GEOMETRIC_PRESENTATION_REPRESENTATION (  '', ( #462 ), #2084 ) ;
#1424 = CARTESIAN_POINT ( 'NONE',  ( 0.3166618649260155571, 0.07632830207904284237, 0.4514999999999996239 ) ) ;
#1425 = VECTOR ( 'NONE', #1239, 1000.000000000000000 ) ;
#1426 = VECTOR ( 'NONE', #1032, 1000.000000000000000 ) ;
#1427 = CARTESIAN_POINT ( 'NONE',  ( 0.7400000000000045430, 0.1900000000000000577, 0.4100000000000006417 ) ) ;
#1428 = ORIENTED_EDGE ( 'NONE', *, *, #1640, .T. ) ;
#1429 = FACE_OUTER_BOUND ( 'NONE', #848, .T. ) ;
#1430 = APPLICATION_PROTOCOL_DEFINITION ( 'draft international standard', 'automotive_design', 1998, #155 ) ;
#1431 = AXIS2_PLACEMENT_3D ( 'NONE', #1136, #677, #475 ) ;
#1432 = ORIENTED_EDGE ( 'NONE', *, *, #1659, .F. ) ;
#1433 = DIRECTION ( 'NONE',  ( 1.000000000000000000, -6.661338147750935298E-16, 9.620821797635449073E-16 ) ) ;
#1434 = AXIS2_PLACEMENT_3D ( 'NONE', #2077, #1893, #1675 ) ;
#1435 = ORIENTED_EDGE ( 'NONE', *, *, #1640, .F. ) ;
#1436 = LINE ( 'NONE', #161, #1200 ) ;
#1437 = EDGE_CURVE ( 'NONE', #186, #2365, #1000, .T. ) ;
#1438 = CARTESIAN_POINT ( 'NONE',  ( -0.04690934708873051306, 0.07100698918611342281, 0.4514999999999996239 ) ) ;
#1439 = VECTOR ( 'NONE', #478, 1000.000000000000000 ) ;
#1440 = VERTEX_POINT ( 'NONE', #1157 ) ;
#1441 = SURFACE_SIDE_STYLE ('',( #1228 ) ) ;
#1442 = LINE ( 'NONE', #638, #951 ) ;
#1443 = LINE ( 'NONE', #1677, #301 ) ;
#1444 = VERTEX_POINT ( 'NONE', #1801 ) ;
#1445 = FILL_AREA_STYLE ('',( #671 ) ) ;
#1446 = DIRECTION ( 'NONE',  ( -9.620821797635464851E-16, -2.743416180782791127E-16, -1.000000000000000000 ) ) ;
#1447 = EDGE_LOOP ( 'NONE', ( #1773, #2132, #964, #1762 ) ) ;
#1448 = UNCERTAINTY_MEASURE_WITH_UNIT (LENGTH_MEASURE( 1.000000000000000082E-05 ), #1066, 'distance_accuracy_value', 'NONE');
#1449 =( NAMED_UNIT ( * ) PLANE_ANGLE_UNIT ( ) SI_UNIT ( $, .RADIAN. ) );
#1450 = VERTEX_POINT ( 'NONE', #764 ) ;
#1451 = LINE ( 'NONE', #1651, #2400 ) ;
#1452 = PLANE ( 'NONE',  #31 ) ;
#1453 = DIRECTION ( 'NONE',  ( -0.000000000000000000, 1.000000000000000000, -0.000000000000000000 ) ) ;
#1454 = ORIENTED_EDGE ( 'NONE', *, *, #2333, .F. ) ;
#1455 = LINE ( 'NONE', #467, #215 ) ;
#1456 = STYLED_ITEM ( 'NONE', ( #1752 ), #1312 ) ;
#1457 = MECHANICAL_DESIGN_GEOMETRIC_PRESENTATION_REPRESENTATION (  '', ( #105 ), #281 ) ;
#1458 = DIRECTION ( 'NONE',  ( 5.557975978702423183E-16, 1.000000000000000000, 2.743416180782797537E-16 ) ) ;
#1459 = ORIENTED_EDGE ( 'NONE', *, *, #1814, .T. ) ;
#1460 = AXIS2_PLACEMENT_3D ( 'NONE', #102, #1749, #483 ) ;
#1461 = VECTOR ( 'NONE', #588, 1000.000000000000000 ) ;
#1462 = AXIS2_PLACEMENT_3D ( 'NONE', #1603, #2666, #112 ) ;
#1463 = VECTOR ( 'NONE', #2477, 1000.000000000000000 ) ;
#1464 = CIRCLE ( 'NONE', #906, 0.06000000000000004635 ) ;
#1465 = EDGE_CURVE ( 'NONE', #186, #86, #2634, .T. ) ;
#1466 = FACE_OUTER_BOUND ( 'NONE', #1909, .T. ) ;
#1467 = VERTEX_POINT ( 'NONE', #2429 ) ;
#1468 = CARTESIAN_POINT ( 'NONE',  ( 0.3166618649260155571, -0.05864222277228436919, 0.4514999999999996239 ) ) ;
#1469 = CARTESIAN_POINT ( 'NONE',  ( 0.2622220151101278818, 0.008741898385816737616, 0.4514999999999996239 ) ) ;
#1470 = PLANE ( 'NONE',  #169 ) ;
#1471 = AXIS2_PLACEMENT_3D ( 'NONE', #939, #76, #1559 ) ;
#1472 = ORIENTED_EDGE ( 'NONE', *, *, #1868, .T. ) ;
#1473 = VECTOR ( 'NONE', #523, 1000.000000000000000 ) ;
#1474 = SURFACE_SIDE_STYLE ('',( #2348 ) ) ;
#1475 = AXIS2_PLACEMENT_3D ( 'NONE', #556, #1390, #979 ) ;
#1476 = PLANE ( 'NONE',  #2646 ) ;
#1477 = ORIENTED_EDGE ( 'NONE', *, *, #1792, .T. ) ;
#1478 = PRESENTATION_LAYER_ASSIGNMENT (  '', '', ( #917 ) ) ;
#1479 = PRODUCT_DEFINITION_CONTEXT ( 'detailed design', #2602, 'design' ) ;
#1480 = DIRECTION ( 'NONE',  ( -9.620821797635464851E-16, -2.743416180782791127E-16, -1.000000000000000000 ) ) ;
#1481 = AXIS2_PLACEMENT_3D ( 'NONE', #11, #2095, #1047 ) ;
#1482 = DIRECTION ( 'NONE',  ( -0.6927072756914625096, 0.7212188504220561347, -4.685809793219660004E-16 ) ) ;
#1483 = ADVANCED_FACE ( 'NONE', ( #1384 ), #2224, .F. ) ;
#1484 = ORIENTED_EDGE ( 'NONE', *, *, #1279, .F. ) ;
#1485 = PLANE ( 'NONE',  #2443 ) ;
#1486 = FACE_OUTER_BOUND ( 'NONE', #2508, .T. ) ;
#1487 = CARTESIAN_POINT ( 'NONE',  ( -0.5399999999999988143, 0.1700000000000000122, 0.3200000000000033373 ) ) ;
#1488 = ORIENTED_EDGE ( 'NONE', *, *, #2582, .F. ) ;
#1489 = EDGE_CURVE ( 'NONE', #1599, #2498, #1872, .T. ) ;
#1490 = CARTESIAN_POINT ( 'NONE',  ( -0.2495701759377133566, 0.06019826265344502270, 0.4514999999999996239 ) ) ;
#1491 = FILL_AREA_STYLE_COLOUR ( '', #1562 ) ;
#1492 = ADVANCED_FACE ( 'NONE', ( #409 ), #2130, .F. ) ;
#1493 = ORIENTED_EDGE ( 'NONE', *, *, #1354, .T. ) ;
#1494 = FACE_OUTER_BOUND ( 'NONE', #626, .T. ) ;
#1495 = ORIENTED_EDGE ( 'NONE', *, *, #985, .T. ) ;
#1496 = PRESENTATION_STYLE_ASSIGNMENT (( #676 ) ) ;
#1497 = LINE ( 'NONE', #2341, #1121 ) ;
#1498 = LINE ( 'NONE', #417, #2134 ) ;
#1499 = DIRECTION ( 'NONE',  ( 4.969308428006843299E-15, 1.000000000000000000, 2.743416180782840924E-16 ) ) ;
#1500 =( NAMED_UNIT ( * ) PLANE_ANGLE_UNIT ( ) SI_UNIT ( $, .RADIAN. ) );
#1501 = ORIENTED_EDGE ( 'NONE', *, *, #148, .F. ) ;
#1502 = PRODUCT ( 'Body', 'Body', '', ( #2160 ) ) ;
#1503 = CARTESIAN_POINT ( 'NONE',  ( 0.3166618649260155571, 0.07632830207904284237, 0.4499999999999999001 ) ) ;
#1504 = EDGE_LOOP ( 'NONE', ( #1981, #1345, #736, #2069 ) ) ;
#1505 = DIRECTION ( 'NONE',  ( 1.000000000000000000, -6.661338147750935298E-16, 9.620821797635449073E-16 ) ) ;
#1506 = ORIENTED_EDGE ( 'NONE', *, *, #2059, .F. ) ;
#1507 = VECTOR ( 'NONE', #1480, 1000.000000000000000 ) ;
#1508 = COLOUR_RGB ( '',0.000000000000000000, 0.000000000000000000, 0.000000000000000000 ) ;
#1509 = PRODUCT_DEFINITION_FORMATION_WITH_SPECIFIED_SOURCE ( 'ANY', '', #235, .NOT_KNOWN. ) ;
#1510 = VECTOR ( 'NONE', #2058, 1000.000000000000000 ) ;
#1511 = DIRECTION ( 'NONE',  ( 0.000000000000000000, -0.000000000000000000, 1.000000000000000000 ) ) ;
#1512 = DIRECTION ( 'NONE',  ( -0.000000000000000000, 1.000000000000000000, -0.000000000000000000 ) ) ;
#1513 = VERTEX_POINT ( 'NONE', #2290 ) ;
#1514 =( NAMED_UNIT ( * ) SI_UNIT ( $, .STERADIAN. ) SOLID_ANGLE_UNIT ( ) );
#1515 = VECTOR ( 'NONE', #2148, 1000.000000000000000 ) ;
#1516 = CARTESIAN_POINT ( 'NONE',  ( 0.09343594133574828486, -0.05741255515549076316, 0.4514999999999996239 ) ) ;
#1517 = EDGE_LOOP ( 'NONE', ( #2467, #1407, #834, #662 ) ) ;
#1518 = DIRECTION ( 'NONE',  ( -9.620821797635464851E-16, -2.743416180782791127E-16, -1.000000000000000000 ) ) ;
#1519 = ADVANCED_FACE ( 'NONE', ( #2087 ), #2511, .F. ) ;
#1520 = ORIENTED_EDGE ( 'NONE', *, *, #236, .T. ) ;
#1521 = EDGE_CURVE ( 'NONE', #1887, #2694, #248, .T. ) ;
#1522 = PLANE ( 'NONE',  #1241 ) ;
#1523 = CARTESIAN_POINT ( 'NONE',  ( -0.04690934708873051306, 0.07100698918611342281, 0.4499999999999999001 ) ) ;
#1524 = PRODUCT_DEFINITION ( 'UNKNOWN', '', #1242, #887 ) ;
#1525 = ORIENTED_EDGE ( 'NONE', *, *, #902, .F. ) ;
#1526 = DIRECTION ( 'NONE',  ( 0.000000000000000000, 1.000000000000000000, 0.000000000000000000 ) ) ;
#1527 = DIRECTION ( 'NONE',  ( -0.6039477492579742313, 0.7970239119162153552, -3.623905374272243862E-16 ) ) ;
#1528 = ORIENTED_EDGE ( 'NONE', *, *, #2578, .T. ) ;
#1529 = CARTESIAN_POINT ( 'NONE',  ( -0.5460000000000048148, -0.05864222277228436919, 0.4499999999999999001 ) ) ;
#1530 = VERTEX_POINT ( 'NONE', #1888 ) ;
#1531 =( LENGTH_UNIT ( ) NAMED_UNIT ( * ) SI_UNIT ( .MILLI., .METRE. ) );
#1532 =( NAMED_UNIT ( * ) SI_UNIT ( $, .STERADIAN. ) SOLID_ANGLE_UNIT ( ) );
#1533 = CONTEXT_DEPENDENT_SHAPE_REPRESENTATION ( #1180, #1084 ) ;
#1534 = DIRECTION ( 'NONE',  ( -1.000000000000000000, 0.000000000000000000, 0.000000000000000000 ) ) ;
#1535 = ORIENTED_EDGE ( 'NONE', *, *, #2592, .T. ) ;
#1536 = DIRECTION ( 'NONE',  ( 0.000000000000000000, 0.000000000000000000, 1.000000000000000000 ) ) ;
#1537 =( LENGTH_UNIT ( ) NAMED_UNIT ( * ) SI_UNIT ( .MILLI., .METRE. ) );
#1538 = ORIENTED_EDGE ( 'NONE', *, *, #1779, .F. ) ;
#1539 = FACE_OUTER_BOUND ( 'NONE', #2635, .T. ) ;
#1540 = VERTEX_POINT ( 'NONE', #1705 ) ;
#1541 = CARTESIAN_POINT ( 'NONE',  ( -0.2495701759377133566, -0.8760000000000017772, 0.4499999999999999001 ) ) ;
#1542 = DIRECTION ( 'NONE',  ( -6.661338147750936284E-16, 1.000000000000000000, 2.743416180782785704E-16 ) ) ;
#1543 = COLOUR_RGB ( '',0.007843137254901960675, 0.2352941176470588203, 0.8235294117647058432 ) ;
#1544 = AXIS2_PLACEMENT_3D ( 'NONE', #505, #2183, #1133 ) ;
#1545 = CARTESIAN_POINT ( 'NONE',  ( 0.1108627356977698319, -0.04089420743941252212, 0.4499999999999999001 ) ) ;
#1546 = ORIENTED_EDGE ( 'NONE', *, *, #1920, .F. ) ;
#1547 = APPLICATION_CONTEXT ( 'automotive_design' ) ;
#1548 = VECTOR ( 'NONE', #2236, 1000.000000000000227 ) ;
#1549 = CARTESIAN_POINT ( 'NONE',  ( 0.2218045508528831977, -0.04089420743941252212, 0.4514999999999996239 ) ) ;
#1550 = EDGE_CURVE ( 'NONE', #421, #1134, #398, .T. ) ;
#1551 = FILL_AREA_STYLE ('',( #2598 ) ) ;
#1552 = ORIENTED_EDGE ( 'NONE', *, *, #145, .T. ) ;
#1553 = DIRECTION ( 'NONE',  ( 1.000000000000000000, -6.661338147750935298E-16, 9.620821797635449073E-16 ) ) ;
#1554 = CIRCLE ( 'NONE', #1431, 0.05469401709438427572 ) ;
#1555 = ORIENTED_EDGE ( 'NONE', *, *, #2630, .T. ) ;
#1556 = EDGE_LOOP ( 'NONE', ( #1848, #2458, #1704, #1860 ) ) ;
#1557 = EDGE_CURVE ( 'NONE', #609, #1012, #1870, .T. ) ;
#1558 = VECTOR ( 'NONE', #525, 1000.000000000000000 ) ;
#1559 = DIRECTION ( 'NONE',  ( 1.000000000000000000, 0.000000000000000000, 0.000000000000000000 ) ) ;
#1560 = EDGE_CURVE ( 'NONE', #288, #209, #1225, .T. ) ;
#1561 = LINE ( 'NONE', #2409, #1703 ) ;
#1562 = COLOUR_RGB ( '',0.007843137254901960675, 0.2352941176470588203, 0.8235294117647058432 ) ;
#1563 = CARTESIAN_POINT ( 'NONE',  ( 0.05232905809995913593, 0.07730289965655889883, 0.4514999999999996239 ) ) ;
#1564 = FACE_OUTER_BOUND ( 'NONE', #2289, .T. ) ;
#1565 = PRESENTATION_LAYER_ASSIGNMENT (  '', '', ( #782 ) ) ;
#1566 = EDGE_CURVE ( 'NONE', #1293, #1444, #1380, .T. ) ;
#1567 = ORIENTED_EDGE ( 'NONE', *, *, #1814, .F. ) ;
#1568 = ADVANCED_FACE ( 'NONE', ( #1077 ), #48, .T. ) ;
#1569 = DIRECTION ( 'NONE',  ( 0.000000000000000000, 0.000000000000000000, 1.000000000000000000 ) ) ;
#1570 = EDGE_LOOP ( 'NONE', ( #2515, #468 ) ) ;
#1571 = ADVANCED_FACE ( 'NONE', ( #1494 ), #1476, .F. ) ;
#1572 = DIRECTION ( 'NONE',  ( -9.620821797635464851E-16, -2.743416180782791127E-16, -1.000000000000000000 ) ) ;
#1573 = DIRECTION ( 'NONE',  ( 0.000000000000000000, -0.000000000000000000, -1.000000000000000000 ) ) ;
#1574 = ORIENTED_EDGE ( 'NONE', *, *, #2208, .F. ) ;
#1575 = CARTESIAN_POINT ( 'NONE',  ( -0.02916512199241383385, -0.05973561724571807563, 0.4514999999999996239 ) ) ;
#1576 = SURFACE_STYLE_FILL_AREA ( #744 ) ;
#1577 = DIRECTION ( 'NONE',  ( -0.000000000000000000, -1.000000000000000000, -0.000000000000000000 ) ) ;
#1578 = ADVANCED_FACE ( 'NONE', ( #1722 ), #2118, .F. ) ;
#1579 = FILL_AREA_STYLE_COLOUR ( '', #1170 ) ;
#1580 = ORIENTED_EDGE ( 'NONE', *, *, #953, .T. ) ;
#1581 = CARTESIAN_POINT ( 'NONE',  ( 0.2218045508528831977, -0.04089420743941252212, 0.4499999999999999001 ) ) ;
#1582 = DIRECTION ( 'NONE',  ( 9.620821797635464851E-16, 2.743416180782791127E-16, 1.000000000000000000 ) ) ;
#1583 = DIRECTION ( 'NONE',  ( 9.620821797635464851E-16, 2.743416180782791127E-16, 1.000000000000000000 ) ) ;
#1584 = ORIENTED_EDGE ( 'NONE', *, *, #1073, .T. ) ;
#1585 = CARTESIAN_POINT ( 'NONE',  ( 0.1108627356977698319, -0.04089420743941252212, 0.4514999999999996239 ) ) ;
#1586 = AXIS2_PLACEMENT_3D ( 'NONE', #592, #1005, #2267 ) ;
#1587 = DIRECTION ( 'NONE',  ( 0.000000000000000000, 0.000000000000000000, -1.000000000000000000 ) ) ;
#1588 = CARTESIAN_POINT ( 'NONE',  ( 0.2733574389361115298, 0.02344379688845599219, 0.4499999999999999001 ) ) ;
#1589 = VECTOR ( 'NONE', #1093, 1000.000000000000000 ) ;
#1590 = VECTOR ( 'NONE', #2688, 1000.000000000000000 ) ;
#1591 = CIRCLE ( 'NONE', #1823, 0.06000000000000004635 ) ;
#1592 =( LENGTH_UNIT ( ) NAMED_UNIT ( * ) SI_UNIT ( .MILLI., .METRE. ) );
#1593 = ORIENTED_EDGE ( 'NONE', *, *, #1619, .T. ) ;
#1594 = STYLED_ITEM ( 'NONE', ( #464 ), #2204 ) ;
#1595 = DIRECTION ( 'NONE',  ( -9.620821797635464851E-16, -2.743416180782791127E-16, -1.000000000000000000 ) ) ;
#1596 = DIRECTION ( 'NONE',  ( 0.7212188504220558016, 0.6927072756914629537, 8.839102385684027959E-16 ) ) ;
#1597 = EDGE_CURVE ( 'NONE', #1420, #337, #2071, .T. ) ;
#1598 = DIRECTION ( 'NONE',  ( -9.620821797635464851E-16, -2.743416180782791127E-16, -1.000000000000000000 ) ) ;
#1599 = VERTEX_POINT ( 'NONE', #1657 ) ;
#1600 = VECTOR ( 'NONE', #37, 1000.000000000000000 ) ;
#1601 = EDGE_CURVE ( 'NONE', #307, #2629, #2499, .T. ) ;
#1602 = PLANE ( 'NONE',  #630 ) ;
#1603 = CARTESIAN_POINT ( 'NONE',  ( -90.31660822658928112, 4.005871872032840564, 45.26188220381088456 ) ) ;
#1604 = VECTOR ( 'NONE', #846, 1000.000000000000000 ) ;
#1605 = APPLICATION_CONTEXT ( 'automotive_design' ) ;
#1606 = DIRECTION ( 'NONE',  ( 0.6126828151523473487, -0.7903288986346092004, 3.726311094399924750E-16 ) ) ;
#1607 = VECTOR ( 'NONE', #6, 1000.000000000000000 ) ;
#1608 = CARTESIAN_POINT ( 'NONE',  ( -0.7400000000000045430, 0.1900000000000000577, 0.4100000000000006417 ) ) ;
#1609 = LINE ( 'NONE', #1148, #2363 ) ;
#1610 = CARTESIAN_POINT ( 'NONE',  ( 0.2325455091965744625, -0.05741255515549076316, 0.4514999999999996239 ) ) ;
#1611 = DIRECTION ( 'NONE',  ( -1.000000000000000000, 2.388925875883730404E-15, -9.620821797635447101E-16 ) ) ;
#1612 = VECTOR ( 'NONE', #1110, 1000.000000000000000 ) ;
#1613 = ORIENTED_EDGE ( 'NONE', *, *, #265, .T. ) ;
#1614 = LINE ( 'NONE', #776, #2392 ) ;
#1615 = LINE ( 'NONE', #2457, #2697 ) ;
#1616 = COLOUR_RGB ( '',1.000000000000000000, 1.000000000000000000, 1.000000000000000000 ) ;
#1617 = CARTESIAN_POINT ( 'NONE',  ( -0.07422766824114422624, 0.01084447640902621787, 0.4514999999999996794 ) ) ;
#1618 = ORIENTED_EDGE ( 'NONE', *, *, #348, .T. ) ;
#1619 = EDGE_CURVE ( 'NONE', #506, #797, #1918, .T. ) ;
#1620 = UNCERTAINTY_MEASURE_WITH_UNIT (LENGTH_MEASURE( 1.000000000000000082E-05 ), #608, 'distance_accuracy_value', 'NONE');
#1621 = CARTESIAN_POINT ( 'NONE',  ( -0.2660849495320360969, -0.05973561724571807563, 0.4499999999999999001 ) ) ;
#1622 =( NAMED_UNIT ( * ) PLANE_ANGLE_UNIT ( ) SI_UNIT ( $, .RADIAN. ) );
#1623 = CARTESIAN_POINT ( 'NONE',  ( 0.1108627356977698319, 0.000000000000000000, 0.4514999999999996239 ) ) ;
#1624 = DIRECTION ( 'NONE',  ( 0.6039477492579744533, -0.7970239119162152441, 3.623905374272246327E-16 ) ) ;
#1625 = DIRECTION ( 'NONE',  ( 0.000000000000000000, 1.000000000000000000, 0.000000000000000000 ) ) ;
#1626 = FACE_OUTER_BOUND ( 'NONE', #238, .T. ) ;
#1627 = ORIENTED_EDGE ( 'NONE', *, *, #1362, .F. ) ;
#1628 = DIRECTION ( 'NONE',  ( -9.620821797635464851E-16, -2.743416180782791127E-16, -1.000000000000000000 ) ) ;
#1629 = CARTESIAN_POINT ( 'NONE',  ( 0.3166618649260155571, -0.05864222277228436919, 0.4514999999999996239 ) ) ;
#1630 = EDGE_LOOP ( 'NONE', ( #1721, #1670, #923, #517 ) ) ;
#1631 = CARTESIAN_POINT ( 'NONE',  ( 0.000000000000000000, 0.000000000000000000, 0.4514999999999996239 ) ) ;
#1632 = APPLICATION_PROTOCOL_DEFINITION ( 'draft international standard', 'automotive_design', 1998, #2545 ) ;
#1633 = FILL_AREA_STYLE ('',( #801 ) ) ;
#1634 = EDGE_LOOP ( 'NONE', ( #1031, #1593, #1181, #2345, #742, #2564, #2219, #2349, #844, #479, #617, #1240 ) ) ;
#1635 = LINE ( 'NONE', #171, #504 ) ;
#1636 = FACE_OUTER_BOUND ( 'NONE', #2641, .T. ) ;
#1637 = VERTEX_POINT ( 'NONE', #4 ) ;
#1638 = CARTESIAN_POINT ( 'NONE',  ( -0.7400000000000045430, 0.1900000000000000577, -0.4100000000000006417 ) ) ;
#1639 = CARTESIAN_POINT ( 'NONE',  ( 0.1108627356977698319, 0.002589844908668093026, 0.4514999999999996239 ) ) ;
#1640 = EDGE_CURVE ( 'NONE', #1685, #2426, #839, .T. ) ;
#1641 =( GEOMETRIC_REPRESENTATION_CONTEXT ( 3 ) GLOBAL_UNCERTAINTY_ASSIGNED_CONTEXT ( ( #1448 ) ) GLOBAL_UNIT_ASSIGNED_CONTEXT ( ( #1066, #2546, #252 ) ) REPRESENTATION_CONTEXT ( 'NONE', 'WORKASPACE' ) );
#1642 = STYLED_ITEM ( 'NONE', ( #514 ), #2232 ) ;
#1643 = VECTOR ( 'NONE', #1761, 1000.000000000000000 ) ;
#1644 = VECTOR ( 'NONE', #2651, 1000.000000000000114 ) ;
#1645 = FACE_OUTER_BOUND ( 'NONE', #1994, .T. ) ;
#1646 = EDGE_LOOP ( 'NONE', ( #2316, #202, #2599, #1678 ) ) ;
#1647 = LINE ( 'NONE', #2074, #1957 ) ;
#1648 = AXIS2_PLACEMENT_3D ( 'NONE', #2422, #536, #135 ) ;
#1649 = LINE ( 'NONE', #829, #1607 ) ;
#1650 = ORIENTED_EDGE ( 'NONE', *, *, #118, .T. ) ;
#1651 = CARTESIAN_POINT ( 'NONE',  ( -0.02916512199241383385, 0.05184322608207947436, 0.4514999999999996239 ) ) ;
#1652 = LINE ( 'NONE', #433, #1386 ) ;
#1653 = LINE ( 'NONE', #2493, #2275 ) ;
#1654 = ORIENTED_EDGE ( 'NONE', *, *, #2624, .T. ) ;
#1655 = ADVANCED_FACE ( 'NONE', ( #219 ), #1052, .F. ) ;
#1656 = ORIENTED_EDGE ( 'NONE', *, *, #871, .F. ) ;
#1657 = CARTESIAN_POINT ( 'NONE',  ( -0.2495701759377133566, 0.06019826265344502270, 0.4514999999999996239 ) ) ;
#1658 = ORIENTED_EDGE ( 'NONE', *, *, #386, .T. ) ;
#1659 = EDGE_CURVE ( 'NONE', #1156, #2426, #1298, .T. ) ;
#1660 = DIRECTION ( 'NONE',  ( -0.7970239119162154662, -0.6039477492579743423, -9.324905052661882936E-16 ) ) ;
#1661 = DIRECTION ( 'NONE',  ( -1.000000000000000000, 6.625170853718500959E-16, -7.571623832821143953E-16 ) ) ;
#1662 = ORIENTED_EDGE ( 'NONE', *, *, #2171, .T. ) ;
#1663 = FACE_OUTER_BOUND ( 'NONE', #1185, .T. ) ;
#1664 = LINE ( 'NONE', #1233, #1249 ) ;
#1665 = LINE ( 'NONE', #1266, #2368 ) ;
#1666 = ORIENTED_EDGE ( 'NONE', *, *, #640, .T. ) ;
#1667 = EDGE_CURVE ( 'NONE', #1685, #2258, #1772, .T. ) ;
#1668 = VERTEX_POINT ( 'NONE', #1983 ) ;
#1669 = DIRECTION ( 'NONE',  ( -7.697918917091424737E-16, 1.000000000000000000, 2.743416180782784718E-16 ) ) ;
#1670 = ORIENTED_EDGE ( 'NONE', *, *, #1521, .T. ) ;
#1671 = UNCERTAINTY_MEASURE_WITH_UNIT (LENGTH_MEASURE( 1.000000000000000082E-05 ), #2566, 'distance_accuracy_value', 'NONE');
#1672 = DIRECTION ( 'NONE',  ( 0.000000000000000000, 0.000000000000000000, -1.000000000000000000 ) ) ;
#1673 = DIRECTION ( 'NONE',  ( -9.620821797635464851E-16, -2.743416180782791127E-16, -1.000000000000000000 ) ) ;
#1674 = ORIENTED_EDGE ( 'NONE', *, *, #1560, .T. ) ;
#1675 = DIRECTION ( 'NONE',  ( 0.000000000000000000, 0.000000000000000000, 1.000000000000000000 ) ) ;
#1676 = DIRECTION ( 'NONE',  ( -1.000000000000000000, 6.814173041061170850E-16, -9.911524423361702517E-16 ) ) ;
#1677 = CARTESIAN_POINT ( 'NONE',  ( 0.04135265277807609330, 0.002589844908668093026, 0.4514999999999996239 ) ) ;
#1678 = ORIENTED_EDGE ( 'NONE', *, *, #1777, .F. ) ;
#1679 = SURFACE_STYLE_USAGE ( .BOTH. , #2553 ) ;
#1680 = CARTESIAN_POINT ( 'NONE',  ( 0.2180927429108886484, 0.002589844908668093026, 0.4514999999999996239 ) ) ;
#1681 = VERTEX_POINT ( 'NONE', #934 ) ;
#1682 = STYLED_ITEM ( 'NONE', ( #2050 ), #1131 ) ;
#1683 = VECTOR ( 'NONE', #1433, 1000.000000000000000 ) ;
#1684 = DIRECTION ( 'NONE',  ( -9.620821797635464851E-16, -2.743416180782791127E-16, -1.000000000000000000 ) ) ;
#1685 = VERTEX_POINT ( 'NONE', #262 ) ;
#1686 = AXIS2_PLACEMENT_3D ( 'NONE', #625, #1458, #189 ) ;
#1687 = VECTOR ( 'NONE', #1598, 1000.000000000000000 ) ;
#1688 = ADVANCED_FACE ( 'NONE', ( #2196 ), #2376, .F. ) ;
#1689 = AXIS2_PLACEMENT_3D ( 'NONE', #1638, #2057, #175 ) ;
#1690 = DIRECTION ( 'NONE',  ( -9.620821797635464851E-16, -2.743416180782791127E-16, -1.000000000000000000 ) ) ;
#1691 = DIRECTION ( 'NONE',  ( -1.000000000000000000, 6.661338147750935298E-16, -9.620821797635449073E-16 ) ) ;
#1692 = EDGE_CURVE ( 'NONE', #1929, #645, #708, .T. ) ;
#1693 = ADVANCED_FACE ( 'NONE', ( #722, #1539 ), #72, .F. ) ;
#1694 = VERTEX_POINT ( 'NONE', #309 ) ;
#1695 = FACE_OUTER_BOUND ( 'NONE', #1353, .T. ) ;
#1696 = DIRECTION ( 'NONE',  ( -1.000000000000000000, 6.814173041061170850E-16, -9.911524423361702517E-16 ) ) ;
#1697 = EDGE_CURVE ( 'NONE', #2445, #506, #1338, .T. ) ;
#1698 = DIRECTION ( 'NONE',  ( 1.000000000000000000, -7.818865939066840387E-16, 9.620821797635449073E-16 ) ) ;
#1699 = ORIENTED_EDGE ( 'NONE', *, *, #516, .T. ) ;
#1700 = PLANE ( 'NONE',  #2435 ) ;
#1701 = VECTOR ( 'NONE', #786, 1000.000000000000000 ) ;
#1702 = FACE_OUTER_BOUND ( 'NONE', #160, .T. ) ;
#1703 = VECTOR ( 'NONE', #1991, 1000.000000000000000 ) ;
#1704 = ORIENTED_EDGE ( 'NONE', *, *, #1080, .F. ) ;
#1705 = CARTESIAN_POINT ( 'NONE',  ( -0.5399999999999988143, 0.1900000000000000577, 0.3195000000000032814 ) ) ;
#1706 = ORIENTED_EDGE ( 'NONE', *, *, #650, .F. ) ;
#1707 =( GEOMETRIC_REPRESENTATION_CONTEXT ( 3 ) GLOBAL_UNCERTAINTY_ASSIGNED_CONTEXT ( ( #1257 ) ) GLOBAL_UNIT_ASSIGNED_CONTEXT ( ( #914, #1318, #2344 ) ) REPRESENTATION_CONTEXT ( 'NONE', 'WORKASPACE' ) );
#1708 = UNCERTAINTY_MEASURE_WITH_UNIT (LENGTH_MEASURE( 1.000000000000000082E-05 ), #1098, 'distance_accuracy_value', 'NONE');
#1709 = FILL_AREA_STYLE_COLOUR ( '', #1508 ) ;
#1710 = ADVANCED_FACE ( 'NONE', ( #2366 ), #897, .T. ) ;
#1711 = MECHANICAL_DESIGN_GEOMETRIC_PRESENTATION_REPRESENTATION (  '', ( #782 ), #2326 ) ;
#1712 = DIRECTION ( 'NONE',  ( -0.6335469652300284027, -0.7737042347356133387, -8.217835169624697569E-16 ) ) ;
#1713 = EDGE_CURVE ( 'NONE', #1311, #672, #2556, .T. ) ;
#1714 = ORIENTED_EDGE ( 'NONE', *, *, #1190, .F. ) ;
#1715 = DIRECTION ( 'NONE',  ( 1.000000000000000000, -0.000000000000000000, 0.000000000000000000 ) ) ;
#1716 = LINE ( 'NONE', #667, #79 ) ;
#1717 = FACE_OUTER_BOUND ( 'NONE', #2220, .T. ) ;
#1718 = EDGE_LOOP ( 'NONE', ( #230, #55, #36, #716 ) ) ;
#1719 = SURFACE_STYLE_FILL_AREA ( #1445 ) ;
#1720 = CARTESIAN_POINT ( 'NONE',  ( 0.2218045508528831977, 0.06117286023095414027, 0.4499999999999999001 ) ) ;
#1721 = ORIENTED_EDGE ( 'NONE', *, *, #1354, .F. ) ;
#1722 = FACE_OUTER_BOUND ( 'NONE', #2430, .T. ) ;
#1723 = ORIENTED_EDGE ( 'NONE', *, *, #2099, .F. ) ;
#1724 = LINE ( 'NONE', #1244, #1507 ) ;
#1725 = CARTESIAN_POINT ( 'NONE',  ( 0.000000000000000000, 0.000000000000000000, 0.000000000000000000 ) ) ;
#1726 = ITEM_DEFINED_TRANSFORMATION ( 'NONE', 'NONE', #1648,  #1471 ) ;
#1727 = LINE ( 'NONE', #2563, #1439 ) ;
#1728 = ADVANCED_FACE ( 'NONE', ( #1995 ), #909, .T. ) ;
#1729 = ORIENTED_EDGE ( 'NONE', *, *, #140, .T. ) ;
#1730 = CARTESIAN_POINT ( 'NONE',  ( 0.7400000000000045430, 0.1700000000000000122, 0.4100000000000006417 ) ) ;
#1731 = CARTESIAN_POINT ( 'NONE',  ( -0.3274996306596028584, 0.07578415359782431082, 0.4499999999999999001 ) ) ;
#1732 = EDGE_CURVE ( 'NONE', #1065, #1097, #284, .T. ) ;
#1733 = ORIENTED_EDGE ( 'NONE', *, *, #1367, .T. ) ;
#1734 = DIRECTION ( 'NONE',  ( -1.000000000000000000, 7.255774617595545572E-16, -1.451154923519109114E-15 ) ) ;
#1735 = ORIENTED_EDGE ( 'NONE', *, *, #604, .T. ) ;
#1736 = VECTOR ( 'NONE', #754, 1000.000000000000000 ) ;
#1737 = CARTESIAN_POINT ( 'NONE',  ( 0.06453751769582016795, -0.05876101966820895806, 0.4499999999999999001 ) ) ;
#1738 = VECTOR ( 'NONE', #1143, 1000.000000000000000 ) ;
#1739 = VECTOR ( 'NONE', #368, 1000.000000000000000 ) ;
#1740 = MECHANICAL_DESIGN_GEOMETRIC_PRESENTATION_REPRESENTATION (  '', ( #1642 ), #2303 ) ;
#1741 = AXIS2_PLACEMENT_3D ( 'NONE', #2673, #2700, #2070 ) ;
#1742 = SURFACE_STYLE_USAGE ( .BOTH. , #904 ) ;
#1743 = ORIENTED_EDGE ( 'NONE', *, *, #842, .F. ) ;
#1744 = CARTESIAN_POINT ( 'NONE',  ( 0.7400000000000045430, -0.1900000000000000577, -0.4100000000000006417 ) ) ;
#1745 = VECTOR ( 'NONE', #1302, 1000.000000000000000 ) ;
#1746 =( NAMED_UNIT ( * ) PLANE_ANGLE_UNIT ( ) SI_UNIT ( $, .RADIAN. ) );
#1747 = ORIENTED_EDGE ( 'NONE', *, *, #1369, .F. ) ;
#1748 = VECTOR ( 'NONE', #40, 1000.000000000000000 ) ;
#1749 = DIRECTION ( 'NONE',  ( -0.7919960918465963617, -0.6105261587350027108, -9.294580606744597787E-16 ) ) ;
#1750 = ORIENTED_EDGE ( 'NONE', *, *, #2664, .F. ) ;
#1751 = AXIS2_PLACEMENT_3D ( 'NONE', #1403, #2217, #157 ) ;
#1752 = PRESENTATION_STYLE_ASSIGNMENT (( #522 ) ) ;
#1753 = MECHANICAL_DESIGN_GEOMETRIC_PRESENTATION_REPRESENTATION (  '', ( #607 ), #656 ) ;
#1754 = CARTESIAN_POINT ( 'NONE',  ( 0.000000000000000000, 0.000000000000000000, 0.000000000000000000 ) ) ;
#1755 = SHAPE_DEFINITION_REPRESENTATION ( #1102, #1167 ) ;
#1756 = LINE ( 'NONE', #1344, #87 ) ;
#1757 = ORIENTED_EDGE ( 'NONE', *, *, #1489, .F. ) ;
#1758 = SURFACE_STYLE_USAGE ( .BOTH. , #930 ) ;
#1759 = PRESENTATION_STYLE_ASSIGNMENT (( #1113 ) ) ;
#1760 = EDGE_LOOP ( 'NONE', ( #2197, #513, #2 ) ) ;
#1761 = DIRECTION ( 'NONE',  ( -1.000000000000000000, -0.000000000000000000, -0.000000000000000000 ) ) ;
#1762 = ORIENTED_EDGE ( 'NONE', *, *, #1004, .F. ) ;
#1763 = ADVANCED_FACE ( 'NONE', ( #287 ), #1970, .F. ) ;
#1764 = CARTESIAN_POINT ( 'NONE',  ( 0.05232905809995913593, 0.07730289965655889883, 0.4499999999999999001 ) ) ;
#1765 = EDGE_CURVE ( 'NONE', #2309, #825, #700, .T. ) ;
#1766 = DIRECTION ( 'NONE',  ( -0.000000000000000000, -1.000000000000000000, -0.000000000000000000 ) ) ;
#1767 = PLANE ( 'NONE',  #389 ) ;
#1768 = ORIENTED_EDGE ( 'NONE', *, *, #1409, .F. ) ;
#1769 = CARTESIAN_POINT ( 'NONE',  ( 0.2757495501330281540, -0.004650642835245244466, 0.4514999999999996239 ) ) ;
#1770 = CARTESIAN_POINT ( 'NONE',  ( 0.2218045508528831977, -0.04089420743941252212, 0.4514999999999996239 ) ) ;
#1771 = EDGE_LOOP ( 'NONE', ( #1733, #257, #2389, #2676 ) ) ;
#1772 = LINE ( 'NONE', #469, #1958 ) ;
#1773 = ORIENTED_EDGE ( 'NONE', *, *, #411, .T. ) ;
#1774 = SURFACE_STYLE_FILL_AREA ( #61 ) ;
#1775 = CARTESIAN_POINT ( 'NONE',  ( 0.2325455091965744625, -0.05741255515549076316, 0.4514999999999996239 ) ) ;
#1776 = ORIENTED_EDGE ( 'NONE', *, *, #2633, .T. ) ;
#1777 = EDGE_CURVE ( 'NONE', #2265, #2694, #2351, .T. ) ;
#1778 = VECTOR ( 'NONE', #1149, 1000.000000000000000 ) ;
#1779 = EDGE_CURVE ( 'NONE', #1788, #2621, #2388, .T. ) ;
#1780 = VECTOR ( 'NONE', #922, 1000.000000000000000 ) ;
#1781 = CARTESIAN_POINT ( 'NONE',  ( -0.02916512199241383385, 0.05184322608207947436, 0.4514999999999996239 ) ) ;
#1782 = ADVANCED_FACE ( 'NONE', ( #1310, #2155 ), #273, .F. ) ;
#1783 = LINE ( 'NONE', #1769, #1791 ) ;
#1784 = FACE_OUTER_BOUND ( 'NONE', #243, .T. ) ;
#1785 = VERTEX_POINT ( 'NONE', #2643 ) ;
#1786 = CARTESIAN_POINT ( 'NONE',  ( 0.7400000000000045430, 0.1900000000000000577, 0.4100000000000006417 ) ) ;
#1787 =( GEOMETRIC_REPRESENTATION_CONTEXT ( 3 ) GLOBAL_UNCERTAINTY_ASSIGNED_CONTEXT ( ( #357 ) ) GLOBAL_UNIT_ASSIGNED_CONTEXT ( ( #254, #1990, #1532 ) ) REPRESENTATION_CONTEXT ( 'NONE', 'WORKASPACE' ) );
#1788 = VERTEX_POINT ( 'NONE', #322 ) ;
#1789 = FILL_AREA_STYLE_COLOUR ( '', #1105 ) ;
#1790 = ORIENTED_EDGE ( 'NONE', *, *, #2624, .F. ) ;
#1791 = VECTOR ( 'NONE', #2194, 1000.000000000000000 ) ;
#1792 = EDGE_CURVE ( 'NONE', #908, #50, #2618, .T. ) ;
#1793 = PLANE ( 'NONE',  #2446 ) ;
#1794 = LINE ( 'NONE', #1373, #2139 ) ;
#1795 = CARTESIAN_POINT ( 'NONE',  ( -0.1289216853355285020, 0.01084447640902624910, 0.4514999999999996239 ) ) ;
#1796 = AXIS2_PLACEMENT_3D ( 'NONE', #2374, #1797, #2628 ) ;
#1797 = DIRECTION ( 'NONE',  ( 9.620821797635447101E-16, -2.743416180782804439E-16, -1.000000000000000000 ) ) ;
#1798 = VERTEX_POINT ( 'NONE', #162 ) ;
#1799 = CARTESIAN_POINT ( 'NONE',  ( 0.05016469536779644134, 0.04027280207932054656, 0.4499999999999999001 ) ) ;
#1800 = ORIENTED_EDGE ( 'NONE', *, *, #2266, .T. ) ;
#1801 = CARTESIAN_POINT ( 'NONE',  ( 0.05232905809995913593, 0.002589844908668093026, 0.4499999999999999001 ) ) ;
#1802 = ORIENTED_EDGE ( 'NONE', *, *, #2115, .T. ) ;
#1803 = CARTESIAN_POINT ( 'NONE',  ( 0.05232905809995913593, 0.002589844908668093026, 0.4514999999999996239 ) ) ;
#1804 = CARTESIAN_POINT ( 'NONE',  ( -0.3274996306596028584, -0.8760000000000017772, 0.4499999999999999001 ) ) ;
#1805 = DIRECTION ( 'NONE',  ( 0.000000000000000000, -1.000000000000000000, 0.000000000000000000 ) ) ;
#1806 = LINE ( 'NONE', #2436, #2404 ) ;
#1807 = FILL_AREA_STYLE_COLOUR ( '', #954 ) ;
#1808 = DIRECTION ( 'NONE',  ( -9.620821797635447101E-16, 2.743416180782804439E-16, 1.000000000000000000 ) ) ;
#1809 = EDGE_CURVE ( 'NONE', #482, #330, #1382, .T. ) ;
#1810 = CARTESIAN_POINT ( 'NONE',  ( 0.000000000000000000, 0.000000000000000000, 0.4514999999999996239 ) ) ;
#1811 = ORIENTED_EDGE ( 'NONE', *, *, #146, .F. ) ;
#1812 = CARTESIAN_POINT ( 'NONE',  ( 0.01112740015588031817, 0.03994637228261349593, 0.4514999999999996239 ) ) ;
#1813 = CARTESIAN_POINT ( 'NONE',  ( -0.5460000000000048148, 0.06019826265344502270, 0.4499999999999999001 ) ) ;
#1814 = EDGE_CURVE ( 'NONE', #1599, #324, #1193, .T. ) ;
#1815 = CARTESIAN_POINT ( 'NONE',  ( 0.05232905809995913593, 0.002589844908668093026, 0.4514999999999996239 ) ) ;
#1816 = EDGE_LOOP ( 'NONE', ( #1833, #873, #2495, #775 ) ) ;
#1817 = CARTESIAN_POINT ( 'NONE',  ( 0.01112740015588031817, 0.03994637228261349593, 0.4499999999999999001 ) ) ;
#1818 = DIRECTION ( 'NONE',  ( 1.000000000000000000, 1.776401256359904006E-16, 1.665334536937734811E-16 ) ) ;
#1819 = DIRECTION ( 'NONE',  ( 0.000000000000000000, 0.000000000000000000, -1.000000000000000000 ) ) ;
#1820 = VECTOR ( 'NONE', #2473, 1000.000000000000000 ) ;
#1821 = DIRECTION ( 'NONE',  ( -9.620821797635464851E-16, -2.743416180782791127E-16, -1.000000000000000000 ) ) ;
#1822 = CARTESIAN_POINT ( 'NONE',  ( -0.01073435014067869453, 0.03994637228261349593, 0.4499999999999999001 ) ) ;
#1823 = AXIS2_PLACEMENT_3D ( 'NONE', #696, #1526, #1536 ) ;
#1824 = LINE ( 'NONE', #2254, #151 ) ;
#1825 = AXIS2_PLACEMENT_3D ( 'NONE', #1117, #1946, #2600 ) ;
#1826 = VECTOR ( 'NONE', #1832, 1000.000000000000000 ) ;
#1827 = PLANE ( 'NONE',  #1846 ) ;
#1828 = VERTEX_POINT ( 'NONE', #2441 ) ;
#1829 = COLOUR_RGB ( '',0.6470588235294117974, 0.6196078431372549211, 0.5882352941176470784 ) ;
#1830 = CARTESIAN_POINT ( 'NONE',  ( -0.04690934708873051306, -0.05973561724571807563, 0.4514999999999996239 ) ) ;
#1831 = DIRECTION ( 'NONE',  ( 0.6063807679596641131, -0.7951744237893018097, 3.652386929285056282E-16 ) ) ;
#1832 = DIRECTION ( 'NONE',  ( -0.000000000000000000, -1.000000000000000000, -0.000000000000000000 ) ) ;
#1833 = ORIENTED_EDGE ( 'NONE', *, *, #604, .F. ) ;
#1834 = DIRECTION ( 'NONE',  ( -0.7951744237893021428, -0.6063807679596635580, -9.313786239850367791E-16 ) ) ;
#1835 = CARTESIAN_POINT ( 'NONE',  ( 0.000000000000000000, 0.000000000000000000, 0.000000000000000000 ) ) ;
#1836 = VECTOR ( 'NONE', #2188, 1000.000000000000000 ) ;
#1837 = CARTESIAN_POINT ( 'NONE',  ( 0.7400000000000045430, 0.1700000000000000122, 0.4100000000000006417 ) ) ;
#1838 = VECTOR ( 'NONE', #788, 1000.000000000000000 ) ;
#1839 = PRESENTATION_STYLE_ASSIGNMENT (( #2037 ) ) ;
#1840 = DIRECTION ( 'NONE',  ( -1.000000000000000000, 6.661338147750935298E-16, -9.620821797635449073E-16 ) ) ;
#1841 = SURFACE_STYLE_USAGE ( .BOTH. , #1011 ) ;
#1842 = AXIS2_PLACEMENT_3D ( 'NONE', #1770, #735, #67 ) ;
#1843 = ORIENTED_EDGE ( 'NONE', *, *, #34, .F. ) ;
#1844 = DIRECTION ( 'NONE',  ( -0.6039477492579745643, 0.7970239119162151331, -3.623905374272247807E-16 ) ) ;
#1845 = LINE ( 'NONE', #2674, #1510 ) ;
#1846 = AXIS2_PLACEMENT_3D ( 'NONE', #1810, #573, #173 ) ;
#1847 = DIRECTION ( 'NONE',  ( -1.000000000000000000, 6.661338147750935298E-16, -9.620821797635449073E-16 ) ) ;
#1848 = ORIENTED_EDGE ( 'NONE', *, *, #2461, .F. ) ;
#1849 = CARTESIAN_POINT ( 'NONE',  ( 0.000000000000000000, 0.1900000000000000577, 0.000000000000000000 ) ) ;
#1850 = PLANE ( 'NONE',  #1328 ) ;
#1851 = ORIENTED_EDGE ( 'NONE', *, *, #2677, .F. ) ;
#1852 = CARTESIAN_POINT ( 'NONE',  ( -0.1881617656168538266, 0.06019826265344502270, 0.4499999999999999001 ) ) ;
#1853 = DIRECTION ( 'NONE',  ( -9.620821797635464851E-16, -2.743416180782791127E-16, -1.000000000000000000 ) ) ;
#1854 = DIRECTION ( 'NONE',  ( -9.620821797635464851E-16, -2.743416180782791127E-16, -1.000000000000000000 ) ) ;
#1855 = DIRECTION ( 'NONE',  ( 0.000000000000000000, -0.000000000000000000, -1.000000000000000000 ) ) ;
#1856 = ORIENTED_EDGE ( 'NONE', *, *, #200, .F. ) ;
#1857 = CARTESIAN_POINT ( 'NONE',  ( -0.2495701759377133566, -0.05973561724571807563, 0.4514999999999996239 ) ) ;
#1858 = ADVANCED_FACE ( 'NONE', ( #575 ), #960, .F. ) ;
#1859 = FILL_AREA_STYLE_COLOUR ( '', #39 ) ;
#1860 = ORIENTED_EDGE ( 'NONE', *, *, #2266, .F. ) ;
#1861 = CARTESIAN_POINT ( 'NONE',  ( 0.5349999999999938138, -0.8599999999999996536, 0.4499999999999999001 ) ) ;
#1862 = DIRECTION ( 'NONE',  ( -1.000000000000000000, 6.625170853718500959E-16, -7.571623832821143953E-16 ) ) ;
#1863 = EDGE_CURVE ( 'NONE', #1201, #861, #737, .T. ) ;
#1864 = ORIENTED_EDGE ( 'NONE', *, *, #889, .F. ) ;
#1865 = VECTOR ( 'NONE', #529, 1000.000000000000000 ) ;
#1866 = ORIENTED_EDGE ( 'NONE', *, *, #1383, .F. ) ;
#1867 = DIRECTION ( 'NONE',  ( 9.620821797635464851E-16, 2.743416180782791127E-16, 1.000000000000000000 ) ) ;
#1868 = EDGE_CURVE ( 'NONE', #1250, #205, #2007, .T. ) ;
#1869 = AXIS2_PLACEMENT_3D ( 'NONE', #1754, #977, #1414 ) ;
#1870 = CIRCLE ( 'NONE', #2001, 0.02101182754493401486 ) ;
#1871 = ORIENTED_EDGE ( 'NONE', *, *, #1296, .F. ) ;
#1872 = LINE ( 'NONE', #1283, #1198 ) ;
#1873 = ORIENTED_EDGE ( 'NONE', *, *, #1967, .F. ) ;
#1874 = UNCERTAINTY_MEASURE_WITH_UNIT (LENGTH_MEASURE( 1.000000000000000082E-05 ), #2679, 'distance_accuracy_value', 'NONE');
#1875 = CARTESIAN_POINT ( 'NONE',  ( 0.2180927429108886484, 0.01926097453439079565, 0.4499999999999999001 ) ) ;
#1876 = VECTOR ( 'NONE', #1766, 1000.000000000000000 ) ;
#1877 = EDGE_CURVE ( 'NONE', #2587, #825, #2032, .T. ) ;
#1878 = PLANE ( 'NONE',  #2661 ) ;
#1879 = ORIENTED_EDGE ( 'NONE', *, *, #2243, .T. ) ;
#1880 = DIRECTION ( 'NONE',  ( 0.000000000000000000, 0.000000000000000000, 1.000000000000000000 ) ) ;
#1881 = DIRECTION ( 'NONE',  ( 0.000000000000000000, 1.000000000000000000, 0.000000000000000000 ) ) ;
#1882 = AXIS2_PLACEMENT_3D ( 'NONE', #1849, #1177, #1188 ) ;
#1883 = CARTESIAN_POINT ( 'NONE',  ( 0.05232905809995913593, 0.06117286023095414027, 0.4514999999999996239 ) ) ;
#1884 = ORIENTED_EDGE ( 'NONE', *, *, #842, .T. ) ;
#1885 = DIRECTION ( 'NONE',  ( 0.6063807679596636691, -0.7951744237893020317, 3.652386929285052831E-16 ) ) ;
#1886 = CARTESIAN_POINT ( 'NONE',  ( 0.7400000000000045430, -0.1900000000000000577, 0.4100000000000006417 ) ) ;
#1887 = VERTEX_POINT ( 'NONE', #2416 ) ;
#1888 = CARTESIAN_POINT ( 'NONE',  ( -0.5399999999999988143, 0.1700000000000000122, 0.2000000000000032307 ) ) ;
#1889 = STYLED_ITEM ( 'NONE', ( #2509 ), #181 ) ;
#1890 = VERTEX_POINT ( 'NONE', #1213 ) ;
#1891 = SURFACE_STYLE_USAGE ( .BOTH. , #1042 ) ;
#1892 = ORIENTED_EDGE ( 'NONE', *, *, #1119, .T. ) ;
#1893 = DIRECTION ( 'NONE',  ( -0.000000000000000000, 1.000000000000000000, -0.000000000000000000 ) ) ;
#1894 = DIRECTION ( 'NONE',  ( -0.6105261587350024888, 0.7919960918465964728, -3.700988482495665595E-16 ) ) ;
#1895 = DIRECTION ( 'NONE',  ( 9.620821797635464851E-16, 2.743416180782791127E-16, 1.000000000000000000 ) ) ;
#1896 = ORIENTED_EDGE ( 'NONE', *, *, #2131, .T. ) ;
#1897 = DIRECTION ( 'NONE',  ( 1.000000000000000000, -6.661338147750935298E-16, 9.620821797635449073E-16 ) ) ;
#1898 = ADVANCED_FACE ( 'NONE', ( #1422 ), #1183, .F. ) ;
#1899 = DIRECTION ( 'NONE',  ( 0.6126828151523471266, -0.7903288986346094225, 3.726311094399921792E-16 ) ) ;
#1900 = EDGE_LOOP ( 'NONE', ( #1811, #272, #550, #830 ) ) ;
#1901 = DIRECTION ( 'NONE',  ( -0.000000000000000000, -1.000000000000000000, -0.000000000000000000 ) ) ;
#1902 = ADVANCED_FACE ( 'NONE', ( #983 ), #2470, .F. ) ;
#1903 = ORIENTED_EDGE ( 'NONE', *, *, #2544, .T. ) ;
#1904 = EDGE_CURVE ( 'NONE', #797, #1513, #2353, .T. ) ;
#1905 = UNCERTAINTY_MEASURE_WITH_UNIT (LENGTH_MEASURE( 1.000000000000000082E-05 ), #2496, 'distance_accuracy_value', 'NONE');
#1906 = CARTESIAN_POINT ( 'NONE',  ( -0.7400000000000045430, 0.1900000000000000577, 0.4100000000000006417 ) ) ;
#1907 = FACE_OUTER_BOUND ( 'NONE', #961, .T. ) ;
#1908 = PRODUCT_DEFINITION_SHAPE ( 'NONE', 'NONE',  #2710 ) ;
#1909 = EDGE_LOOP ( 'NONE', ( #1484, #2481, #892, #2006 ) ) ;
#1910 = DIRECTION ( 'NONE',  ( 9.620821797635464851E-16, 2.743416180782791127E-16, 1.000000000000000000 ) ) ;
#1911 = DIRECTION ( 'NONE',  ( -1.000000000000000000, 6.814173041061170850E-16, -9.911524423361702517E-16 ) ) ;
#1912 = CARTESIAN_POINT ( 'NONE',  ( 0.05232905809995913593, 0.002589844908668093026, 0.4514999999999996239 ) ) ;
#1913 = VERTEX_POINT ( 'NONE', #2655 ) ;
#1914 = CARTESIAN_POINT ( 'NONE',  ( 0.05232905809995913593, 0.06117286023095414027, 0.4514999999999996239 ) ) ;
#1915 = DIRECTION ( 'NONE',  ( -1.000000000000000000, 6.449951641325145231E-16, 0.000000000000000000 ) ) ;
#1916 = EDGE_CURVE ( 'NONE', #16, #1311, #973, .T. ) ;
#1917 = MECHANICAL_DESIGN_GEOMETRIC_PRESENTATION_REPRESENTATION (  '', ( #2129 ), #1641 ) ;
#1918 = LINE ( 'NONE', #231, #1425 ) ;
#1919 = ORIENTED_EDGE ( 'NONE', *, *, #805, .F. ) ;
#1920 = EDGE_CURVE ( 'NONE', #2126, #408, #1615, .T. ) ;
#1921 = AXIS2_PLACEMENT_3D ( 'NONE', #564, #760, #1569 ) ;
#1922 = VECTOR ( 'NONE', #1840, 1000.000000000000000 ) ;
#1923 = AXIS2_PLACEMENT_3D ( 'NONE', #2654, #792, #759 ) ;
#1924 = PLANE ( 'NONE',  #104 ) ;
#1925 = DIRECTION ( 'NONE',  ( -0.7737042347356134497, 0.6335469652300285137, -5.705587570769352504E-16 ) ) ;
#1926 = ORIENTED_EDGE ( 'NONE', *, *, #2149, .T. ) ;
#1927 = LINE ( 'NONE', #9, #1600 ) ;
#1928 = LINE ( 'NONE', #10, #1748 ) ;
#1929 = VERTEX_POINT ( 'NONE', #2247 ) ;
#1930 = CARTESIAN_POINT ( 'NONE',  ( 0.3166618649260155571, -0.05864222277228436919, 0.4514999999999996239 ) ) ;
#1931 = STYLED_ITEM ( 'NONE', ( #1839 ), #669 ) ;
#1932 = VECTOR ( 'NONE', #843, 1000.000000000000000 ) ;
#1933 = ORIENTED_EDGE ( 'NONE', *, *, #1129, .F. ) ;
#1934 = CARTESIAN_POINT ( 'NONE',  ( 0.05016469536779644134, 0.04027280207932054656, 0.4514999999999996239 ) ) ;
#1935 = EDGE_LOOP ( 'NONE', ( #1520, #707, #1111, #2199 ) ) ;
#1936 = STYLED_ITEM ( 'NONE', ( #683 ), #430 ) ;
#1937 = UNCERTAINTY_MEASURE_WITH_UNIT (LENGTH_MEASURE( 1.000000000000000082E-05 ), #2241, 'distance_accuracy_value', 'NONE');
#1938 = SURFACE_STYLE_FILL_AREA ( #206 ) ;
#1939 = EDGE_CURVE ( 'NONE', #431, #1913, #367, .T. ) ;
#1940 = LINE ( 'NONE', #289, #1515 ) ;
#1941 = CARTESIAN_POINT ( 'NONE',  ( -0.01423715191750662967, -0.05973561724571807563, 0.4514999999999996239 ) ) ;
#1942 = ORIENTED_EDGE ( 'NONE', *, *, #2049, .T. ) ;
#1943 = PRESENTATION_STYLE_ASSIGNMENT (( #2082 ) ) ;
#1944 = CARTESIAN_POINT ( 'NONE',  ( -0.04690934708873051306, 0.07100698918611342281, 0.4514999999999996239 ) ) ;
#1945 = EDGE_LOOP ( 'NONE', ( #2291, #2640, #1654, #723 ) ) ;
#1946 = DIRECTION ( 'NONE',  ( -1.000000000000000000, 0.000000000000000000, 0.000000000000000000 ) ) ;
#1947 = EDGE_LOOP ( 'NONE', ( #578, #377, #1428, #1432 ) ) ;
#1948 = FILL_AREA_STYLE_COLOUR ( '', #416 ) ;
#1949 = CARTESIAN_POINT ( 'NONE',  ( -0.07422766824114421236, 0.01084447640902621787, 0.4514999999999995683 ) ) ;
#1950 = CARTESIAN_POINT ( 'NONE',  ( -0.7400000000000045430, 0.1700000000000000122, 0.4100000000000006417 ) ) ;
#1951 = ORIENTED_EDGE ( 'NONE', *, *, #496, .F. ) ;
#1952 =( NAMED_UNIT ( * ) PLANE_ANGLE_UNIT ( ) SI_UNIT ( $, .RADIAN. ) );
#1953 = DIRECTION ( 'NONE',  ( 6.661338147750936284E-16, -1.000000000000000000, -2.743416180782785704E-16 ) ) ;
#1954 = ORIENTED_EDGE ( 'NONE', *, *, #234, .F. ) ;
#1955 = DIRECTION ( 'NONE',  ( -6.661338147750936284E-16, 1.000000000000000000, 2.743416180782785704E-16 ) ) ;
#1956 = ORIENTED_EDGE ( 'NONE', *, *, #2544, .F. ) ;
#1957 = VECTOR ( 'NONE', #167, 1000.000000000000114 ) ;
#1958 = VECTOR ( 'NONE', #2143, 1000.000000000000000 ) ;
#1959 = VECTOR ( 'NONE', #328, 1000.000000000000000 ) ;
#1960 = PRESENTATION_LAYER_ASSIGNMENT (  '', '', ( #1594 ) ) ;
#1961 = CARTESIAN_POINT ( 'NONE',  ( -0.5399999999999988143, 0.1900000000000000577, 0.2005000000000033145 ) ) ;
#1962 = CONTEXT_DEPENDENT_SHAPE_REPRESENTATION ( #383, #2121 ) ;
#1963 = DIRECTION ( 'NONE',  ( -9.620821797635464851E-16, -2.743416180782791127E-16, -1.000000000000000000 ) ) ;
#1964 = ORIENTED_EDGE ( 'NONE', *, *, #1083, .F. ) ;
#1965 = CARTESIAN_POINT ( 'NONE',  ( -0.3274996306596028584, 0.07578415359782431082, 0.4514999999999996239 ) ) ;
#1966 = CARTESIAN_POINT ( 'NONE',  ( -0.2660849495320360969, 0.06019826265344502270, 0.4514999999999996239 ) ) ;
#1967 = EDGE_CURVE ( 'NONE', #408, #1351, #1845, .T. ) ;
#1968 = ORIENTED_EDGE ( 'NONE', *, *, #1083, .T. ) ;
#1969 = VECTOR ( 'NONE', #2329, 1000.000000000000000 ) ;
#1970 = PLANE ( 'NONE',  #197 ) ;
#1971 = ORIENTED_EDGE ( 'NONE', *, *, #2278, .T. ) ;
#1972 = DIRECTION ( 'NONE',  ( 1.000000000000000000, -6.661338147750935298E-16, 9.620821797635449073E-16 ) ) ;
#1973 = VECTOR ( 'NONE', #242, 1000.000000000000000 ) ;
#1974 = DIRECTION ( 'NONE',  ( 6.661338147750936284E-16, -1.000000000000000000, -2.743416180782785704E-16 ) ) ;
#1975 = ITEM_DEFINED_TRANSFORMATION ( 'NONE', 'NONE', #2693,  #1471 ) ;
#1976 = CLOSED_SHELL ( 'NONE', ( #1763, #430, #1131, #615, #181 ) ) ;
#1977 = PLANE ( 'NONE',  #520 ) ;
#1978 = VERTEX_POINT ( 'NONE', #793 ) ;
#1979 = FILL_AREA_STYLE ('',( #732 ) ) ;
#1980 = PLANE ( 'NONE',  #2494 ) ;
#1981 = ORIENTED_EDGE ( 'NONE', *, *, #2295, .F. ) ;
#1982 = ADVANCED_FACE ( 'NONE', ( #132 ), #176, .F. ) ;
#1983 = CARTESIAN_POINT ( 'NONE',  ( -0.1836157024299127638, 0.01084447640902628553, 0.4499999999999998446 ) ) ;
#1984 = ORIENTED_EDGE ( 'NONE', *, *, #729, .T. ) ;
#1985 = PRODUCT_DEFINITION ( 'UNKNOWN', '', #1509, #1479 ) ;
#1986 = CARTESIAN_POINT ( 'NONE',  ( 0.2844978556510030510, 0.008741898385816737616, 0.4514999999999996239 ) ) ;
#1987 = LINE ( 'NONE', #1837, #648 ) ;
#1988 = EDGE_CURVE ( 'NONE', #2426, #1694, #2022, .T. ) ;
#1989 = ADVANCED_FACE ( 'NONE', ( #2687 ), #1014, .T. ) ;
#1990 =( NAMED_UNIT ( * ) PLANE_ANGLE_UNIT ( ) SI_UNIT ( $, .RADIAN. ) );
#1991 = DIRECTION ( 'NONE',  ( -6.661338147750936284E-16, 1.000000000000000000, 2.743416180782785704E-16 ) ) ;
#1992 = ORIENTED_EDGE ( 'NONE', *, *, #1036, .T. ) ;
#1993 = DIRECTION ( 'NONE',  ( -9.620821797635464851E-16, -2.743416180782791127E-16, -1.000000000000000000 ) ) ;
#1994 = EDGE_LOOP ( 'NONE', ( #1361, #807, #1650, #1656 ) ) ;
#1995 = FACE_OUTER_BOUND ( 'NONE', #1297, .T. ) ;
#1996 = ORIENTED_EDGE ( 'NONE', *, *, #2669, .F. ) ;
#1997 = LINE ( 'NONE', #2198, #1473 ) ;
#1998 = ORIENTED_EDGE ( 'NONE', *, *, #344, .F. ) ;
#1999 = AXIS2_PLACEMENT_3D ( 'NONE', #1631, #1218, #2647 ) ;
#2000 = PRESENTATION_LAYER_ASSIGNMENT (  '', '', ( #105 ) ) ;
#2001 = AXIS2_PLACEMENT_3D ( 'NONE', #1934, #1027, #2702 ) ;
#2002 = CARTESIAN_POINT ( 'NONE',  ( 0.7400000000000045430, 0.1900000000000000577, -0.4100000000000006417 ) ) ;
#2003 = DIRECTION ( 'NONE',  ( -9.620821797635464851E-16, -2.743416180782791127E-16, -1.000000000000000000 ) ) ;
#2004 = DIRECTION ( 'NONE',  ( -9.620821797635464851E-16, -2.743416180782791127E-16, -1.000000000000000000 ) ) ;
#2005 = CARTESIAN_POINT ( 'NONE',  ( 0.1108627356977698319, 0.01926097453439079565, 0.4499999999999999001 ) ) ;
#2006 = ORIENTED_EDGE ( 'NONE', *, *, #1692, .F. ) ;
#2007 = LINE ( 'NONE', #121, #1068 ) ;
#2008 = AXIS2_PLACEMENT_3D ( 'NONE', #611, #2092, #1696 ) ;
#2009 = ORIENTED_EDGE ( 'NONE', *, *, #2174, .F. ) ;
#2010 =( NAMED_UNIT ( * ) SI_UNIT ( $, .STERADIAN. ) SOLID_ANGLE_UNIT ( ) );
#2011 = ORIENTED_EDGE ( 'NONE', *, *, #2158, .T. ) ;
#2012 = CARTESIAN_POINT ( 'NONE',  ( 0.5349999999999938138, -0.8599999999999996536, 0.4499999999999999001 ) ) ;
#2013 =( LENGTH_UNIT ( ) NAMED_UNIT ( * ) SI_UNIT ( .MILLI., .METRE. ) );
#2014 = EDGE_CURVE ( 'NONE', #2685, #1540, #193, .T. ) ;
#2015 = CARTESIAN_POINT ( 'NONE',  ( -0.5460000000000048148, 0.03994637228261349593, 0.4499999999999999001 ) ) ;
#2016 = DIRECTION ( 'NONE',  ( -9.620821797635464851E-16, -2.743416180782791127E-16, -1.000000000000000000 ) ) ;
#2017 = CARTESIAN_POINT ( 'NONE',  ( -0.2660849495320360969, 0.06019826265344502270, 0.4499999999999999001 ) ) ;
#2018 = COLOUR_RGB ( '',0.000000000000000000, 0.000000000000000000, 0.000000000000000000 ) ;
#2019 = EDGE_CURVE ( 'NONE', #1681, #1530, #1464, .T. ) ;
#2020 = ORIENTED_EDGE ( 'NONE', *, *, #853, .F. ) ;
#2021 = CARTESIAN_POINT ( 'NONE',  ( 0.05232905809995913593, 0.06117286023095414027, 0.4514999999999996239 ) ) ;
#2022 = LINE ( 'NONE', #1813, #2215 ) ;
#2023 = DIRECTION ( 'NONE',  ( 9.620821797635447101E-16, -2.743416180782804439E-16, -1.000000000000000000 ) ) ;
#2024 = EDGE_LOOP ( 'NONE', ( #950, #2137, #2106, #802 ) ) ;
#2025 = CARTESIAN_POINT ( 'NONE',  ( 0.05016469536779644134, 0.01926097453439079565, 0.4514999999999996239 ) ) ;
#2026 = DIRECTION ( 'NONE',  ( 1.000000000000000000, -6.661338147750935298E-16, 9.620821797635449073E-16 ) ) ;
#2027 =( LENGTH_UNIT ( ) NAMED_UNIT ( * ) SI_UNIT ( .MILLI., .METRE. ) );
#2028 = DIRECTION ( 'NONE',  ( 2.127484823674920686E-15, 1.000000000000000000, 2.743416180782813807E-16 ) ) ;
#2029 = ORIENTED_EDGE ( 'NONE', *, *, #1330, .T. ) ;
#2030 = ORIENTED_EDGE ( 'NONE', *, *, #1073, .F. ) ;
#2031 = DIRECTION ( 'NONE',  ( -0.000000000000000000, -1.000000000000000000, -0.000000000000000000 ) ) ;
#2032 = LINE ( 'NONE', #1629, #1154 ) ;
#2033 = DIRECTION ( 'NONE',  ( -9.620821797635464851E-16, -2.743416180782791127E-16, -1.000000000000000000 ) ) ;
#2034 = ORIENTED_EDGE ( 'NONE', *, *, #516, .F. ) ;
#2035 = DIRECTION ( 'NONE',  ( 1.000000000000000000, 0.000000000000000000, 0.000000000000000000 ) ) ;
#2036 = CIRCLE ( 'NONE', #22, 0.05949999999999998346 ) ;
#2037 = SURFACE_STYLE_USAGE ( .BOTH. , #1416 ) ;
#2038 = CIRCLE ( 'NONE', #2479, 0.07159641025652596635 ) ;
#2039 = SPHERICAL_SURFACE ( 'NONE', #286, 0.1000000000000000056 ) ;
#2040 = VECTOR ( 'NONE', #998, 1000.000000000000000 ) ;
#2041 = FACE_OUTER_BOUND ( 'NONE', #1935, .T. ) ;
#2042 = AXIS2_PLACEMENT_3D ( 'NONE', #874, #1263, #2332 ) ;
#2043 = LINE ( 'NONE', #612, #740 ) ;
#2044 = VERTEX_POINT ( 'NONE', #338 ) ;
#2045 = AXIS2_PLACEMENT_3D ( 'NONE', #2021, #131, #1867 ) ;
#2046 = CARTESIAN_POINT ( 'NONE',  ( 0.01112740015588031817, 0.03994637228261349593, 0.4499999999999999001 ) ) ;
#2047 = DIRECTION ( 'NONE',  ( 9.620821797635464851E-16, 2.743416180782791127E-16, 1.000000000000000000 ) ) ;
#2048 = ORIENTED_EDGE ( 'NONE', *, *, #2378, .F. ) ;
#2049 = EDGE_CURVE ( 'NONE', #178, #1828, #366, .T. ) ;
#2050 = PRESENTATION_STYLE_ASSIGNMENT (( #180 ) ) ;
#2051 = AXIS2_PLACEMENT_3D ( 'NONE', #657, #1499, #2094 ) ;
#2052 = CARTESIAN_POINT ( 'NONE',  ( 0.001255226936378028846, 0.06117286023095414027, 0.4514999999999996239 ) ) ;
#2053 = DIRECTION ( 'NONE',  ( 0.000000000000000000, 1.000000000000000000, 0.000000000000000000 ) ) ;
#2054 = CARTESIAN_POINT ( 'NONE',  ( -0.5460000000000048148, -0.05973561724571807563, 0.4499999999999999001 ) ) ;
#2055 = VECTOR ( 'NONE', #1534, 1000.000000000000000 ) ;
#2056 = EDGE_LOOP ( 'NONE', ( #1191, #701, #195, #120 ) ) ;
#2057 = DIRECTION ( 'NONE',  ( 0.000000000000000000, 0.000000000000000000, 1.000000000000000000 ) ) ;
#2058 = DIRECTION ( 'NONE',  ( -9.620821797635464851E-16, -2.743416180782791127E-16, -1.000000000000000000 ) ) ;
#2059 = EDGE_CURVE ( 'NONE', #216, #2619, #1395, .T. ) ;
#2060 = LINE ( 'NONE', #2659, #546 ) ;
#2061 = VERTEX_POINT ( 'NONE', #1581 ) ;
#2062 = EDGE_CURVE ( 'NONE', #490, #659, #1421, .T. ) ;
#2063 = EDGE_CURVE ( 'NONE', #2587, #178, #1168, .T. ) ;
#2064 = FILL_AREA_STYLE_COLOUR ( '', #1543 ) ;
#2065 = ADVANCED_FACE ( 'NONE', ( #2456 ), #2440, .F. ) ;
#2066 = SURFACE_STYLE_FILL_AREA ( #1633 ) ;
#2067 = CARTESIAN_POINT ( 'NONE',  ( 0.3166618649260155571, 0.07632830207904284237, 0.4514999999999996239 ) ) ;
#2068 = CARTESIAN_POINT ( 'NONE',  ( -0.1289216853355285020, 0.01084447640902624910, 0.4514999999999996239 ) ) ;
#2069 = ORIENTED_EDGE ( 'NONE', *, *, #2073, .F. ) ;
#2070 = DIRECTION ( 'NONE',  ( -1.000000000000000000, 6.625170853718500959E-16, -7.571623832821143953E-16 ) ) ;
#2071 = LINE ( 'NONE', #28, #25 ) ;
#2072 = ORIENTED_EDGE ( 'NONE', *, *, #2658, .F. ) ;
#2073 = EDGE_CURVE ( 'NONE', #1637, #451, #507, .T. ) ;
#2074 = CARTESIAN_POINT ( 'NONE',  ( -0.04690934708873051306, 0.07100698918611342281, 0.4499999999999999001 ) ) ;
#2075 = SURFACE_SIDE_STYLE ('',( #2514 ) ) ;
#2076 = VERTEX_POINT ( 'NONE', #2246 ) ;
#2077 = CARTESIAN_POINT ( 'NONE',  ( -0.5399999999999988143, 0.1700000000000000122, 0.2600000000000032840 ) ) ;
#2078 = DIRECTION ( 'NONE',  ( -1.000000000000000000, 6.661338147750941215E-16, 9.620821797635462879E-16 ) ) ;
#2079 = LINE ( 'NONE', #198, #1349 ) ;
#2080 = AXIS2_PLACEMENT_3D ( 'NONE', #1986, #911, #106 ) ;
#2081 = ORIENTED_EDGE ( 'NONE', *, *, #1007, .T. ) ;
#2082 = SURFACE_STYLE_USAGE ( .BOTH. , #2321 ) ;
#2083 = VECTOR ( 'NONE', #355, 1000.000000000000114 ) ;
#2084 =( GEOMETRIC_REPRESENTATION_CONTEXT ( 3 ) GLOBAL_UNCERTAINTY_ASSIGNED_CONTEXT ( ( #1905 ) ) GLOBAL_UNIT_ASSIGNED_CONTEXT ( ( #2496, #835, #623 ) ) REPRESENTATION_CONTEXT ( 'NONE', 'WORKASPACE' ) );
#2085 = DIRECTION ( 'NONE',  ( -0.7903288986346095335, -0.6126828151523472377, -9.284457444061578430E-16 ) ) ;
#2086 = VECTOR ( 'NONE', #407, 1000.000000000000000 ) ;
#2087 = FACE_OUTER_BOUND ( 'NONE', #599, .T. ) ;
#2088 = ORIENTED_EDGE ( 'NONE', *, *, #876, .T. ) ;
#2089 = FILL_AREA_STYLE_COLOUR ( '', #718 ) ;
#2090 = ADVANCED_FACE ( 'NONE', ( #2260 ), #574, .F. ) ;
#2091 = DIRECTION ( 'NONE',  ( -9.620821797635464851E-16, -2.743416180782791127E-16, -1.000000000000000000 ) ) ;
#2092 = DIRECTION ( 'NONE',  ( -9.620821797635464851E-16, -2.743416180782791127E-16, -1.000000000000000000 ) ) ;
#2093 = VECTOR ( 'NONE', #2026, 1000.000000000000000 ) ;
#2094 = DIRECTION ( 'NONE',  ( -1.000000000000000000, 4.969308428006843299E-15, -9.620821797635435268E-16 ) ) ;
#2095 = DIRECTION ( 'NONE',  ( 0.000000000000000000, 0.000000000000000000, -1.000000000000000000 ) ) ;
#2096 = ORIENTED_EDGE ( 'NONE', *, *, #601, .T. ) ;
#2097 = ADVANCED_FACE ( 'NONE', ( #2482 ), #808, .T. ) ;
#2098 = DIRECTION ( 'NONE',  ( -1.000000000000000000, 6.661338147750941215E-16, 9.620821797635462879E-16 ) ) ;
#2099 = EDGE_CURVE ( 'NONE', #1146, #506, #1192, .T. ) ;
#2100 = LINE ( 'NONE', #883, #962 ) ;
#2101 = AXIS2_PLACEMENT_3D ( 'NONE', #1061, #44, #1915 ) ;
#2102 = EDGE_CURVE ( 'NONE', #2619, #659, #1614, .T. ) ;
#2103 = ORIENTED_EDGE ( 'NONE', *, *, #1362, .T. ) ;
#2104 = DIRECTION ( 'NONE',  ( 1.000000000000000000, -2.388925875883730404E-15, 9.620821797635447101E-16 ) ) ;
#2105 = CLOSED_SHELL ( 'NONE', ( #1085, #1402, #1316, #2535, #397, #2181, #1519, #361, #68, #587 ) ) ;
#2106 = ORIENTED_EDGE ( 'NONE', *, *, #711, .T. ) ;
#2107 = DIRECTION ( 'NONE',  ( -1.000000000000000000, 6.625170853718500959E-16, -7.571623832821143953E-16 ) ) ;
#2108 = ORIENTED_EDGE ( 'NONE', *, *, #2185, .T. ) ;
#2109 = DIRECTION ( 'NONE',  ( -9.620821797635464851E-16, -2.743416180782791127E-16, -1.000000000000000000 ) ) ;
#2110 = EDGE_CURVE ( 'NONE', #2694, #1134, #1436, .T. ) ;
#2111 = LINE ( 'NONE', #213, #1604 ) ;
#2112 = DIRECTION ( 'NONE',  ( 6.661338147750936284E-16, -1.000000000000000000, -2.743416180782785704E-16 ) ) ;
#2113 = ORIENTED_EDGE ( 'NONE', *, *, #1350, .T. ) ;
#2114 = LINE ( 'NONE', #42, #372 ) ;
#2115 = EDGE_CURVE ( 'NONE', #218, #636, #187, .T. ) ;
#2116 = CARTESIAN_POINT ( 'NONE',  ( -0.1289216853355285020, 0.01084447640902624910, 0.4514999999999996239 ) ) ;
#2117 = ORIENTED_EDGE ( 'NONE', *, *, #1437, .F. ) ;
#2118 = PLANE ( 'NONE',  #1196 ) ;
#2119 = VERTEX_POINT ( 'NONE', #1852 ) ;
#2120 = CARTESIAN_POINT ( 'NONE',  ( 0.1108627356977698319, 0.06117286023095414027, 0.4514999999999996239 ) ) ;
#2121 = PRODUCT_DEFINITION_SHAPE ( 'NONE', 'NONE',  #2708 ) ;
#2122 = EDGE_LOOP ( 'NONE', ( #226, #1094, #1256, #595 ) ) ;
#2123 = CARTESIAN_POINT ( 'NONE',  ( 0.1108627356977698319, -0.04089420743941252212, 0.4514999999999996239 ) ) ;
#2124 = CARTESIAN_POINT ( 'NONE',  ( -0.2495701759377133566, 0.06019826265344502270, 0.4499999999999999001 ) ) ;
#2125 = DIRECTION ( 'NONE',  ( 9.620821797635464851E-16, 2.743416180782791127E-16, 1.000000000000000000 ) ) ;
#2126 = VERTEX_POINT ( 'NONE', #1024 ) ;
#2127 = DIRECTION ( 'NONE',  ( -9.620821797635464851E-16, -2.743416180782791127E-16, -1.000000000000000000 ) ) ;
#2128 = ORIENTED_EDGE ( 'NONE', *, *, #673, .T. ) ;
#2129 = STYLED_ITEM ( 'NONE', ( #1496 ), #1264 ) ;
#2130 = PLANE ( 'NONE',  #326 ) ;
#2131 = EDGE_CURVE ( 'NONE', #1201, #50, #2427, .T. ) ;
#2132 = ORIENTED_EDGE ( 'NONE', *, *, #140, .F. ) ;
#2133 = CARTESIAN_POINT ( 'NONE',  ( -0.2495701759377133566, -0.05973561724571807563, 0.4514999999999996239 ) ) ;
#2134 = VECTOR ( 'NONE', #211, 1000.000000000000114 ) ;
#2135 = CARTESIAN_POINT ( 'NONE',  ( -0.7400000000000045430, 0.1700000000000000122, 0.4100000000000006417 ) ) ;
#2136 = DIRECTION ( 'NONE',  ( -1.000000000000000000, 4.454388466875401302E-16, -9.620821797635449073E-16 ) ) ;
#2137 = ORIENTED_EDGE ( 'NONE', *, *, #936, .F. ) ;
#2138 = CARTESIAN_POINT ( 'NONE',  ( 0.2325455091965744625, 0.07730289965655889883, 0.4499999999999999001 ) ) ;
#2139 = VECTOR ( 'NONE', #2626, 1000.000000000000000 ) ;
#2140 = PLANE ( 'NONE',  #150 ) ;
#2141 = FACE_OUTER_BOUND ( 'NONE', #166, .T. ) ;
#2142 = ORIENTED_EDGE ( 'NONE', *, *, #582, .T. ) ;
#2143 = DIRECTION ( 'NONE',  ( 6.661338147750936284E-16, -1.000000000000000000, -2.743416180782785704E-16 ) ) ;
#2144 = EDGE_CURVE ( 'NONE', #2445, #2044, #2642, .T. ) ;
#2145 = VECTOR ( 'NONE', #420, 1000.000000000000000 ) ;
#2146 = CARTESIAN_POINT ( 'NONE',  ( -0.01423715191750662967, 0.07730289965655889883, 0.4514999999999996239 ) ) ;
#2147 = EDGE_CURVE ( 'NONE', #471, #709, #353, .T. ) ;
#2148 = DIRECTION ( 'NONE',  ( -6.661338147750936284E-16, 1.000000000000000000, 2.743416180782785704E-16 ) ) ;
#2149 = EDGE_CURVE ( 'NONE', #1913, #567, #982, .T. ) ;
#2150 = CARTESIAN_POINT ( 'NONE',  ( 0.1108627356977698319, 0.06117286023095414027, 0.4499999999999999001 ) ) ;
#2151 = LINE ( 'NONE', #268, #777 ) ;
#2152 = EDGE_LOOP ( 'NONE', ( #2573, #1278, #2532, #1951 ) ) ;
#2153 = CARTESIAN_POINT ( 'NONE',  ( -0.1881617656168538266, 0.06019826265344502270, 0.4514999999999996239 ) ) ;
#2154 = ORIENTED_EDGE ( 'NONE', *, *, #1988, .F. ) ;
#2155 = FACE_BOUND ( 'NONE', #935, .T. ) ;
#2156 = ORIENTED_EDGE ( 'NONE', *, *, #1003, .F. ) ;
#2157 = PRESENTATION_STYLE_ASSIGNMENT (( #1313 ) ) ;
#2158 = EDGE_CURVE ( 'NONE', #636, #1368, #452, .T. ) ;
#2159 = CARTESIAN_POINT ( 'NONE',  ( -0.7400000000000045430, 0.1900000000000000577, 0.4100000000000006417 ) ) ;
#2160 = PRODUCT_CONTEXT ( 'NONE', #1605, 'mechanical' ) ;
#2161 = CARTESIAN_POINT ( 'NONE',  ( -0.04690934708873051306, -0.05973561724571807563, 0.4499999999999999001 ) ) ;
#2162 = VERTEX_POINT ( 'NONE', #2521 ) ;
#2163 = CARTESIAN_POINT ( 'NONE',  ( -0.2495701759377133566, -0.05973561724571807563, 0.4499999999999999001 ) ) ;
#2164 = ORIENTED_EDGE ( 'NONE', *, *, #2669, .T. ) ;
#2165 = DIRECTION ( 'NONE',  ( -9.620821797635464851E-16, -2.743416180782791127E-16, -1.000000000000000000 ) ) ;
#2166 = VERTEX_POINT ( 'NONE', #24 ) ;
#2167 = VECTOR ( 'NONE', #1294, 1000.000000000000000 ) ;
#2168 = VECTOR ( 'NONE', #1095, 1000.000000000000000 ) ;
#2169 = PRODUCT_DEFINITION_FORMATION_WITH_SPECIFIED_SOURCE ( 'ANY', '', #899, .NOT_KNOWN. ) ;
#2170 = AXIS2_PLACEMENT_3D ( 'NONE', #655, #2109, #1911 ) ;
#2171 = EDGE_CURVE ( 'NONE', #670, #1420, #2114, .T. ) ;
#2172 = VECTOR ( 'NONE', #600, 1000.000000000000227 ) ;
#2173 = DIRECTION ( 'NONE',  ( -1.000000000000000000, 0.000000000000000000, -0.000000000000000000 ) ) ;
#2174 = EDGE_CURVE ( 'NONE', #609, #1513, #614, .T. ) ;
#2175 = DIRECTION ( 'NONE',  ( 4.454388466875398344E-16, 1.000000000000000000, 2.743416180782797044E-16 ) ) ;
#2176 = EDGE_LOOP ( 'NONE', ( #1493, #886, #1879, #2225 ) ) ;
#2177 = LINE ( 'NONE', #2373, #631 ) ;
#2178 = FACE_OUTER_BOUND ( 'NONE', #981, .T. ) ;
#2179 = EDGE_CURVE ( 'NONE', #1153, #2587, #2346, .T. ) ;
#2180 = ORIENTED_EDGE ( 'NONE', *, *, #1877, .F. ) ;
#2181 = ADVANCED_FACE ( 'NONE', ( #880 ), #1700, .F. ) ;
#2182 = AXIS2_PLACEMENT_3D ( 'NONE', #1145, #303, #1573 ) ;
#2183 = DIRECTION ( 'NONE',  ( -9.620821797635447101E-16, 2.743416180782804439E-16, 1.000000000000000000 ) ) ;
#2184 = EDGE_LOOP ( 'NONE', ( #654, #1208, #2632, #1580 ) ) ;
#2185 = EDGE_CURVE ( 'NONE', #5, #1351, #13, .T. ) ;
#2186 = AXIS2_PLACEMENT_3D ( 'NONE', #1138, #1359, #2201 ) ;
#2187 = SURFACE_STYLE_FILL_AREA ( #2604 ) ;
#2188 = DIRECTION ( 'NONE',  ( -9.620821797635464851E-16, -2.743416180782791127E-16, -1.000000000000000000 ) ) ;
#2189 = MECHANICAL_DESIGN_GEOMETRIC_PRESENTATION_REPRESENTATION (  '', ( #1936 ), #1707 ) ;
#2190 = CARTESIAN_POINT ( 'NONE',  ( -0.3274996306596028584, 0.06019826265344502270, 0.4514999999999996239 ) ) ;
#2191 = VECTOR ( 'NONE', #2286, 1000.000000000000000 ) ;
#2192 = FACE_OUTER_BOUND ( 'NONE', #1718, .T. ) ;
#2193 = ORIENTED_EDGE ( 'NONE', *, *, #2630, .F. ) ;
#2194 = DIRECTION ( 'NONE',  ( 0.6335469652300284027, 0.7737042347356134497, 8.217835169624697569E-16 ) ) ;
#2195 = ORIENTED_EDGE ( 'NONE', *, *, #234, .T. ) ;
#2196 = FACE_OUTER_BOUND ( 'NONE', #541, .T. ) ;
#2197 = ORIENTED_EDGE ( 'NONE', *, *, #30, .T. ) ;
#2198 = CARTESIAN_POINT ( 'NONE',  ( 0.000000000000000000, 0.06117286023095414027, 0.4514999999999996239 ) ) ;
#2199 = ORIENTED_EDGE ( 'NONE', *, *, #921, .F. ) ;
#2200 = CONTEXT_DEPENDENT_SHAPE_REPRESENTATION ( #2402, #2538 ) ;
#2201 = DIRECTION ( 'NONE',  ( -9.620821797635464851E-16, -2.743416180782791127E-16, -1.000000000000000000 ) ) ;
#2202 = LINE ( 'NONE', #968, #1838 ) ;
#2203 = CARTESIAN_POINT ( 'NONE',  ( -0.5460000000000048148, -0.05741255515549076316, 0.4499999999999999001 ) ) ;
#2204 = MANIFOLD_SOLID_BREP ( 'Scale1[5]', #1976 ) ;
#2205 = ORIENTED_EDGE ( 'NONE', *, *, #2243, .F. ) ;
#2206 = DIRECTION ( 'NONE',  ( 6.661338147750936284E-16, -1.000000000000000000, -2.743416180782785704E-16 ) ) ;
#2207 = ORIENTED_EDGE ( 'NONE', *, *, #439, .F. ) ;
#2208 = EDGE_CURVE ( 'NONE', #337, #16, #2305, .T. ) ;
#2209 = CARTESIAN_POINT ( 'NONE',  ( -0.5460000000000048148, 0.07578415359782431082, 0.4499999999999999001 ) ) ;
#2210 = CARTESIAN_POINT ( 'NONE',  ( 0.06453751769582016795, -0.05876101966820895806, 0.4514999999999996239 ) ) ;
#2211 = VERTEX_POINT ( 'NONE', #1037 ) ;
#2212 = DIRECTION ( 'NONE',  ( -9.620821797635447101E-16, 2.743416180782804439E-16, 1.000000000000000000 ) ) ;
#2213 =( GEOMETRIC_REPRESENTATION_CONTEXT ( 3 ) GLOBAL_UNCERTAINTY_ASSIGNED_CONTEXT ( ( #798 ) ) GLOBAL_UNIT_ASSIGNED_CONTEXT ( ( #1531, #1120, #2010 ) ) REPRESENTATION_CONTEXT ( 'NONE', 'WORKASPACE' ) );
#2214 = SURFACE_STYLE_FILL_AREA ( #191 ) ;
#2215 = VECTOR ( 'NONE', #810, 1000.000000000000000 ) ;
#2216 = PLANE ( 'NONE',  #82 ) ;
#2217 = DIRECTION ( 'NONE',  ( 0.000000000000000000, 1.000000000000000000, 0.000000000000000000 ) ) ;
#2218 = LINE ( 'NONE', #1588, #111 ) ;
#2219 = ORIENTED_EDGE ( 'NONE', *, *, #1566, .T. ) ;
#2220 = EDGE_LOOP ( 'NONE', ( #1790, #2245, #321, #443 ) ) ;
#2221 = DIRECTION ( 'NONE',  ( -6.661338147750936284E-16, 1.000000000000000000, 2.743416180782785704E-16 ) ) ;
#2222 = DIRECTION ( 'NONE',  ( 1.000000000000000000, -4.454388466875401302E-16, 9.620821797635449073E-16 ) ) ;
#2223 = VECTOR ( 'NONE', #21, 1000.000000000000000 ) ;
#2224 = PLANE ( 'NONE',  #987 ) ;
#2225 = ORIENTED_EDGE ( 'NONE', *, *, #439, .T. ) ;
#2226 = MANIFOLD_SOLID_BREP ( 'Revolve1', #437 ) ;
#2227 = CARTESIAN_POINT ( 'NONE',  ( -0.7400000000000045430, 0.1700000000000000122, 0.4100000000000006417 ) ) ;
#2228 = SHAPE_REPRESENTATION_RELATIONSHIP ( 'NONE' , 'NONE' ,  #1167, #768 ) ;
#2229 = LINE ( 'NONE', #136, #164 ) ;
#2230 = DIRECTION ( 'NONE',  ( 1.000000000000000000, -6.661338147750941215E-16, -9.620821797635462879E-16 ) ) ;
#2231 = CARTESIAN_POINT ( 'NONE',  ( -0.1289216853355285020, 0.01084447640902624910, 0.4499999999999999001 ) ) ;
#2232 = MANIFOLD_SOLID_BREP ( 'Split2[1]', #1087 ) ;
#2233 = CIRCLE ( 'NONE', #1393, 0.05469401709438427572 ) ;
#2234 = EDGE_LOOP ( 'NONE', ( #1282, #1750, #438, #406 ) ) ;
#2235 = ORIENTED_EDGE ( 'NONE', *, *, #442, .T. ) ;
#2236 = DIRECTION ( 'NONE',  ( -0.6063807679596640021, 0.7951744237893018097, -3.652386929285055789E-16 ) ) ;
#2237 = CARTESIAN_POINT ( 'NONE',  ( -0.1881617656168538266, 0.06019826265344502270, 0.4514999999999996239 ) ) ;
#2238 = PLANE ( 'NONE',  #2391 ) ;
#2239 = ORIENTED_EDGE ( 'NONE', *, *, #936, .T. ) ;
#2240 = MANIFOLD_SOLID_BREP ( 'Scale1[3]', #88 ) ;
#2241 =( LENGTH_UNIT ( ) NAMED_UNIT ( * ) SI_UNIT ( .MILLI., .METRE. ) );
#2242 = DIRECTION ( 'NONE',  ( -1.000000000000000000, 2.127484823674921080E-15, -9.620821797635449073E-16 ) ) ;
#2243 = EDGE_CURVE ( 'NONE', #80, #2466, #56, .T. ) ;
#2244 = CARTESIAN_POINT ( 'NONE',  ( 0.7400000000000045430, 0.1700000000000000122, 0.4100000000000006417 ) ) ;
#2245 = ORIENTED_EDGE ( 'NONE', *, *, #1314, .F. ) ;
#2246 = CARTESIAN_POINT ( 'NONE',  ( -0.07422766824114421236, 0.01084447640902621787, 0.4499999999999998446 ) ) ;
#2247 = CARTESIAN_POINT ( 'NONE',  ( -0.01423715191750662967, -0.05973561724571807563, 0.4499999999999999001 ) ) ;
#2248 = CARTESIAN_POINT ( 'NONE',  ( -0.3274996306596028584, 0.06019826265344502270, 0.4514999999999996239 ) ) ;
#2249 = EDGE_LOOP ( 'NONE', ( #2020, #1319 ) ) ;
#2250 = CARTESIAN_POINT ( 'NONE',  ( 0.2325455091965744625, 0.07730289965655889883, 0.4514999999999996239 ) ) ;
#2251 =( NAMED_UNIT ( * ) SI_UNIT ( $, .STERADIAN. ) SOLID_ANGLE_UNIT ( ) );
#2252 = PRESENTATION_LAYER_ASSIGNMENT (  '', '', ( #1682 ) ) ;
#2253 = LINE ( 'NONE', #2052, #2531 ) ;
#2254 = CARTESIAN_POINT ( 'NONE',  ( 0.1108627356977698319, 0.06117286023095414027, 0.4514999999999996239 ) ) ;
#2255 = VECTOR ( 'NONE', #1155, 1000.000000000000000 ) ;
#2256 = EDGE_CURVE ( 'NONE', #2330, #86, #422, .T. ) ;
#2257 = FILL_AREA_STYLE ('',( #375 ) ) ;
#2258 = VERTEX_POINT ( 'NONE', #942 ) ;
#2259 = VECTOR ( 'NONE', #2277, 1000.000000000000000 ) ;
#2260 = FACE_OUTER_BOUND ( 'NONE', #147, .T. ) ;
#2261 = DIRECTION ( 'NONE',  ( -9.620821797635464851E-16, -2.743416180782791127E-16, -1.000000000000000000 ) ) ;
#2262 = ADVANCED_FACE ( 'NONE', ( #1307 ), #527, .T. ) ;
#2263 = EDGE_CURVE ( 'NONE', #209, #490, #2411, .T. ) ;
#2264 = CARTESIAN_POINT ( 'NONE',  ( 0.2844978556510030510, 0.008741898385816737616, 0.4499999999999999001 ) ) ;
#2265 = VERTEX_POINT ( 'NONE', #1744 ) ;
#2266 = EDGE_CURVE ( 'NONE', #84, #1668, #1127, .T. ) ;
#2267 = DIRECTION ( 'NONE',  ( -1.000000000000000000, 6.661338147750935298E-16, -9.620821797635449073E-16 ) ) ;
#2268 = SHAPE_DEFINITION_REPRESENTATION ( #275, #46 ) ;
#2269 = AXIS2_PLACEMENT_3D ( 'NONE', #1245, #1880, #20 ) ;
#2270 = MECHANICAL_DESIGN_GEOMETRIC_PRESENTATION_REPRESENTATION (  '', ( #733 ), #1082 ) ;
#2271 = CARTESIAN_POINT ( 'NONE',  ( -0.01423715191750662967, 0.01926097453439079565, 0.4514999999999996239 ) ) ;
#2272 = ORIENTED_EDGE ( 'NONE', *, *, #2381, .F. ) ;
#2273 = CARTESIAN_POINT ( 'NONE',  ( 0.3355584169474901124, -0.05864222277228436919, 0.4499999999999999001 ) ) ;
#2274 = EDGE_LOOP ( 'NONE', ( #2660, #2361 ) ) ;
#2275 = VECTOR ( 'NONE', #1453, 1000.000000000000000 ) ;
#2276 = EDGE_LOOP ( 'NONE', ( #1035, #738, #299, #1525 ) ) ;
#2277 = DIRECTION ( 'NONE',  ( -1.000000000000000000, 6.661338147750935298E-16, -9.620821797635449073E-16 ) ) ;
#2278 = EDGE_CURVE ( 'NONE', #1530, #1681, #1591, .T. ) ;
#2279 = FACE_BOUND ( 'NONE', #1231, .T. ) ;
#2280 = DIRECTION ( 'NONE',  ( -0.7337606740181674692, -0.6794080314983070856, -8.923279673807913017E-16 ) ) ;
#2281 = VERTEX_POINT ( 'NONE', #2384 ) ;
#2282 = DIRECTION ( 'NONE',  ( 0.000000000000000000, -0.000000000000000000, 1.000000000000000000 ) ) ;
#2283 = ORIENTED_EDGE ( 'NONE', *, *, #38, .T. ) ;
#2284 = FACE_OUTER_BOUND ( 'NONE', #643, .T. ) ;
#2285 = PLANE ( 'NONE',  #2042 ) ;
#2286 = DIRECTION ( 'NONE',  ( -1.000000000000000000, -0.000000000000000000, -0.000000000000000000 ) ) ;
#2287 = ORIENTED_EDGE ( 'NONE', *, *, #2256, .F. ) ;
#2288 = FILL_AREA_STYLE ('',( #2335 ) ) ;
#2289 = EDGE_LOOP ( 'NONE', ( #1538, #2324, #1261, #1009 ) ) ;
#2290 = CARTESIAN_POINT ( 'NONE',  ( 0.05232905809995913593, 0.06117286023095414027, 0.4499999999999999001 ) ) ;
#2291 = ORIENTED_EDGE ( 'NONE', *, *, #985, .F. ) ;
#2292 = EDGE_CURVE ( 'NONE', #2258, #1156, #2177, .T. ) ;
#2293 = ADVANCED_FACE ( 'NONE', ( #499 ), #294, .T. ) ;
#2294 = CARTESIAN_POINT ( 'NONE',  ( -0.5399999999999988143, 0.1900000000000000577, 0.2600000000000032840 ) ) ;
#2295 = EDGE_CURVE ( 'NONE', #1785, #1637, #1206, .T. ) ;
#2296 = FILL_AREA_STYLE ('',( #1859 ) ) ;
#2297 = ORIENTED_EDGE ( 'NONE', *, *, #692, .T. ) ;
#2298 = LINE ( 'NONE', #1262, #474 ) ;
#2299 = LINE ( 'NONE', #2696, #858 ) ;
#2300 = CARTESIAN_POINT ( 'NONE',  ( 0.2180927429108886484, 0.002589844908668093026, 0.4499999999999999001 ) ) ;
#2301 = VECTOR ( 'NONE', #965, 1000.000000000000000 ) ;
#2302 = PRODUCT_DEFINITION ( 'UNKNOWN', '', #681, #446 ) ;
#2303 =( GEOMETRIC_REPRESENTATION_CONTEXT ( 3 ) GLOBAL_UNCERTAINTY_ASSIGNED_CONTEXT ( ( #1203 ) ) GLOBAL_UNIT_ASSIGNED_CONTEXT ( ( #1346, #1334, #1514 ) ) REPRESENTATION_CONTEXT ( 'NONE', 'WORKASPACE' ) );
#2304 = EDGE_LOOP ( 'NONE', ( #2570, #1488 ) ) ;
#2305 = LINE ( 'NONE', #1089, #2526 ) ;
#2306 = AXIS2_PLACEMENT_3D ( 'NONE', #2401, #92, #518 ) ;
#2307 = MECHANICAL_DESIGN_GEOMETRIC_PRESENTATION_REPRESENTATION (  '', ( #2433 ), #2213 ) ;
#2308 = DIRECTION ( 'NONE',  ( 1.000000000000000000, -6.661338147750935298E-16, 9.620821797635449073E-16 ) ) ;
#2309 = VERTEX_POINT ( 'NONE', #2273 ) ;
#2310 = CARTESIAN_POINT ( 'NONE',  ( -0.7400000000000045430, 0.1900000000000000577, 0.4100000000000006417 ) ) ;
#2311 = ORIENTED_EDGE ( 'NONE', *, *, #2393, .T. ) ;
#2312 = UNCERTAINTY_MEASURE_WITH_UNIT (LENGTH_MEASURE( 1.000000000000000082E-05 ), #508, 'distance_accuracy_value', 'NONE');
#2313 = ADVANCED_FACE ( 'NONE', ( #393 ), #1850, .F. ) ;
#2314 =( NAMED_UNIT ( * ) SI_UNIT ( $, .STERADIAN. ) SOLID_ANGLE_UNIT ( ) );
#2315 = VECTOR ( 'NONE', #435, 1000.000000000000000 ) ;
#2316 = ORIENTED_EDGE ( 'NONE', *, *, #2497, .F. ) ;
#2317 = DIRECTION ( 'NONE',  ( -9.620821797635464851E-16, -2.743416180782791127E-16, -1.000000000000000000 ) ) ;
#2318 = CARTESIAN_POINT ( 'NONE',  ( 0.000000000000000000, 0.1700000000000000122, 0.000000000000000000 ) ) ;
#2319 = DIRECTION ( 'NONE',  ( -9.620821797635464851E-16, -2.743416180782791127E-16, -1.000000000000000000 ) ) ;
#2320 = EDGE_LOOP ( 'NONE', ( #2504, #124, #1776, #188 ) ) ;
#2321 = SURFACE_SIDE_STYLE ('',( #1236 ) ) ;
#2322 = PRODUCT_DEFINITION_SHAPE ( 'NONE', 'NONE',  #2705 ) ;
#2323 = PRESENTATION_LAYER_ASSIGNMENT (  '', '', ( #1936 ) ) ;
#2324 = ORIENTED_EDGE ( 'NONE', *, *, #1317, .F. ) ;
#2325 = DIRECTION ( 'NONE',  ( 6.661338147750942201E-16, -1.000000000000000000, 2.743416180782784718E-16 ) ) ;
#2326 =( GEOMETRIC_REPRESENTATION_CONTEXT ( 3 ) GLOBAL_UNCERTAINTY_ASSIGNED_CONTEXT ( ( #1227 ) ) GLOBAL_UNIT_ASSIGNED_CONTEXT ( ( #1592, #1222, #159 ) ) REPRESENTATION_CONTEXT ( 'NONE', 'WORKASPACE' ) );
#2327 = EDGE_LOOP ( 'NONE', ( #1076, #23, #1321, #941 ) ) ;
#2328 = LINE ( 'NONE', #493, #1371 ) ;
#2329 = DIRECTION ( 'NONE',  ( -9.620821797635464851E-16, -2.743416180782791127E-16, -1.000000000000000000 ) ) ;
#2330 = VERTEX_POINT ( 'NONE', #581 ) ;
#2331 = DIRECTION ( 'NONE',  ( -0.7737042347356134497, 0.6335469652300284027, -5.705587570769351518E-16 ) ) ;
#2332 = DIRECTION ( 'NONE',  ( -9.620821797635464851E-16, -2.743416180782791127E-16, -1.000000000000000000 ) ) ;
#2333 = EDGE_CURVE ( 'NONE', #908, #861, #1824, .T. ) ;
#2334 = ORIENTED_EDGE ( 'NONE', *, *, #1863, .T. ) ;
#2335 = FILL_AREA_STYLE_COLOUR ( '', #1829 ) ;
#2336 = CARTESIAN_POINT ( 'NONE',  ( 0.2325455091965744625, 0.07730289965655889883, 0.4514999999999996239 ) ) ;
#2337 = ORIENTED_EDGE ( 'NONE', *, *, #1597, .F. ) ;
#2338 = DIRECTION ( 'NONE',  ( 0.6794080314983070856, -0.7337606740181674692, 4.523452693003977278E-16 ) ) ;
#2339 = EDGE_LOOP ( 'NONE', ( #457, #2653, #1851, #2403 ) ) ;
#2340 = DIRECTION ( 'NONE',  ( 0.6039477492579742313, -0.7970239119162153552, 3.623905374272243369E-16 ) ) ;
#2341 = CARTESIAN_POINT ( 'NONE',  ( -0.2005180955920544683, 0.01084447640902629593, 0.4514999999999995683 ) ) ;
#2342 = LINE ( 'NONE', #860, #2223 ) ;
#2343 = PLANE ( 'NONE',  #2488 ) ;
#2344 =( NAMED_UNIT ( * ) SI_UNIT ( $, .STERADIAN. ) SOLID_ANGLE_UNIT ( ) );
#2345 = ORIENTED_EDGE ( 'NONE', *, *, #1415, .T. ) ;
#2346 = LINE ( 'NONE', #1930, #2086 ) ;
#2347 = EDGE_CURVE ( 'NONE', #2258, #1144, #572, .T. ) ;
#2348 = SURFACE_STYLE_FILL_AREA ( #837 ) ;
#2349 = ORIENTED_EDGE ( 'NONE', *, *, #871, .T. ) ;
#2350 = MECHANICAL_DESIGN_GEOMETRIC_PRESENTATION_REPRESENTATION (  '', ( #1682 ), #1151 ) ;
#2351 = LINE ( 'NONE', #2588, #1643 ) ;
#2352 = EDGE_LOOP ( 'NONE', ( #1757, #1768, #727, #1871 ) ) ;
#2353 = CIRCLE ( 'NONE', #1290, 0.02101182754493401486 ) ;
#2354 = ADVANCED_FACE ( 'NONE', ( #969 ), #1163, .F. ) ;
#2355 = CARTESIAN_POINT ( 'NONE',  ( 0.2733574389361115298, 0.02344379688845599219, 0.4514999999999996239 ) ) ;
#2356 = EDGE_CURVE ( 'NONE', #451, #1637, #2038, .T. ) ;
#2357 = LINE ( 'NONE', #1104, #2358 ) ;
#2358 = VECTOR ( 'NONE', #2559, 1000.000000000000000 ) ;
#2359 = CARTESIAN_POINT ( 'NONE',  ( 0.2218045508528831977, 0.06117286023095414027, 0.4514999999999996239 ) ) ;
#2360 = DIRECTION ( 'NONE',  ( -6.661338147750942201E-16, 1.000000000000000000, -2.743416180782784718E-16 ) ) ;
#2361 = ORIENTED_EDGE ( 'NONE', *, *, #2592, .F. ) ;
#2362 = FILL_AREA_STYLE_COLOUR ( '', #414 ) ;
#2363 = VECTOR ( 'NONE', #1624, 1000.000000000000227 ) ;
#2364 = EDGE_CURVE ( 'NONE', #1351, #218, #2218, .T. ) ;
#2365 = VERTEX_POINT ( 'NONE', #1417 ) ;
#2366 = FACE_OUTER_BOUND ( 'NONE', #2383, .T. ) ;
#2367 = EDGE_LOOP ( 'NONE', ( #97, #1971 ) ) ;
#2368 = VECTOR ( 'NONE', #2518, 999.9999999999998863 ) ;
#2369 = LINE ( 'NONE', #2471, #2523 ) ;
#2370 = CARTESIAN_POINT ( 'NONE',  ( -0.01073435014067869453, 0.03994637228261349593, 0.4514999999999996239 ) ) ;
#2371 = FACE_OUTER_BOUND ( 'NONE', #2543, .T. ) ;
#2372 = ORIENTED_EDGE ( 'NONE', *, *, #1489, .T. ) ;
#2373 = CARTESIAN_POINT ( 'NONE',  ( -0.2660849495320360969, -0.05973561724571807563, 0.4514999999999996239 ) ) ;
#2374 = CARTESIAN_POINT ( 'NONE',  ( 0.000000000000000000, 0.000000000000000000, 0.4514999999999996239 ) ) ;
#2375 = ORIENTED_EDGE ( 'NONE', *, *, #714, .F. ) ;
#2376 = PLANE ( 'NONE',  #1825 ) ;
#2377 = EDGE_LOOP ( 'NONE', ( #2193, #898 ) ) ;
#2378 = EDGE_CURVE ( 'NONE', #530, #307, #980, .T. ) ;
#2379 = DIRECTION ( 'NONE',  ( 0.000000000000000000, 1.000000000000000000, 1.224646799147364054E-16 ) ) ;
#2380 = ITEM_DEFINED_TRANSFORMATION ( 'NONE', 'NONE', #763,  #1471 ) ;
#2381 = EDGE_CURVE ( 'NONE', #2061, #395, #374, .T. ) ;
#2382 = EDGE_CURVE ( 'NONE', #369, #1156, #772, .T. ) ;
#2383 = EDGE_LOOP ( 'NONE', ( #1356, #1299, #1618, #1896 ) ) ;
#2384 = CARTESIAN_POINT ( 'NONE',  ( -0.5399999999999988143, 0.1700000000000000122, 0.2005000000000033145 ) ) ;
#2385 = ADVANCED_FACE ( 'NONE', ( #1189 ), #2039, .T. ) ;
#2386 = SURFACE_STYLE_FILL_AREA ( #481 ) ;
#2387 = EDGE_LOOP ( 'NONE', ( #1747, #818, #1800, #1996 ) ) ;
#2388 = LINE ( 'NONE', #2569, #2522 ) ;
#2389 = ORIENTED_EDGE ( 'NONE', *, *, #2147, .F. ) ;
#2390 = AXIS2_PLACEMENT_3D ( 'NONE', #1360, #2597, #881 ) ;
#2391 = AXIS2_PLACEMENT_3D ( 'NONE', #779, #1215, #1855 ) ;
#2392 = VECTOR ( 'NONE', #1595, 1000.000000000000000 ) ;
#2393 = EDGE_CURVE ( 'NONE', #1440, #636, #1635, .T. ) ;
#2394 = CARTESIAN_POINT ( 'NONE',  ( -0.7400000000000045430, -0.1900000000000000577, -0.4100000000000006417 ) ) ;
#2395 = CARTESIAN_POINT ( 'NONE',  ( 0.2733574389361115298, 0.02344379688845599219, 0.4514999999999996239 ) ) ;
#2396 = ORIENTED_EDGE ( 'NONE', *, *, #267, .T. ) ;
#2397 = VECTOR ( 'NONE', #184, 1000.000000000000000 ) ;
#2398 = SURFACE_SIDE_STYLE ('',( #932 ) ) ;
#2399 = ORIENTED_EDGE ( 'NONE', *, *, #1383, .T. ) ;
#2400 = VECTOR ( 'NONE', #2091, 1000.000000000000000 ) ;
#2401 = CARTESIAN_POINT ( 'NONE',  ( 0.1108627356977698319, 0.01926097453439079565, 0.4514999999999996239 ) ) ;
#2402 =( REPRESENTATION_RELATIONSHIP ('NONE','NONE', #46, #1167 ) REPRESENTATION_RELATIONSHIP_WITH_TRANSFORMATION ( #2380 )SHAPE_REPRESENTATION_RELATIONSHIP( ) );
#2403 = ORIENTED_EDGE ( 'NONE', *, *, #126, .F. ) ;
#2404 = VECTOR ( 'NONE', #1161, 1000.000000000000000 ) ;
#2405 = DIRECTION ( 'NONE',  ( 6.661338147750936284E-16, -1.000000000000000000, -2.743416180782785704E-16 ) ) ;
#2406 = VERTEX_POINT ( 'NONE', #2452 ) ;
#2407 = AXIS2_PLACEMENT_3D ( 'NONE', #57, #2539, #661 ) ;
#2408 = VECTOR ( 'NONE', #583, 1000.000000000000000 ) ;
#2409 = CARTESIAN_POINT ( 'NONE',  ( -0.1881617656168538266, 0.07578415359782431082, 0.4514999999999996239 ) ) ;
#2410 = CARTESIAN_POINT ( 'NONE',  ( -0.5399999999999988143, 0.3582914139223982719, 0.2600000000000032840 ) ) ;
#2411 = LINE ( 'NONE', #2203, #1778 ) ;
#2412 = LINE ( 'NONE', #931, #1865 ) ;
#2413 = LINE ( 'NONE', #1966, #212 ) ;
#2414 = ADVANCED_FACE ( 'NONE', ( #596, #957 ), #745, .T. ) ;
#2415 = ORIENTED_EDGE ( 'NONE', *, *, #2678, .F. ) ;
#2416 = CARTESIAN_POINT ( 'NONE',  ( -0.7400000000000045430, 0.1700000000000000122, -0.4100000000000006417 ) ) ;
#2417 = ORIENTED_EDGE ( 'NONE', *, *, #1904, .F. ) ;
#2418 = EDGE_CURVE ( 'NONE', #2685, #2281, #2438, .T. ) ;
#2419 = CARTESIAN_POINT ( 'NONE',  ( -0.01073435014067869453, 0.03994637228261349593, 0.4514999999999996239 ) ) ;
#2420 = CARTESIAN_POINT ( 'NONE',  ( -0.5399999999999988143, 0.1700000000000000122, 0.2600000000000032840 ) ) ;
#2421 = VERTEX_POINT ( 'NONE', #2424 ) ;
#2422 = CARTESIAN_POINT ( 'NONE',  ( -90.81660822658932375, 4.210871872032839747, 45.06188220381091014 ) ) ;
#2423 = DIRECTION ( 'NONE',  ( -9.620821797635464851E-16, -2.743416180782791127E-16, -1.000000000000000000 ) ) ;
#2424 = CARTESIAN_POINT ( 'NONE',  ( 0.7400000000000045430, 0.1700000000000000122, 0.4100000000000006417 ) ) ;
#2425 = CARTESIAN_POINT ( 'NONE',  ( 0.08813733707392634731, -0.05876101966820895806, 0.4514999999999996239 ) ) ;
#2426 = VERTEX_POINT ( 'NONE', #2017 ) ;
#2427 = LINE ( 'NONE', #542, #1071 ) ;
#2428 = DIRECTION ( 'NONE',  ( -1.000000000000000000, 0.000000000000000000, 0.000000000000000000 ) ) ;
#2429 = CARTESIAN_POINT ( 'NONE',  ( -0.3274996306596028584, 0.06019826265344502270, 0.4514999999999996239 ) ) ;
#2430 = EDGE_LOOP ( 'NONE', ( #920, #2048, #1984, #1714 ) ) ;
#2431 = VECTOR ( 'NONE', #444, 1000.000000000000114 ) ;
#2432 = CARTESIAN_POINT ( 'NONE',  ( 0.001255226936378028846, 0.06117286023095414027, 0.4514999999999996239 ) ) ;
#2433 = STYLED_ITEM ( 'NONE', ( #2157 ), #1329 ) ;
#2434 = VECTOR ( 'NONE', #2574, 1000.000000000000000 ) ;
#2435 = AXIS2_PLACEMENT_3D ( 'NONE', #1490, #2098, #2537 ) ;
#2436 = CARTESIAN_POINT ( 'NONE',  ( -0.7400000000000045430, -0.1900000000000000577, 0.4100000000000006417 ) ) ;
#2437 = CARTESIAN_POINT ( 'NONE',  ( 0.3398409170280447533, 0.07632830207904284237, 0.4499999999999999001 ) ) ;
#2438 = LINE ( 'NONE', #2627, #1109 ) ;
#2439 = EDGE_LOOP ( 'NONE', ( #109, #1884, #310, #1055 ) ) ;
#2440 = PLANE ( 'NONE',  #1689 ) ;
#2441 = CARTESIAN_POINT ( 'NONE',  ( 0.2844978556510030510, 0.008741898385816737616, 0.4514999999999996239 ) ) ;
#2442 = AXIS2_PLACEMENT_3D ( 'NONE', #2068, #1021, #1862 ) ;
#2443 = AXIS2_PLACEMENT_3D ( 'NONE', #2505, #2331, #2695 ) ;
#2444 = CARTESIAN_POINT ( 'NONE',  ( 0.2622220151101278818, 0.008741898385816737616, 0.4499999999999999001 ) ) ;
#2445 = VERTEX_POINT ( 'NONE', #2639 ) ;
#2446 = AXIS2_PLACEMENT_3D ( 'NONE', #1608, #332, #1587 ) ;
#2447 = EDGE_CURVE ( 'NONE', #80, #269, #757, .T. ) ;
#2448 = UNCERTAINTY_MEASURE_WITH_UNIT (LENGTH_MEASURE( 1.000000000000000082E-05 ), #2489, 'distance_accuracy_value', 'NONE');
#2449 = DIRECTION ( 'NONE',  ( 9.620821797635464851E-16, 2.743416180782791127E-16, 1.000000000000000000 ) ) ;
#2450 =( NAMED_UNIT ( * ) SI_UNIT ( $, .STERADIAN. ) SOLID_ANGLE_UNIT ( ) );
#2451 = DIRECTION ( 'NONE',  ( 9.620821797635464851E-16, 2.743416180782791127E-16, 1.000000000000000000 ) ) ;
#2452 = CARTESIAN_POINT ( 'NONE',  ( 0.1108627356977698319, 0.002589844908668093026, 0.4499999999999999001 ) ) ;
#2453 = CLOSED_SHELL ( 'NONE', ( #1693, #1710, #2293, #597, #1989, #1116, #325, #1728, #308, #795, #2354, #2465, #1571, #1197, #1202, #1108, #895, #349, #1114, #1286, #836, #1064 ) ) ;
#2454 = CARTESIAN_POINT ( 'NONE',  ( -0.5399999999999988143, 0.3582914139223982719, 0.2600000000000032840 ) ) ;
#2455 = VERTEX_POINT ( 'NONE', #2517 ) ;
#2456 = FACE_OUTER_BOUND ( 'NONE', #1041, .T. ) ;
#2457 = CARTESIAN_POINT ( 'NONE',  ( 0.2733574389361115298, 0.02344379688845599219, 0.4514999999999996239 ) ) ;
#2458 = ORIENTED_EDGE ( 'NONE', *, *, #1369, .T. ) ;
#2459 = LINE ( 'NONE', #358, #1736 ) ;
#2460 = CARTESIAN_POINT ( 'NONE',  ( -90.83743108411781009, 3.950871872032830190, 45.07001138571146015 ) ) ;
#2461 = EDGE_CURVE ( 'NONE', #1377, #84, #637, .T. ) ;
#2462 = CARTESIAN_POINT ( 'NONE',  ( -0.02916512199241383385, 0.05184322608207947436, 0.4499999999999999001 ) ) ;
#2463 = CARTESIAN_POINT ( 'NONE',  ( -0.05732527507900255642, 0.01084447640902621093, 0.4514999999999996794 ) ) ;
#2464 = PRODUCT_RELATED_PRODUCT_CATEGORY ( 'part', '', ( #899 ) ) ;
#2465 = ADVANCED_FACE ( 'NONE', ( #1486 ), #2285, .F. ) ;
#2466 = VERTEX_POINT ( 'NONE', #666 ) ;
#2467 = ORIENTED_EDGE ( 'NONE', *, *, #2469, .F. ) ;
#2468 = CARTESIAN_POINT ( 'NONE',  ( 0.09343594133574828486, -0.8760000000000017772, 0.4499999999999999001 ) ) ;
#2469 = EDGE_CURVE ( 'NONE', #421, #80, #2299, .T. ) ;
#2470 = PLANE ( 'NONE',  #2478 ) ;
#2471 = CARTESIAN_POINT ( 'NONE',  ( 0.3166618649260155571, -0.05864222277228436919, 0.4499999999999999001 ) ) ;
#2472 = VERTEX_POINT ( 'NONE', #449 ) ;
#2473 = DIRECTION ( 'NONE',  ( 0.6927072756914628426, -0.7212188504220558016, 4.685809793219663948E-16 ) ) ;
#2474 = PRODUCT_CONTEXT ( 'NONE', #577, 'mechanical' ) ;
#2475 = SURFACE_STYLE_USAGE ( .BOTH. , #2503 ) ;
#2476 = ORIENTED_EDGE ( 'NONE', *, *, #110, .F. ) ;
#2477 = DIRECTION ( 'NONE',  ( -1.000000000000000000, 6.661338147750935298E-16, -9.620821797635449073E-16 ) ) ;
#2478 = AXIS2_PLACEMENT_3D ( 'NONE', #531, #1363, #1831 ) ;
#2479 = AXIS2_PLACEMENT_3D ( 'NONE', #2231, #539, #129 ) ;
#2480 = PRESENTATION_STYLE_ASSIGNMENT (( #1841 ) ) ;
#2481 = ORIENTED_EDGE ( 'NONE', *, *, #145, .F. ) ;
#2482 = FACE_OUTER_BOUND ( 'NONE', #996, .T. ) ;
#2483 = DIRECTION ( 'NONE',  ( 1.000000000000000000, -6.661338147750941215E-16, -9.620821797635462879E-16 ) ) ;
#2484 = DIRECTION ( 'NONE',  ( 7.818865939066837429E-16, 1.000000000000000000, 2.743416180782800002E-16 ) ) ;
#2485 = AXIS2_PLACEMENT_3D ( 'NONE', #196, #1881, #635 ) ;
#2486 = ORIENTED_EDGE ( 'NONE', *, *, #1003, .T. ) ;
#2487 = CARTESIAN_POINT ( 'NONE',  ( 0.000000000000000000, 0.000000000000000000, 0.000000000000000000 ) ) ;
#2488 = AXIS2_PLACEMENT_3D ( 'NONE', #1292, #53, #256 ) ;
#2489 =( LENGTH_UNIT ( ) NAMED_UNIT ( * ) SI_UNIT ( .MILLI., .METRE. ) );
#2490 = ORIENTED_EDGE ( 'NONE', *, *, #1765, .T. ) ;
#2491 = LINE ( 'NONE', #610, #563 ) ;
#2492 = CARTESIAN_POINT ( 'NONE',  ( -0.1881617656168538266, 0.07578415359782431082, 0.4514999999999996239 ) ) ;
#2493 = CARTESIAN_POINT ( 'NONE',  ( -0.5399999999999988143, 0.1700000000000000122, 0.2000000000000032307 ) ) ;
#2494 = AXIS2_PLACEMENT_3D ( 'NONE', #1141, #489, #1527 ) ;
#2495 = ORIENTED_EDGE ( 'NONE', *, *, #1967, .T. ) ;
#2496 =( LENGTH_UNIT ( ) NAMED_UNIT ( * ) SI_UNIT ( .MILLI., .METRE. ) );
#2497 = EDGE_CURVE ( 'NONE', #269, #2265, #2342, .T. ) ;
#2498 = VERTEX_POINT ( 'NONE', #2124 ) ;
#2499 = LINE ( 'NONE', #616, #545 ) ;
#2500 = ADVANCED_FACE ( 'NONE', ( #2549 ), #620, .F. ) ;
#2501 = ORIENTED_EDGE ( 'NONE', *, *, #2062, .T. ) ;
#2502 = DIRECTION ( 'NONE',  ( -9.620821797635447101E-16, 2.743416180782804439E-16, 1.000000000000000000 ) ) ;
#2503 = SURFACE_SIDE_STYLE ('',( #2066 ) ) ;
#2504 = ORIENTED_EDGE ( 'NONE', *, *, #1018, .T. ) ;
#2505 = CARTESIAN_POINT ( 'NONE',  ( 0.2757495501330281540, -0.004650642835245244466, 0.4514999999999996239 ) ) ;
#2506 = FACE_OUTER_BOUND ( 'NONE', #618, .T. ) ;
#2507 = PLANE ( 'NONE',  #1481 ) ;
#2508 = EDGE_LOOP ( 'NONE', ( #664, #2156, #2555, #47 ) ) ;
#2509 = PRESENTATION_STYLE_ASSIGNMENT (( #1038 ) ) ;
#2510 = ORIENTED_EDGE ( 'NONE', *, *, #2664, .T. ) ;
#2511 = PLANE ( 'NONE',  #1686 ) ;
#2512 = ORIENTED_EDGE ( 'NONE', *, *, #1330, .F. ) ;
#2513 = FACE_OUTER_BOUND ( 'NONE', #2056, .T. ) ;
#2514 = SURFACE_STYLE_FILL_AREA ( #2296 ) ;
#2515 = ORIENTED_EDGE ( 'NONE', *, *, #2014, .F. ) ;
#2516 = CARTESIAN_POINT ( 'NONE',  ( 0.1000000000000008937, 6.123233995736820270E-18, 0.000000000000000000 ) ) ;
#2517 = CARTESIAN_POINT ( 'NONE',  ( 0.7400000000000045430, 0.1900000000000000577, 0.4100000000000006417 ) ) ;
#2518 = DIRECTION ( 'NONE',  ( 0.6335469652300284027, 0.7737042347356134497, 8.217835169624698555E-16 ) ) ;
#2519 = AXIS2_PLACEMENT_3D ( 'NONE', #1404, #789, #2003 ) ;
#2520 = ORIENTED_EDGE ( 'NONE', *, *, #126, .T. ) ;
#2521 = CARTESIAN_POINT ( 'NONE',  ( 0.04700299041171529524, -0.05973561724571807563, 0.4514999999999996239 ) ) ;
#2522 = VECTOR ( 'NONE', #1518, 1000.000000000000000 ) ;
#2523 = VECTOR ( 'NONE', #548, 1000.000000000000227 ) ;
#2524 = ORIENTED_EDGE ( 'NONE', *, *, #380, .T. ) ;
#2525 = DIRECTION ( 'NONE',  ( -6.661338147750936284E-16, 1.000000000000000000, 2.743416180782785704E-16 ) ) ;
#2526 = VECTOR ( 'NONE', #1049, 1000.000000000000000 ) ;
#2527 = DIRECTION ( 'NONE',  ( 0.7951744237893020317, 0.6063807679596638911, 9.313786239850367791E-16 ) ) ;
#2528 = ORIENTED_EDGE ( 'NONE', *, *, #894, .T. ) ;
#2529 = PRODUCT_DEFINITION_CONTEXT ( 'detailed design', #155, 'design' ) ;
#2530 = DIRECTION ( 'NONE',  ( -0.000000000000000000, -1.000000000000000000, -0.000000000000000000 ) ) ;
#2531 = VECTOR ( 'NONE', #170, 1000.000000000000000 ) ;
#2532 = ORIENTED_EDGE ( 'NONE', *, *, #2208, .T. ) ;
#2533 = CARTESIAN_POINT ( 'NONE',  ( 0.02690158377756379782, 0.01926097453439079565, 0.4514999999999996239 ) ) ;
#2534 = CARTESIAN_POINT ( 'NONE',  ( -0.04690934708873051306, 0.07100698918611342281, 0.4514999999999996239 ) ) ;
#2535 = ADVANCED_FACE ( 'NONE', ( #224 ), #1452, .F. ) ;
#2536 = EDGE_LOOP ( 'NONE', ( #1933, #1555 ) ) ;
#2537 = DIRECTION ( 'NONE',  ( 9.620821797635464851E-16, 2.743416180782791127E-16, 1.000000000000000000 ) ) ;
#2538 = PRODUCT_DEFINITION_SHAPE ( 'NONE', 'NONE',  #2706 ) ;
#2539 = DIRECTION ( 'NONE',  ( 1.000000000000000000, -6.661338147750941215E-16, -9.620821797635462879E-16 ) ) ;
#2540 = ORIENTED_EDGE ( 'NONE', *, *, #1697, .F. ) ;
#2541 = CARTESIAN_POINT ( 'NONE',  ( 0.09343594133574828486, 0.07730289965655889883, 0.4514999999999996239 ) ) ;
#2542 = VECTOR ( 'NONE', #806, 1000.000000000000000 ) ;
#2543 = EDGE_LOOP ( 'NONE', ( #2567, #1866, #758, #60 ) ) ;
#2544 = EDGE_CURVE ( 'NONE', #307, #1913, #845, .T. ) ;
#2545 = APPLICATION_CONTEXT ( 'automotive_design' ) ;
#2546 =( NAMED_UNIT ( * ) PLANE_ANGLE_UNIT ( ) SI_UNIT ( $, .RADIAN. ) );
#2547 = LINE ( 'NONE', #448, #773 ) ;
#2548 = EDGE_CURVE ( 'NONE', #408, #216, #1498, .T. ) ;
#2549 = FACE_OUTER_BOUND ( 'NONE', #2387, .T. ) ;
#2550 =( NAMED_UNIT ( * ) SI_UNIT ( $, .STERADIAN. ) SOLID_ANGLE_UNIT ( ) );
#2551 = VERTEX_POINT ( 'NONE', #1246 ) ;
#2552 = ADVANCED_FACE ( 'NONE', ( #1057 ), #820, .F. ) ;
#2553 = SURFACE_SIDE_STYLE ('',( #1719 ) ) ;
#2554 = PLANE ( 'NONE',  #2407 ) ;
#2555 = ORIENTED_EDGE ( 'NONE', *, *, #2102, .T. ) ;
#2556 = LINE ( 'NONE', #1352, #685 ) ;
#2557 = ORIENTED_EDGE ( 'NONE', *, *, #729, .F. ) ;
#2558 = DIRECTION ( 'NONE',  ( 0.000000000000000000, -1.000000000000000000, 0.000000000000000000 ) ) ;
#2559 = DIRECTION ( 'NONE',  ( -9.620821797635464851E-16, -2.743416180782791127E-16, -1.000000000000000000 ) ) ;
#2560 = CONTEXT_DEPENDENT_SHAPE_REPRESENTATION ( #728, #43 ) ;
#2561 = EDGE_CURVE ( 'NONE', #2406, #766, #1442, .T. ) ;
#2562 = LINE ( 'NONE', #1487, #339 ) ;
#2563 = CARTESIAN_POINT ( 'NONE',  ( 0.000000000000000000, 0.002589844908668093026, 0.4514999999999996239 ) ) ;
#2564 = ORIENTED_EDGE ( 'NONE', *, *, #1288, .T. ) ;
#2565 =( GEOMETRIC_REPRESENTATION_CONTEXT ( 3 ) GLOBAL_UNCERTAINTY_ASSIGNED_CONTEXT ( ( #2663 ) ) GLOBAL_UNIT_ASSIGNED_CONTEXT ( ( #629, #427, #937 ) ) REPRESENTATION_CONTEXT ( 'NONE', 'WORKASPACE' ) );
#2566 =( LENGTH_UNIT ( ) NAMED_UNIT ( * ) SI_UNIT ( .MILLI., .METRE. ) );
#2567 = ORIENTED_EDGE ( 'NONE', *, *, #1033, .F. ) ;
#2568 = COLOUR_RGB ( '',0.2980392156862745057, 0.2980392156862745057, 0.2980392156862745057 ) ;
#2569 = CARTESIAN_POINT ( 'NONE',  ( -0.01423715191750662967, 0.07730289965655889883, 0.4514999999999996239 ) ) ;
#2570 = ORIENTED_EDGE ( 'NONE', *, *, #236, .F. ) ;
#2571 = LINE ( 'NONE', #2419, #680 ) ;
#2572 = LINE ( 'NONE', #1123, #78 ) ;
#2573 = ORIENTED_EDGE ( 'NONE', *, *, #118, .F. ) ;
#2574 = DIRECTION ( 'NONE',  ( -9.620821797635464851E-16, -2.743416180782791127E-16, -1.000000000000000000 ) ) ;
#2575 = VECTOR ( 'NONE', #2125, 1000.000000000000000 ) ;
#2576 = DIRECTION ( 'NONE',  ( 6.661338147750942201E-16, -1.000000000000000000, 2.743416180782784718E-16 ) ) ;
#2577 = ORIENTED_EDGE ( 'NONE', *, *, #2347, .F. ) ;
#2578 = EDGE_CURVE ( 'NONE', #1126, #2421, #1927, .T. ) ;
#2579 = CARTESIAN_POINT ( 'NONE',  ( 0.5349999999999938138, -0.8599999999999996536, 0.4499999999999999001 ) ) ;
#2580 = EDGE_LOOP ( 'NONE', ( #58, #2577, #2689, #12 ) ) ;
#2581 = PRODUCT_DEFINITION_SHAPE ( 'NONE', 'NONE',  #2302 ) ;
#2582 = EDGE_CURVE ( 'NONE', #1785, #1798, #822, .T. ) ;
#2583 = EDGE_CURVE ( 'NONE', #2044, #1146, #1652, .T. ) ;
#2584 = LINE ( 'NONE', #704, #2055 ) ;
#2585 = ORIENTED_EDGE ( 'NONE', *, *, #2658, .T. ) ;
#2586 = CARTESIAN_POINT ( 'NONE',  ( 0.000000000000000000, 0.000000000000000000, 0.000000000000000000 ) ) ;
#2587 = VERTEX_POINT ( 'NONE', #1468 ) ;
#2588 = CARTESIAN_POINT ( 'NONE',  ( -0.7400000000000045430, -0.1900000000000000577, -0.4100000000000006417 ) ) ;
#2589 = ORIENTED_EDGE ( 'NONE', *, *, #804, .F. ) ;
#2590 = EDGE_CURVE ( 'NONE', #841, #1025, #1664, .T. ) ;
#2591 =( NAMED_UNIT ( * ) PLANE_ANGLE_UNIT ( ) SI_UNIT ( $, .RADIAN. ) );
#2592 = EDGE_CURVE ( 'NONE', #2211, #2281, #1074, .T. ) ;
#2593 = LINE ( 'NONE', #2190, #334 ) ;
#2594 = PLANE ( 'NONE',  #434 ) ;
#2595 = ORIENTED_EDGE ( 'NONE', *, *, #2461, .T. ) ;
#2596 = SURFACE_STYLE_FILL_AREA ( #1979 ) ;
#2597 = DIRECTION ( 'NONE',  ( 9.620821797635464851E-16, 2.743416180782791127E-16, 1.000000000000000000 ) ) ;
#2598 = FILL_AREA_STYLE_COLOUR ( '', #2018 ) ;
#2599 = ORIENTED_EDGE ( 'NONE', *, *, #2110, .F. ) ;
#2600 = DIRECTION ( 'NONE',  ( 0.000000000000000000, 0.000000000000000000, 1.000000000000000000 ) ) ;
#2601 = ORIENTED_EDGE ( 'NONE', *, *, #2014, .T. ) ;
#2602 = APPLICATION_CONTEXT ( 'automotive_design' ) ;
#2603 = VECTOR ( 'NONE', #816, 1000.000000000000000 ) ;
#2604 = FILL_AREA_STYLE ('',( #1789 ) ) ;
#2605 = LINE ( 'NONE', #2210, #1836 ) ;
#2606 = EDGE_LOOP ( 'NONE', ( #2396, #2595 ) ) ;
#2607 = AXIS2_PLACEMENT_3D ( 'NONE', #1795, #1808, #558 ) ;
#2608 = VECTOR ( 'NONE', #143, 1000.000000000000000 ) ;
#2609 = FACE_OUTER_BOUND ( 'NONE', #1517, .T. ) ;
#2610 = ADVANCED_FACE ( 'NONE', ( #832, #2506 ), #1045, .F. ) ;
#2611 = CARTESIAN_POINT ( 'NONE',  ( 0.09343594133574828486, -0.05741255515549076316, 0.4499999999999999001 ) ) ;
#2612 = AXIS2_PLACEMENT_3D ( 'NONE', #1725, #486, #2379 ) ;
#2613 = PRESENTATION_STYLE_ASSIGNMENT (( #1320 ) ) ;
#2614 = CARTESIAN_POINT ( 'NONE',  ( 0.2218045508528831977, 0.06117286023095414027, 0.4514999999999996239 ) ) ;
#2615 = EDGE_CURVE ( 'NONE', #1153, #288, #2357, .T. ) ;
#2616 = EDGE_LOOP ( 'NONE', ( #561, #19, #589, #1723 ) ) ;
#2617 = VECTOR ( 'NONE', #1355, 1000.000000000000000 ) ;
#2618 = LINE ( 'NONE', #543, #503 ) ;
#2619 = VERTEX_POINT ( 'NONE', #712 ) ;
#2620 = STYLED_ITEM ( 'NONE', ( #182 ), #632 ) ;
#2621 = VERTEX_POINT ( 'NONE', #890 ) ;
#2622 =( NAMED_UNIT ( * ) PLANE_ANGLE_UNIT ( ) SI_UNIT ( $, .RADIAN. ) );
#2623 = CLOSED_SHELL ( 'NONE', ( #1211, #850, #633, #33, #1492, #1578 ) ) ;
#2624 = EDGE_CURVE ( 'NONE', #670, #672, #1343, .T. ) ;
#2625 = LINE ( 'NONE', #2649, #2093 ) ;
#2626 = DIRECTION ( 'NONE',  ( -1.000000000000000000, 6.661338147750935298E-16, -9.620821797635449073E-16 ) ) ;
#2627 = CARTESIAN_POINT ( 'NONE',  ( -0.5399999999999988143, 0.3582914139223982719, 0.2005000000000033145 ) ) ;
#2628 = DIRECTION ( 'NONE',  ( -1.000000000000000000, 6.661338147750935298E-16, -9.620821797635449073E-16 ) ) ;
#2629 = VERTEX_POINT ( 'NONE', #1523 ) ;
#2630 = EDGE_CURVE ( 'NONE', #752, #2551, #472, .T. ) ;
#2631 = DIRECTION ( 'NONE',  ( -1.000000000000000000, 6.449951641325145231E-16, 0.000000000000000000 ) ) ;
#2632 = ORIENTED_EDGE ( 'NONE', *, *, #2418, .T. ) ;
#2633 = EDGE_CURVE ( 'NONE', #395, #2406, #1940, .T. ) ;
#2634 = LINE ( 'NONE', #751, #1107 ) ;
#2635 = EDGE_LOOP ( 'NONE', ( #2113, #1674, #1235, #2501, #2195, #2108, #1017, #1802, #2011, #352, #2490 ) ) ;
#2636 = FACE_OUTER_BOUND ( 'NONE', #624, .T. ) ;
#2637 = FACE_OUTER_BOUND ( 'NONE', #1816, .T. ) ;
#2638 = CARTESIAN_POINT ( 'NONE',  ( 0.04135265277807609330, 0.002589844908668093026, 0.4499999999999999001 ) ) ;
#2639 = CARTESIAN_POINT ( 'NONE',  ( 0.02690158377756379782, 0.01926097453439079565, 0.4514999999999996239 ) ) ;
#2640 = ORIENTED_EDGE ( 'NONE', *, *, #2171, .F. ) ;
#2641 = EDGE_LOOP ( 'NONE', ( #2601, #1666, #1535, #532 ) ) ;
#2642 = LINE ( 'NONE', #1812, #1548 ) ;
#2643 = CARTESIAN_POINT ( 'NONE',  ( -0.05732527507900255642, 0.01084447640902621093, 0.4514999999999995683 ) ) ;
#2644 = LINE ( 'NONE', #963, #154 ) ;
#2645 = ORIENTED_EDGE ( 'NONE', *, *, #453, .T. ) ;
#2646 = AXIS2_PLACEMENT_3D ( 'NONE', #2541, #2325, #203 ) ;
#2647 = DIRECTION ( 'NONE',  ( -1.000000000000000000, 6.661338147750935298E-16, -9.620821797635449073E-16 ) ) ;
#2648 = LINE ( 'NONE', #1187, #994 ) ;
#2649 = CARTESIAN_POINT ( 'NONE',  ( 0.000000000000000000, 0.01926097453439079565, 0.4514999999999996239 ) ) ;
#2650 = FACE_OUTER_BOUND ( 'NONE', #1570, .T. ) ;
#2651 = DIRECTION ( 'NONE',  ( -0.6794080314983069746, 0.7337606740181673581, -4.523452693003977278E-16 ) ) ;
#2652 = CARTESIAN_POINT ( 'NONE',  ( -0.2495701759377133566, -0.05973561724571807563, 0.4514999999999996239 ) ) ;
#2653 = ORIENTED_EDGE ( 'NONE', *, *, #200, .T. ) ;
#2654 = CARTESIAN_POINT ( 'NONE',  ( -0.5399999999999988143, 0.1900000000000000577, 0.2600000000000032840 ) ) ;
#2655 = CARTESIAN_POINT ( 'NONE',  ( -0.04690934708873051306, -0.05973561724571807563, 0.4514999999999996239 ) ) ;
#2656 =( GEOMETRIC_REPRESENTATION_CONTEXT ( 3 ) GLOBAL_UNCERTAINTY_ASSIGNED_CONTEXT ( ( #1937 ) ) GLOBAL_UNIT_ASSIGNED_CONTEXT ( ( #2241, #1622, #2251 ) ) REPRESENTATION_CONTEXT ( 'NONE', 'WORKASPACE' ) );
#2657 = VECTOR ( 'NONE', #1691, 1000.000000000000000 ) ;
#2658 = EDGE_CURVE ( 'NONE', #720, #1048, #2572, .T. ) ;
#2659 = CARTESIAN_POINT ( 'NONE',  ( -0.2495701759377133566, 0.06019826265344502270, 0.4514999999999996239 ) ) ;
#2660 = ORIENTED_EDGE ( 'NONE', *, *, #953, .F. ) ;
#2661 = AXIS2_PLACEMENT_3D ( 'NONE', #2271, #390, #1673 ) ;
#2662 = ADVANCED_FACE ( 'NONE', ( #2609 ), #52, .F. ) ;
#2663 = UNCERTAINTY_MEASURE_WITH_UNIT (LENGTH_MEASURE( 1.000000000000000082E-05 ), #629, 'distance_accuracy_value', 'NONE');
#2664 = EDGE_CURVE ( 'NONE', #86, #1467, #2593, .T. ) ;
#2665 =( NAMED_UNIT ( * ) PLANE_ANGLE_UNIT ( ) SI_UNIT ( $, .RADIAN. ) );
#2666 = DIRECTION ( 'NONE',  ( 0.000000000000000000, -1.000000000000000000, 0.000000000000000000 ) ) ;
#2667 = MECHANICAL_DESIGN_GEOMETRIC_PRESENTATION_REPRESENTATION (  '', ( #1889 ), #739 ) ;
#2668 = LINE ( 'NONE', #1623, #1701 ) ;
#2669 = EDGE_CURVE ( 'NONE', #2076, #1668, #1554, .T. ) ;
#2670 = LINE ( 'NONE', #1162, #1039 ) ;
#2671 = AXIS2_PLACEMENT_3D ( 'NONE', #2652, #1392, #774 ) ;
#2672 = ORIENTED_EDGE ( 'NONE', *, *, #1195, .T. ) ;
#2673 = CARTESIAN_POINT ( 'NONE',  ( -0.1289216853355285020, 0.01084447640902624910, 0.4499999999999999001 ) ) ;
#2674 = CARTESIAN_POINT ( 'NONE',  ( 0.2733574389361115298, 0.02344379688845599219, 0.4514999999999996239 ) ) ;
#2675 = CARTESIAN_POINT ( 'NONE',  ( 0.2733574389361115298, 0.02344379688845599219, 0.4499999999999999001 ) ) ;
#2676 = ORIENTED_EDGE ( 'NONE', *, *, #601, .F. ) ;
#2677 = EDGE_CURVE ( 'NONE', #482, #910, #509, .T. ) ;
#2678 = EDGE_CURVE ( 'NONE', #1890, #1250, #89, .T. ) ;
#2679 =( LENGTH_UNIT ( ) NAMED_UNIT ( * ) SI_UNIT ( .MILLI., .METRE. ) );
#2680 = DIRECTION ( 'NONE',  ( 0.9100038631975170267, 0.000000000000000000, -0.4145997696159456347 ) ) ;
#2681 = FACE_OUTER_BOUND ( 'NONE', #278, .T. ) ;
#2682 = ORIENTED_EDGE ( 'NONE', *, *, #1566, .F. ) ;
#2683 = DIRECTION ( 'NONE',  ( -9.620821797635464851E-16, -2.743416180782791127E-16, -1.000000000000000000 ) ) ;
#2684 = CARTESIAN_POINT ( 'NONE',  ( 0.08813733707392634731, -0.05876101966820895806, 0.4499999999999999001 ) ) ;
#2685 = VERTEX_POINT ( 'NONE', #1961 ) ;
#2686 = CARTESIAN_POINT ( 'NONE',  ( 0.3355584169474901124, -0.05864222277228436919, 0.4514999999999996239 ) ) ;
#2687 = FACE_OUTER_BOUND ( 'NONE', #2320, .T. ) ;
#2688 = DIRECTION ( 'NONE',  ( -1.000000000000000000, 6.661338147750935298E-16, -9.620821797635449073E-16 ) ) ;
#2689 = ORIENTED_EDGE ( 'NONE', *, *, #2292, .T. ) ;
#2690 = FACE_OUTER_BOUND ( 'NONE', #2152, .T. ) ;
#2691 = AXIS2_PLACEMENT_3D ( 'NONE', #2355, #412, #51 ) ;
#2692 = CYLINDRICAL_SURFACE ( 'NONE', #428, 0.07159641025652596635 ) ;
#2693 = AXIS2_PLACEMENT_3D ( 'NONE', #2460, #1370, #1818 ) ;
#2694 = VERTEX_POINT ( 'NONE', #2394 ) ;
#2695 = DIRECTION ( 'NONE',  ( -0.6335469652300284027, -0.7737042347356134497, -8.217835169624697569E-16 ) ) ;
#2696 = CARTESIAN_POINT ( 'NONE',  ( -0.7400000000000045430, 0.1700000000000000122, 0.4100000000000006417 ) ) ;
#2697 = VECTOR ( 'NONE', #1410, 1000.000000000000000 ) ;
#2698 = PLANE ( 'NONE',  #2671 ) ;
#2699 = VERTEX_POINT ( 'NONE', #702 ) ;
#2700 = DIRECTION ( 'NONE',  ( -9.620821797635464851E-16, -2.743416180782791127E-16, -1.000000000000000000 ) ) ;
#2701 = ORIENTED_EDGE ( 'NONE', *, *, #1560, .F. ) ;
#2702 = DIRECTION ( 'NONE',  ( -1.000000000000000000, 6.449951641325145231E-16, 0.000000000000000000 ) ) ;
#2703 = AXIS2_PLACEMENT_3D ( 'NONE', #1221, #240, #1676 ) ;
#2704 = CARTESIAN_POINT ( 'NONE',  ( 0.3355584169474901124, -0.05864222277228436919, 0.4514999999999996239 ) ) ;
#2705 = NEXT_ASSEMBLY_USAGE_OCCURRENCE ( 'NAUO1', ' ', ' ', #232, #2302, $ ) ;
#2706 = NEXT_ASSEMBLY_USAGE_OCCURRENCE ( 'NAUO2', ' ', ' ', #232, #1524, $ ) ;
#2707 = NEXT_ASSEMBLY_USAGE_OCCURRENCE ( 'NAUO3', ' ', ' ', #232, #1524, $ ) ;
#2708 = NEXT_ASSEMBLY_USAGE_OCCURRENCE ( 'NAUO4', ' ', ' ', #232, #1524, $ ) ;
#2709 = NEXT_ASSEMBLY_USAGE_OCCURRENCE ( 'NAUO5', ' ', ' ', #232, #1524, $ ) ;
#2710 = NEXT_ASSEMBLY_USAGE_OCCURRENCE ( 'NAUO6', ' ', ' ', #232, #1985, $ ) ;
ENDSEC;
END-ISO-10303-21;
